ISO-10303-21;
HEADER;
/* Generated by software containing ST-Developer
 * from STEP Tools, Inc. (www.steptools.com) 
 */

FILE_DESCRIPTION(
/* description */ (''),
/* implementation_level */ '2;1');

FILE_NAME(
/* name */ 'LED_Reflector.step',
/* time_stamp */ '2026-10-02T20:30:09-03:00',
/* author */ (''),
/* organization */ (''),
/* preprocessor_version */ 'ST-DEVELOPER v20.2',
/* originating_system */ 'Autodesk Translation Framework v15.15.0.0',
/* authorisation */ '');

FILE_SCHEMA (('AUTOMOTIVE_DESIGN { 1 0 10303 214 3 1 1 }'));
ENDSEC;

DATA;
#10=MECHANICAL_DESIGN_GEOMETRIC_PRESENTATION_REPRESENTATION('',(#13,#14),
#2702);
#11=SHAPE_REPRESENTATION_RELATIONSHIP('SRR','None',#2709,#12);
#12=ADVANCED_BREP_SHAPE_REPRESENTATION('',(#15,#16),#2701);
#13=STYLED_ITEM('',(#2719),#15);
#14=STYLED_ITEM('',(#2719),#16);
#15=MANIFOLD_SOLID_BREP('Body1',#1632);
#16=MANIFOLD_SOLID_BREP('Sync_Button',#1633);
#17=CONICAL_SURFACE('',#1735,2.875,0.785398163397445);
#18=CONICAL_SURFACE('',#1774,2.25,0.785398163397446);
#19=(
BOUNDED_CURVE()
B_SPLINE_CURVE(2,(#2597,#2598,#2599),.UNSPECIFIED.,.F.,.F.)
B_SPLINE_CURVE_WITH_KNOTS((3,3),(0.,0.105591665526916),.UNSPECIFIED.)
CURVE()
GEOMETRIC_REPRESENTATION_ITEM()
RATIONAL_B_SPLINE_CURVE((1.,1.01330780851668,1.))
REPRESENTATION_ITEM('')
);
#20=(
BOUNDED_CURVE()
B_SPLINE_CURVE(2,(#2621,#2622,#2623),.UNSPECIFIED.,.F.,.F.)
B_SPLINE_CURVE_WITH_KNOTS((3,3),(0.,0.105592534328015),.UNSPECIFIED.)
CURVE()
GEOMETRIC_REPRESENTATION_ITEM()
RATIONAL_B_SPLINE_CURVE((1.,1.01330809493862,1.))
REPRESENTATION_ITEM('')
);
#21=CYLINDRICAL_SURFACE('',#1707,4.);
#22=CYLINDRICAL_SURFACE('',#1712,3.);
#23=CYLINDRICAL_SURFACE('',#1714,5.5);
#24=CYLINDRICAL_SURFACE('',#1721,3.);
#25=CYLINDRICAL_SURFACE('',#1722,5.5);
#26=CYLINDRICAL_SURFACE('',#1737,3.125);
#27=CYLINDRICAL_SURFACE('',#1748,14.);
#28=CYLINDRICAL_SURFACE('',#1750,14.);
#29=CYLINDRICAL_SURFACE('',#1752,14.);
#30=CYLINDRICAL_SURFACE('',#1754,14.);
#31=CYLINDRICAL_SURFACE('',#1756,10.5);
#32=CYLINDRICAL_SURFACE('',#1776,2.);
#33=FACE_BOUND('',#183,.T.);
#34=FACE_BOUND('',#200,.T.);
#35=FACE_BOUND('',#240,.T.);
#36=CIRCLE('',#1682,14.);
#37=CIRCLE('',#1683,14.);
#38=CIRCLE('',#1684,14.);
#39=CIRCLE('',#1685,14.);
#40=CIRCLE('',#1686,10.5);
#41=CIRCLE('',#1687,10.5);
#42=CIRCLE('',#1688,10.5);
#43=CIRCLE('',#1689,10.5);
#44=CIRCLE('',#1698,4.);
#45=CIRCLE('',#1699,3.);
#46=CIRCLE('',#1700,5.5);
#47=CIRCLE('',#1701,5.5);
#48=CIRCLE('',#1702,3.);
#49=CIRCLE('',#1703,4.);
#50=CIRCLE('',#1708,4.);
#51=CIRCLE('',#1709,4.);
#52=CIRCLE('',#1713,3.);
#53=CIRCLE('',#1715,5.5);
#54=CIRCLE('',#1718,5.5);
#55=CIRCLE('',#1719,3.);
#56=CIRCLE('',#1720,3.125);
#57=CIRCLE('',#1734,2.625);
#58=CIRCLE('',#1736,3.125);
#59=CIRCLE('',#1749,14.);
#60=CIRCLE('',#1751,14.);
#61=CIRCLE('',#1753,14.);
#62=CIRCLE('',#1755,14.);
#63=CIRCLE('',#1757,10.5);
#64=CIRCLE('',#1758,10.5);
#65=CIRCLE('',#1759,10.5);
#66=CIRCLE('',#1760,10.5);
#67=CIRCLE('',#1771,2.);
#68=CIRCLE('',#1773,2.5);
#69=CIRCLE('',#1775,2.);
#70=FACE_OUTER_BOUND('',#156,.T.);
#71=FACE_OUTER_BOUND('',#157,.T.);
#72=FACE_OUTER_BOUND('',#158,.T.);
#73=FACE_OUTER_BOUND('',#159,.T.);
#74=FACE_OUTER_BOUND('',#160,.T.);
#75=FACE_OUTER_BOUND('',#161,.T.);
#76=FACE_OUTER_BOUND('',#162,.T.);
#77=FACE_OUTER_BOUND('',#163,.T.);
#78=FACE_OUTER_BOUND('',#164,.T.);
#79=FACE_OUTER_BOUND('',#165,.T.);
#80=FACE_OUTER_BOUND('',#166,.T.);
#81=FACE_OUTER_BOUND('',#167,.T.);
#82=FACE_OUTER_BOUND('',#168,.T.);
#83=FACE_OUTER_BOUND('',#169,.T.);
#84=FACE_OUTER_BOUND('',#170,.T.);
#85=FACE_OUTER_BOUND('',#171,.T.);
#86=FACE_OUTER_BOUND('',#172,.T.);
#87=FACE_OUTER_BOUND('',#173,.T.);
#88=FACE_OUTER_BOUND('',#174,.T.);
#89=FACE_OUTER_BOUND('',#175,.T.);
#90=FACE_OUTER_BOUND('',#176,.T.);
#91=FACE_OUTER_BOUND('',#177,.T.);
#92=FACE_OUTER_BOUND('',#178,.T.);
#93=FACE_OUTER_BOUND('',#179,.T.);
#94=FACE_OUTER_BOUND('',#180,.T.);
#95=FACE_OUTER_BOUND('',#181,.T.);
#96=FACE_OUTER_BOUND('',#182,.T.);
#97=FACE_OUTER_BOUND('',#184,.T.);
#98=FACE_OUTER_BOUND('',#185,.T.);
#99=FACE_OUTER_BOUND('',#186,.T.);
#100=FACE_OUTER_BOUND('',#187,.T.);
#101=FACE_OUTER_BOUND('',#188,.T.);
#102=FACE_OUTER_BOUND('',#189,.T.);
#103=FACE_OUTER_BOUND('',#190,.T.);
#104=FACE_OUTER_BOUND('',#191,.T.);
#105=FACE_OUTER_BOUND('',#192,.T.);
#106=FACE_OUTER_BOUND('',#193,.T.);
#107=FACE_OUTER_BOUND('',#194,.T.);
#108=FACE_OUTER_BOUND('',#195,.T.);
#109=FACE_OUTER_BOUND('',#196,.T.);
#110=FACE_OUTER_BOUND('',#197,.T.);
#111=FACE_OUTER_BOUND('',#198,.T.);
#112=FACE_OUTER_BOUND('',#199,.T.);
#113=FACE_OUTER_BOUND('',#201,.T.);
#114=FACE_OUTER_BOUND('',#202,.T.);
#115=FACE_OUTER_BOUND('',#203,.T.);
#116=FACE_OUTER_BOUND('',#204,.T.);
#117=FACE_OUTER_BOUND('',#205,.T.);
#118=FACE_OUTER_BOUND('',#206,.T.);
#119=FACE_OUTER_BOUND('',#207,.T.);
#120=FACE_OUTER_BOUND('',#208,.T.);
#121=FACE_OUTER_BOUND('',#209,.T.);
#122=FACE_OUTER_BOUND('',#210,.T.);
#123=FACE_OUTER_BOUND('',#211,.T.);
#124=FACE_OUTER_BOUND('',#212,.T.);
#125=FACE_OUTER_BOUND('',#213,.T.);
#126=FACE_OUTER_BOUND('',#214,.T.);
#127=FACE_OUTER_BOUND('',#215,.T.);
#128=FACE_OUTER_BOUND('',#216,.T.);
#129=FACE_OUTER_BOUND('',#217,.T.);
#130=FACE_OUTER_BOUND('',#218,.T.);
#131=FACE_OUTER_BOUND('',#219,.T.);
#132=FACE_OUTER_BOUND('',#220,.T.);
#133=FACE_OUTER_BOUND('',#221,.T.);
#134=FACE_OUTER_BOUND('',#222,.T.);
#135=FACE_OUTER_BOUND('',#223,.T.);
#136=FACE_OUTER_BOUND('',#224,.T.);
#137=FACE_OUTER_BOUND('',#225,.T.);
#138=FACE_OUTER_BOUND('',#226,.T.);
#139=FACE_OUTER_BOUND('',#227,.T.);
#140=FACE_OUTER_BOUND('',#228,.T.);
#141=FACE_OUTER_BOUND('',#229,.T.);
#142=FACE_OUTER_BOUND('',#230,.T.);
#143=FACE_OUTER_BOUND('',#231,.T.);
#144=FACE_OUTER_BOUND('',#232,.T.);
#145=FACE_OUTER_BOUND('',#233,.T.);
#146=FACE_OUTER_BOUND('',#234,.T.);
#147=FACE_OUTER_BOUND('',#235,.T.);
#148=FACE_OUTER_BOUND('',#236,.T.);
#149=FACE_OUTER_BOUND('',#237,.T.);
#150=FACE_OUTER_BOUND('',#238,.T.);
#151=FACE_OUTER_BOUND('',#239,.T.);
#152=FACE_OUTER_BOUND('',#241,.T.);
#153=FACE_OUTER_BOUND('',#242,.T.);
#154=FACE_OUTER_BOUND('',#243,.T.);
#155=FACE_OUTER_BOUND('',#244,.T.);
#156=EDGE_LOOP('',(#1010,#1011,#1012,#1013));
#157=EDGE_LOOP('',(#1014,#1015,#1016,#1017));
#158=EDGE_LOOP('',(#1018,#1019,#1020,#1021));
#159=EDGE_LOOP('',(#1022,#1023,#1024,#1025));
#160=EDGE_LOOP('',(#1026,#1027,#1028,#1029));
#161=EDGE_LOOP('',(#1030,#1031,#1032,#1033));
#162=EDGE_LOOP('',(#1034,#1035,#1036,#1037));
#163=EDGE_LOOP('',(#1038,#1039,#1040,#1041));
#164=EDGE_LOOP('',(#1042,#1043,#1044,#1045));
#165=EDGE_LOOP('',(#1046,#1047,#1048,#1049));
#166=EDGE_LOOP('',(#1050,#1051,#1052,#1053));
#167=EDGE_LOOP('',(#1054,#1055,#1056,#1057));
#168=EDGE_LOOP('',(#1058,#1059,#1060,#1061));
#169=EDGE_LOOP('',(#1062,#1063,#1064,#1065));
#170=EDGE_LOOP('',(#1066,#1067,#1068,#1069));
#171=EDGE_LOOP('',(#1070,#1071,#1072,#1073));
#172=EDGE_LOOP('',(#1074,#1075,#1076,#1077));
#173=EDGE_LOOP('',(#1078,#1079,#1080,#1081));
#174=EDGE_LOOP('',(#1082,#1083,#1084,#1085));
#175=EDGE_LOOP('',(#1086,#1087,#1088,#1089));
#176=EDGE_LOOP('',(#1090,#1091,#1092,#1093));
#177=EDGE_LOOP('',(#1094,#1095,#1096,#1097));
#178=EDGE_LOOP('',(#1098,#1099,#1100,#1101));
#179=EDGE_LOOP('',(#1102,#1103,#1104,#1105));
#180=EDGE_LOOP('',(#1106,#1107,#1108,#1109));
#181=EDGE_LOOP('',(#1110,#1111,#1112,#1113,#1114));
#182=EDGE_LOOP('',(#1115,#1116,#1117,#1118,#1119,#1120,#1121,#1122,#1123,
#1124,#1125,#1126,#1127,#1128,#1129,#1130));
#183=EDGE_LOOP('',(#1131,#1132,#1133,#1134,#1135,#1136,#1137,#1138,#1139,
#1140,#1141,#1142,#1143,#1144,#1145,#1146,#1147,#1148));
#184=EDGE_LOOP('',(#1149,#1150,#1151,#1152));
#185=EDGE_LOOP('',(#1153,#1154,#1155,#1156,#1157));
#186=EDGE_LOOP('',(#1158,#1159,#1160,#1161));
#187=EDGE_LOOP('',(#1162,#1163,#1164,#1165));
#188=EDGE_LOOP('',(#1166,#1167,#1168,#1169,#1170));
#189=EDGE_LOOP('',(#1171,#1172,#1173,#1174));
#190=EDGE_LOOP('',(#1175,#1176,#1177,#1178,#1179,#1180,#1181,#1182,#1183,
#1184,#1185,#1186));
#191=EDGE_LOOP('',(#1187,#1188,#1189,#1190));
#192=EDGE_LOOP('',(#1191,#1192,#1193,#1194));
#193=EDGE_LOOP('',(#1195,#1196,#1197,#1198,#1199,#1200,#1201,#1202,#1203,
#1204));
#194=EDGE_LOOP('',(#1205,#1206,#1207,#1208));
#195=EDGE_LOOP('',(#1209,#1210,#1211,#1212));
#196=EDGE_LOOP('',(#1213,#1214,#1215,#1216));
#197=EDGE_LOOP('',(#1217,#1218,#1219,#1220));
#198=EDGE_LOOP('',(#1221,#1222,#1223,#1224));
#199=EDGE_LOOP('',(#1225,#1226,#1227,#1228,#1229,#1230,#1231,#1232));
#200=EDGE_LOOP('',(#1233,#1234,#1235,#1236,#1237,#1238,#1239,#1240,#1241,
#1242,#1243,#1244,#1245,#1246,#1247,#1248,#1249,#1250,#1251));
#201=EDGE_LOOP('',(#1252,#1253,#1254,#1255));
#202=EDGE_LOOP('',(#1256,#1257,#1258,#1259));
#203=EDGE_LOOP('',(#1260,#1261,#1262,#1263));
#204=EDGE_LOOP('',(#1264,#1265,#1266,#1267));
#205=EDGE_LOOP('',(#1268,#1269,#1270,#1271));
#206=EDGE_LOOP('',(#1272,#1273,#1274,#1275));
#207=EDGE_LOOP('',(#1276,#1277,#1278,#1279));
#208=EDGE_LOOP('',(#1280,#1281,#1282,#1283));
#209=EDGE_LOOP('',(#1284,#1285,#1286,#1287));
#210=EDGE_LOOP('',(#1288,#1289,#1290,#1291));
#211=EDGE_LOOP('',(#1292,#1293,#1294,#1295));
#212=EDGE_LOOP('',(#1296,#1297,#1298,#1299,#1300));
#213=EDGE_LOOP('',(#1301,#1302,#1303,#1304,#1305,#1306,#1307,#1308,#1309,
#1310,#1311,#1312,#1313,#1314,#1315,#1316,#1317,#1318,#1319));
#214=EDGE_LOOP('',(#1320,#1321,#1322,#1323));
#215=EDGE_LOOP('',(#1324,#1325,#1326,#1327));
#216=EDGE_LOOP('',(#1328,#1329,#1330,#1331,#1332));
#217=EDGE_LOOP('',(#1333,#1334,#1335,#1336));
#218=EDGE_LOOP('',(#1337,#1338,#1339,#1340));
#219=EDGE_LOOP('',(#1341,#1342,#1343,#1344));
#220=EDGE_LOOP('',(#1345,#1346,#1347,#1348));
#221=EDGE_LOOP('',(#1349,#1350,#1351,#1352));
#222=EDGE_LOOP('',(#1353,#1354,#1355,#1356));
#223=EDGE_LOOP('',(#1357,#1358,#1359,#1360));
#224=EDGE_LOOP('',(#1361,#1362,#1363,#1364,#1365));
#225=EDGE_LOOP('',(#1366,#1367,#1368,#1369));
#226=EDGE_LOOP('',(#1370,#1371,#1372,#1373,#1374,#1375));
#227=EDGE_LOOP('',(#1376,#1377,#1378,#1379,#1380,#1381));
#228=EDGE_LOOP('',(#1382,#1383,#1384,#1385,#1386,#1387));
#229=EDGE_LOOP('',(#1388,#1389,#1390,#1391,#1392,#1393));
#230=EDGE_LOOP('',(#1394,#1395,#1396,#1397,#1398,#1399,#1400,#1401,#1402,
#1403,#1404,#1405,#1406,#1407,#1408,#1409));
#231=EDGE_LOOP('',(#1410,#1411,#1412,#1413));
#232=EDGE_LOOP('',(#1414,#1415,#1416,#1417,#1418));
#233=EDGE_LOOP('',(#1419,#1420,#1421,#1422));
#234=EDGE_LOOP('',(#1423,#1424,#1425,#1426));
#235=EDGE_LOOP('',(#1427,#1428,#1429,#1430));
#236=EDGE_LOOP('',(#1431,#1432,#1433,#1434));
#237=EDGE_LOOP('',(#1435,#1436,#1437,#1438));
#238=EDGE_LOOP('',(#1439,#1440,#1441,#1442,#1443));
#239=EDGE_LOOP('',(#1444,#1445,#1446,#1447,#1448,#1449,#1450,#1451,#1452,
#1453,#1454,#1455,#1456,#1457,#1458,#1459));
#240=EDGE_LOOP('',(#1460,#1461,#1462,#1463));
#241=EDGE_LOOP('',(#1464));
#242=EDGE_LOOP('',(#1465));
#243=EDGE_LOOP('',(#1466,#1467,#1468,#1469));
#244=EDGE_LOOP('',(#1470,#1471,#1472,#1473));
#245=ELLIPSE('',#1648,19.7989945936721,14.);
#246=ELLIPSE('',#1651,19.7989945936721,14.);
#247=ELLIPSE('',#1657,19.7989945936721,14.);
#248=ELLIPSE('',#1659,19.7989945936721,14.);
#249=ELLIPSE('',#1665,19.7989945936721,14.);
#250=ELLIPSE('',#1667,19.7989945936721,14.);
#251=ELLIPSE('',#1672,19.7989945936721,14.);
#252=ELLIPSE('',#1675,19.7989945936721,14.);
#253=ELLIPSE('',#1696,5.6568542494924,4.);
#254=ELLIPSE('',#1705,5.6568542494924,4.);
#255=LINE('',#2229,#441);
#256=LINE('',#2233,#442);
#257=LINE('',#2234,#443);
#258=LINE('',#2237,#444);
#259=LINE('',#2239,#445);
#260=LINE('',#2240,#446);
#261=LINE('',#2243,#447);
#262=LINE('',#2246,#448);
#263=LINE('',#2249,#449);
#264=LINE('',#2251,#450);
#265=LINE('',#2252,#451);
#266=LINE('',#2255,#452);
#267=LINE('',#2256,#453);
#268=LINE('',#2259,#454);
#269=LINE('',#2260,#455);
#270=LINE('',#2264,#456);
#271=LINE('',#2266,#457);
#272=LINE('',#2268,#458);
#273=LINE('',#2269,#459);
#274=LINE('',#2272,#460);
#275=LINE('',#2275,#461);
#276=LINE('',#2278,#462);
#277=LINE('',#2281,#463);
#278=LINE('',#2284,#464);
#279=LINE('',#2286,#465);
#280=LINE('',#2287,#466);
#281=LINE('',#2290,#467);
#282=LINE('',#2291,#468);
#283=LINE('',#2294,#469);
#284=LINE('',#2295,#470);
#285=LINE('',#2299,#471);
#286=LINE('',#2301,#472);
#287=LINE('',#2303,#473);
#288=LINE('',#2304,#474);
#289=LINE('',#2307,#475);
#290=LINE('',#2310,#476);
#291=LINE('',#2313,#477);
#292=LINE('',#2316,#478);
#293=LINE('',#2319,#479);
#294=LINE('',#2321,#480);
#295=LINE('',#2322,#481);
#296=LINE('',#2325,#482);
#297=LINE('',#2326,#483);
#298=LINE('',#2329,#484);
#299=LINE('',#2330,#485);
#300=LINE('',#2334,#486);
#301=LINE('',#2338,#487);
#302=LINE('',#2339,#488);
#303=LINE('',#2342,#489);
#304=LINE('',#2344,#490);
#305=LINE('',#2345,#491);
#306=LINE('',#2348,#492);
#307=LINE('',#2351,#493);
#308=LINE('',#2354,#494);
#309=LINE('',#2356,#495);
#310=LINE('',#2357,#496);
#311=LINE('',#2360,#497);
#312=LINE('',#2361,#498);
#313=LINE('',#2364,#499);
#314=LINE('',#2365,#500);
#315=LINE('',#2369,#501);
#316=LINE('',#2371,#502);
#317=LINE('',#2373,#503);
#318=LINE('',#2374,#504);
#319=LINE('',#2377,#505);
#320=LINE('',#2379,#506);
#321=LINE('',#2381,#507);
#322=LINE('',#2382,#508);
#323=LINE('',#2389,#509);
#324=LINE('',#2393,#510);
#325=LINE('',#2395,#511);
#326=LINE('',#2397,#512);
#327=LINE('',#2399,#513);
#328=LINE('',#2401,#514);
#329=LINE('',#2405,#515);
#330=LINE('',#2407,#516);
#331=LINE('',#2409,#517);
#332=LINE('',#2413,#518);
#333=LINE('',#2415,#519);
#334=LINE('',#2417,#520);
#335=LINE('',#2421,#521);
#336=LINE('',#2423,#522);
#337=LINE('',#2424,#523);
#338=LINE('',#2427,#524);
#339=LINE('',#2429,#525);
#340=LINE('',#2430,#526);
#341=LINE('',#2433,#527);
#342=LINE('',#2435,#528);
#343=LINE('',#2436,#529);
#344=LINE('',#2439,#530);
#345=LINE('',#2441,#531);
#346=LINE('',#2442,#532);
#347=LINE('',#2445,#533);
#348=LINE('',#2446,#534);
#349=LINE('',#2449,#535);
#350=LINE('',#2451,#536);
#351=LINE('',#2455,#537);
#352=LINE('',#2457,#538);
#353=LINE('',#2461,#539);
#354=LINE('',#2467,#540);
#355=LINE('',#2473,#541);
#356=LINE('',#2476,#542);
#357=LINE('',#2481,#543);
#358=LINE('',#2484,#544);
#359=LINE('',#2486,#545);
#360=LINE('',#2489,#546);
#361=LINE('',#2492,#547);
#362=LINE('',#2493,#548);
#363=LINE('',#2496,#549);
#364=LINE('',#2497,#550);
#365=LINE('',#2500,#551);
#366=LINE('',#2504,#552);
#367=LINE('',#2508,#553);
#368=LINE('',#2509,#554);
#369=LINE('',#2518,#555);
#370=LINE('',#2520,#556);
#371=LINE('',#2522,#557);
#372=LINE('',#2524,#558);
#373=LINE('',#2526,#559);
#374=LINE('',#2528,#560);
#375=LINE('',#2530,#561);
#376=LINE('',#2532,#562);
#377=LINE('',#2534,#563);
#378=LINE('',#2536,#564);
#379=LINE('',#2538,#565);
#380=LINE('',#2540,#566);
#381=LINE('',#2542,#567);
#382=LINE('',#2544,#568);
#383=LINE('',#2546,#569);
#384=LINE('',#2548,#570);
#385=LINE('',#2550,#571);
#386=LINE('',#2551,#572);
#387=LINE('',#2553,#573);
#388=LINE('',#2557,#574);
#389=LINE('',#2559,#575);
#390=LINE('',#2560,#576);
#391=LINE('',#2563,#577);
#392=LINE('',#2564,#578);
#393=LINE('',#2567,#579);
#394=LINE('',#2568,#580);
#395=LINE('',#2571,#581);
#396=LINE('',#2572,#582);
#397=LINE('',#2575,#583);
#398=LINE('',#2576,#584);
#399=LINE('',#2579,#585);
#400=LINE('',#2580,#586);
#401=LINE('',#2583,#587);
#402=LINE('',#2584,#588);
#403=LINE('',#2587,#589);
#404=LINE('',#2588,#590);
#405=LINE('',#2591,#591);
#406=LINE('',#2592,#592);
#407=LINE('',#2595,#593);
#408=LINE('',#2600,#594);
#409=LINE('',#2605,#595);
#410=LINE('',#2607,#596);
#411=LINE('',#2609,#597);
#412=LINE('',#2611,#598);
#413=LINE('',#2613,#599);
#414=LINE('',#2615,#600);
#415=LINE('',#2617,#601);
#416=LINE('',#2618,#602);
#417=LINE('',#2626,#603);
#418=LINE('',#2628,#604);
#419=LINE('',#2630,#605);
#420=LINE('',#2632,#606);
#421=LINE('',#2634,#607);
#422=LINE('',#2636,#608);
#423=LINE('',#2638,#609);
#424=LINE('',#2640,#610);
#425=LINE('',#2644,#611);
#426=LINE('',#2646,#612);
#427=LINE('',#2647,#613);
#428=LINE('',#2649,#614);
#429=LINE('',#2662,#615);
#430=LINE('',#2664,#616);
#431=LINE('',#2668,#617);
#432=LINE('',#2670,#618);
#433=LINE('',#2672,#619);
#434=LINE('',#2675,#620);
#435=LINE('',#2676,#621);
#436=LINE('',#2681,#622);
#437=LINE('',#2682,#623);
#438=LINE('',#2684,#624);
#439=LINE('',#2695,#625);
#440=LINE('',#2698,#626);
#441=VECTOR('',#1781,10.);
#442=VECTOR('',#1784,10.);
#443=VECTOR('',#1785,10.);
#444=VECTOR('',#1788,10.);
#445=VECTOR('',#1789,10.);
#446=VECTOR('',#1790,10.);
#447=VECTOR('',#1793,10.);
#448=VECTOR('',#1796,10.);
#449=VECTOR('',#1799,10.);
#450=VECTOR('',#1800,10.);
#451=VECTOR('',#1801,10.);
#452=VECTOR('',#1804,10.);
#453=VECTOR('',#1805,10.);
#454=VECTOR('',#1808,10.);
#455=VECTOR('',#1809,10.);
#456=VECTOR('',#1812,10.);
#457=VECTOR('',#1813,10.);
#458=VECTOR('',#1814,10.);
#459=VECTOR('',#1815,10.);
#460=VECTOR('',#1818,10.);
#461=VECTOR('',#1821,10.);
#462=VECTOR('',#1824,10.);
#463=VECTOR('',#1827,10.);
#464=VECTOR('',#1830,10.);
#465=VECTOR('',#1831,10.);
#466=VECTOR('',#1832,10.);
#467=VECTOR('',#1835,10.);
#468=VECTOR('',#1836,10.);
#469=VECTOR('',#1839,10.);
#470=VECTOR('',#1840,10.);
#471=VECTOR('',#1843,10.);
#472=VECTOR('',#1844,10.);
#473=VECTOR('',#1845,10.);
#474=VECTOR('',#1846,10.);
#475=VECTOR('',#1849,10.);
#476=VECTOR('',#1852,10.);
#477=VECTOR('',#1855,10.);
#478=VECTOR('',#1858,10.);
#479=VECTOR('',#1861,10.);
#480=VECTOR('',#1862,10.);
#481=VECTOR('',#1863,10.);
#482=VECTOR('',#1866,10.);
#483=VECTOR('',#1867,10.);
#484=VECTOR('',#1870,10.);
#485=VECTOR('',#1871,10.);
#486=VECTOR('',#1874,10.);
#487=VECTOR('',#1877,10.);
#488=VECTOR('',#1878,10.);
#489=VECTOR('',#1881,10.);
#490=VECTOR('',#1882,10.);
#491=VECTOR('',#1883,10.);
#492=VECTOR('',#1886,10.);
#493=VECTOR('',#1889,10.);
#494=VECTOR('',#1892,10.);
#495=VECTOR('',#1893,10.);
#496=VECTOR('',#1894,10.);
#497=VECTOR('',#1897,10.);
#498=VECTOR('',#1898,10.);
#499=VECTOR('',#1901,10.);
#500=VECTOR('',#1902,10.);
#501=VECTOR('',#1905,10.);
#502=VECTOR('',#1906,10.);
#503=VECTOR('',#1907,10.);
#504=VECTOR('',#1908,10.);
#505=VECTOR('',#1911,10.);
#506=VECTOR('',#1912,10.);
#507=VECTOR('',#1913,10.);
#508=VECTOR('',#1914,10.);
#509=VECTOR('',#1925,10.);
#510=VECTOR('',#1928,10.);
#511=VECTOR('',#1929,10.);
#512=VECTOR('',#1930,10.);
#513=VECTOR('',#1931,10.);
#514=VECTOR('',#1932,10.);
#515=VECTOR('',#1935,10.);
#516=VECTOR('',#1936,10.);
#517=VECTOR('',#1937,10.);
#518=VECTOR('',#1940,10.);
#519=VECTOR('',#1941,10.);
#520=VECTOR('',#1942,10.);
#521=VECTOR('',#1947,10.);
#522=VECTOR('',#1948,10.);
#523=VECTOR('',#1949,10.);
#524=VECTOR('',#1952,10.);
#525=VECTOR('',#1953,10.);
#526=VECTOR('',#1954,10.);
#527=VECTOR('',#1957,10.);
#528=VECTOR('',#1958,10.);
#529=VECTOR('',#1959,10.);
#530=VECTOR('',#1962,10.);
#531=VECTOR('',#1963,10.);
#532=VECTOR('',#1964,10.);
#533=VECTOR('',#1967,10.);
#534=VECTOR('',#1968,10.);
#535=VECTOR('',#1971,10.);
#536=VECTOR('',#1972,10.);
#537=VECTOR('',#1977,10.);
#538=VECTOR('',#1978,10.);
#539=VECTOR('',#1981,10.);
#540=VECTOR('',#1986,10.);
#541=VECTOR('',#1991,10.);
#542=VECTOR('',#1996,10.);
#543=VECTOR('',#2003,10.);
#544=VECTOR('',#2006,10.);
#545=VECTOR('',#2007,10.);
#546=VECTOR('',#2010,10.);
#547=VECTOR('',#2013,10.);
#548=VECTOR('',#2014,10.);
#549=VECTOR('',#2017,10.);
#550=VECTOR('',#2018,10.);
#551=VECTOR('',#2021,10.);
#552=VECTOR('',#2026,10.);
#553=VECTOR('',#2031,10.);
#554=VECTOR('',#2032,10.);
#555=VECTOR('',#2041,10.);
#556=VECTOR('',#2042,10.);
#557=VECTOR('',#2043,10.);
#558=VECTOR('',#2044,10.);
#559=VECTOR('',#2045,10.);
#560=VECTOR('',#2046,10.);
#561=VECTOR('',#2047,10.);
#562=VECTOR('',#2048,10.);
#563=VECTOR('',#2049,10.);
#564=VECTOR('',#2050,10.);
#565=VECTOR('',#2051,10.);
#566=VECTOR('',#2052,10.);
#567=VECTOR('',#2053,10.);
#568=VECTOR('',#2054,10.);
#569=VECTOR('',#2055,10.);
#570=VECTOR('',#2056,10.);
#571=VECTOR('',#2057,10.);
#572=VECTOR('',#2058,10.);
#573=VECTOR('',#2061,10.);
#574=VECTOR('',#2066,9.);
#575=VECTOR('',#2067,10.);
#576=VECTOR('',#2068,9.);
#577=VECTOR('',#2071,9.);
#578=VECTOR('',#2072,10.);
#579=VECTOR('',#2075,9.);
#580=VECTOR('',#2076,10.);
#581=VECTOR('',#2079,9.);
#582=VECTOR('',#2080,10.);
#583=VECTOR('',#2083,9.);
#584=VECTOR('',#2084,10.);
#585=VECTOR('',#2087,9.);
#586=VECTOR('',#2088,10.);
#587=VECTOR('',#2091,9.);
#588=VECTOR('',#2092,10.);
#589=VECTOR('',#2095,9.);
#590=VECTOR('',#2096,10.);
#591=VECTOR('',#2099,9.);
#592=VECTOR('',#2100,10.);
#593=VECTOR('',#2103,10.);
#594=VECTOR('',#2104,10.);
#595=VECTOR('',#2109,10.);
#596=VECTOR('',#2110,10.);
#597=VECTOR('',#2111,10.);
#598=VECTOR('',#2112,10.);
#599=VECTOR('',#2113,10.);
#600=VECTOR('',#2114,10.);
#601=VECTOR('',#2115,10.);
#602=VECTOR('',#2116,10.);
#603=VECTOR('',#2123,10.);
#604=VECTOR('',#2126,9.);
#605=VECTOR('',#2129,9.);
#606=VECTOR('',#2132,9.);
#607=VECTOR('',#2135,9.);
#608=VECTOR('',#2138,9.);
#609=VECTOR('',#2141,9.);
#610=VECTOR('',#2144,9.);
#611=VECTOR('',#2149,10.);
#612=VECTOR('',#2150,10.);
#613=VECTOR('',#2151,10.);
#614=VECTOR('',#2154,10.);
#615=VECTOR('',#2175,10.);
#616=VECTOR('',#2176,10.);
#617=VECTOR('',#2181,10.);
#618=VECTOR('',#2184,10.);
#619=VECTOR('',#2187,10.);
#620=VECTOR('',#2192,10.);
#621=VECTOR('',#2193,10.);
#622=VECTOR('',#2200,10.);
#623=VECTOR('',#2201,10.);
#624=VECTOR('',#2204,10.);
#625=VECTOR('',#2219,2.25);
#626=VECTOR('',#2224,2.);
#627=VERTEX_POINT('',#2227);
#628=VERTEX_POINT('',#2228);
#629=VERTEX_POINT('',#2230);
#630=VERTEX_POINT('',#2232);
#631=VERTEX_POINT('',#2236);
#632=VERTEX_POINT('',#2238);
#633=VERTEX_POINT('',#2242);
#634=VERTEX_POINT('',#2244);
#635=VERTEX_POINT('',#2248);
#636=VERTEX_POINT('',#2250);
#637=VERTEX_POINT('',#2254);
#638=VERTEX_POINT('',#2258);
#639=VERTEX_POINT('',#2262);
#640=VERTEX_POINT('',#2263);
#641=VERTEX_POINT('',#2265);
#642=VERTEX_POINT('',#2267);
#643=VERTEX_POINT('',#2271);
#644=VERTEX_POINT('',#2273);
#645=VERTEX_POINT('',#2277);
#646=VERTEX_POINT('',#2279);
#647=VERTEX_POINT('',#2283);
#648=VERTEX_POINT('',#2285);
#649=VERTEX_POINT('',#2289);
#650=VERTEX_POINT('',#2293);
#651=VERTEX_POINT('',#2297);
#652=VERTEX_POINT('',#2298);
#653=VERTEX_POINT('',#2300);
#654=VERTEX_POINT('',#2302);
#655=VERTEX_POINT('',#2306);
#656=VERTEX_POINT('',#2308);
#657=VERTEX_POINT('',#2312);
#658=VERTEX_POINT('',#2314);
#659=VERTEX_POINT('',#2318);
#660=VERTEX_POINT('',#2320);
#661=VERTEX_POINT('',#2324);
#662=VERTEX_POINT('',#2328);
#663=VERTEX_POINT('',#2332);
#664=VERTEX_POINT('',#2333);
#665=VERTEX_POINT('',#2335);
#666=VERTEX_POINT('',#2337);
#667=VERTEX_POINT('',#2341);
#668=VERTEX_POINT('',#2343);
#669=VERTEX_POINT('',#2347);
#670=VERTEX_POINT('',#2349);
#671=VERTEX_POINT('',#2353);
#672=VERTEX_POINT('',#2355);
#673=VERTEX_POINT('',#2359);
#674=VERTEX_POINT('',#2363);
#675=VERTEX_POINT('',#2367);
#676=VERTEX_POINT('',#2368);
#677=VERTEX_POINT('',#2370);
#678=VERTEX_POINT('',#2372);
#679=VERTEX_POINT('',#2376);
#680=VERTEX_POINT('',#2378);
#681=VERTEX_POINT('',#2380);
#682=VERTEX_POINT('',#2388);
#683=VERTEX_POINT('',#2390);
#684=VERTEX_POINT('',#2392);
#685=VERTEX_POINT('',#2394);
#686=VERTEX_POINT('',#2396);
#687=VERTEX_POINT('',#2398);
#688=VERTEX_POINT('',#2400);
#689=VERTEX_POINT('',#2402);
#690=VERTEX_POINT('',#2404);
#691=VERTEX_POINT('',#2406);
#692=VERTEX_POINT('',#2408);
#693=VERTEX_POINT('',#2410);
#694=VERTEX_POINT('',#2412);
#695=VERTEX_POINT('',#2414);
#696=VERTEX_POINT('',#2416);
#697=VERTEX_POINT('',#2420);
#698=VERTEX_POINT('',#2422);
#699=VERTEX_POINT('',#2426);
#700=VERTEX_POINT('',#2428);
#701=VERTEX_POINT('',#2432);
#702=VERTEX_POINT('',#2434);
#703=VERTEX_POINT('',#2438);
#704=VERTEX_POINT('',#2440);
#705=VERTEX_POINT('',#2444);
#706=VERTEX_POINT('',#2448);
#707=VERTEX_POINT('',#2450);
#708=VERTEX_POINT('',#2454);
#709=VERTEX_POINT('',#2456);
#710=VERTEX_POINT('',#2458);
#711=VERTEX_POINT('',#2460);
#712=VERTEX_POINT('',#2462);
#713=VERTEX_POINT('',#2464);
#714=VERTEX_POINT('',#2466);
#715=VERTEX_POINT('',#2468);
#716=VERTEX_POINT('',#2470);
#717=VERTEX_POINT('',#2472);
#718=VERTEX_POINT('',#2480);
#719=VERTEX_POINT('',#2482);
#720=VERTEX_POINT('',#2485);
#721=VERTEX_POINT('',#2487);
#722=VERTEX_POINT('',#2491);
#723=VERTEX_POINT('',#2495);
#724=VERTEX_POINT('',#2499);
#725=VERTEX_POINT('',#2503);
#726=VERTEX_POINT('',#2507);
#727=VERTEX_POINT('',#2511);
#728=VERTEX_POINT('',#2514);
#729=VERTEX_POINT('',#2515);
#730=VERTEX_POINT('',#2517);
#731=VERTEX_POINT('',#2519);
#732=VERTEX_POINT('',#2521);
#733=VERTEX_POINT('',#2523);
#734=VERTEX_POINT('',#2525);
#735=VERTEX_POINT('',#2527);
#736=VERTEX_POINT('',#2529);
#737=VERTEX_POINT('',#2531);
#738=VERTEX_POINT('',#2533);
#739=VERTEX_POINT('',#2535);
#740=VERTEX_POINT('',#2537);
#741=VERTEX_POINT('',#2539);
#742=VERTEX_POINT('',#2541);
#743=VERTEX_POINT('',#2543);
#744=VERTEX_POINT('',#2545);
#745=VERTEX_POINT('',#2547);
#746=VERTEX_POINT('',#2549);
#747=VERTEX_POINT('',#2556);
#748=VERTEX_POINT('',#2558);
#749=VERTEX_POINT('',#2562);
#750=VERTEX_POINT('',#2566);
#751=VERTEX_POINT('',#2570);
#752=VERTEX_POINT('',#2574);
#753=VERTEX_POINT('',#2578);
#754=VERTEX_POINT('',#2582);
#755=VERTEX_POINT('',#2586);
#756=VERTEX_POINT('',#2590);
#757=VERTEX_POINT('',#2594);
#758=VERTEX_POINT('',#2596);
#759=VERTEX_POINT('',#2602);
#760=VERTEX_POINT('',#2604);
#761=VERTEX_POINT('',#2606);
#762=VERTEX_POINT('',#2608);
#763=VERTEX_POINT('',#2610);
#764=VERTEX_POINT('',#2612);
#765=VERTEX_POINT('',#2614);
#766=VERTEX_POINT('',#2616);
#767=VERTEX_POINT('',#2620);
#768=VERTEX_POINT('',#2643);
#769=VERTEX_POINT('',#2645);
#770=VERTEX_POINT('',#2659);
#771=VERTEX_POINT('',#2660);
#772=VERTEX_POINT('',#2663);
#773=VERTEX_POINT('',#2667);
#774=VERTEX_POINT('',#2680);
#775=VERTEX_POINT('',#2688);
#776=VERTEX_POINT('',#2691);
#777=VERTEX_POINT('',#2694);
#778=EDGE_CURVE('',#627,#628,#255,.T.);
#779=EDGE_CURVE('',#628,#629,#245,.F.);
#780=EDGE_CURVE('',#629,#630,#256,.T.);
#781=EDGE_CURVE('',#630,#627,#257,.T.);
#782=EDGE_CURVE('',#631,#627,#258,.T.);
#783=EDGE_CURVE('',#630,#632,#259,.T.);
#784=EDGE_CURVE('',#632,#631,#260,.T.);
#785=EDGE_CURVE('',#632,#633,#261,.T.);
#786=EDGE_CURVE('',#633,#634,#246,.F.);
#787=EDGE_CURVE('',#634,#631,#262,.T.);
#788=EDGE_CURVE('',#635,#627,#263,.T.);
#789=EDGE_CURVE('',#636,#635,#264,.T.);
#790=EDGE_CURVE('',#628,#636,#265,.T.);
#791=EDGE_CURVE('',#631,#637,#266,.T.);
#792=EDGE_CURVE('',#635,#637,#267,.T.);
#793=EDGE_CURVE('',#634,#638,#268,.T.);
#794=EDGE_CURVE('',#637,#638,#269,.T.);
#795=EDGE_CURVE('',#639,#640,#270,.T.);
#796=EDGE_CURVE('',#640,#641,#271,.T.);
#797=EDGE_CURVE('',#641,#642,#272,.T.);
#798=EDGE_CURVE('',#642,#639,#273,.T.);
#799=EDGE_CURVE('',#640,#643,#274,.T.);
#800=EDGE_CURVE('',#643,#644,#247,.F.);
#801=EDGE_CURVE('',#644,#641,#275,.T.);
#802=EDGE_CURVE('',#642,#645,#276,.T.);
#803=EDGE_CURVE('',#645,#646,#248,.F.);
#804=EDGE_CURVE('',#646,#639,#277,.T.);
#805=EDGE_CURVE('',#647,#640,#278,.T.);
#806=EDGE_CURVE('',#648,#647,#279,.T.);
#807=EDGE_CURVE('',#643,#648,#280,.T.);
#808=EDGE_CURVE('',#639,#649,#281,.T.);
#809=EDGE_CURVE('',#649,#647,#282,.T.);
#810=EDGE_CURVE('',#646,#650,#283,.T.);
#811=EDGE_CURVE('',#650,#649,#284,.T.);
#812=EDGE_CURVE('',#651,#652,#285,.T.);
#813=EDGE_CURVE('',#652,#653,#286,.T.);
#814=EDGE_CURVE('',#653,#654,#287,.T.);
#815=EDGE_CURVE('',#654,#651,#288,.T.);
#816=EDGE_CURVE('',#652,#655,#289,.T.);
#817=EDGE_CURVE('',#655,#656,#249,.F.);
#818=EDGE_CURVE('',#656,#653,#290,.T.);
#819=EDGE_CURVE('',#654,#657,#291,.T.);
#820=EDGE_CURVE('',#657,#658,#250,.F.);
#821=EDGE_CURVE('',#658,#651,#292,.T.);
#822=EDGE_CURVE('',#659,#652,#293,.T.);
#823=EDGE_CURVE('',#660,#659,#294,.T.);
#824=EDGE_CURVE('',#655,#660,#295,.T.);
#825=EDGE_CURVE('',#651,#661,#296,.T.);
#826=EDGE_CURVE('',#659,#661,#297,.T.);
#827=EDGE_CURVE('',#658,#662,#298,.T.);
#828=EDGE_CURVE('',#661,#662,#299,.T.);
#829=EDGE_CURVE('',#663,#664,#300,.T.);
#830=EDGE_CURVE('',#664,#665,#251,.F.);
#831=EDGE_CURVE('',#665,#666,#301,.T.);
#832=EDGE_CURVE('',#666,#663,#302,.T.);
#833=EDGE_CURVE('',#667,#663,#303,.T.);
#834=EDGE_CURVE('',#666,#668,#304,.T.);
#835=EDGE_CURVE('',#668,#667,#305,.T.);
#836=EDGE_CURVE('',#668,#669,#306,.T.);
#837=EDGE_CURVE('',#669,#670,#252,.F.);
#838=EDGE_CURVE('',#670,#667,#307,.T.);
#839=EDGE_CURVE('',#671,#663,#308,.T.);
#840=EDGE_CURVE('',#672,#671,#309,.T.);
#841=EDGE_CURVE('',#664,#672,#310,.T.);
#842=EDGE_CURVE('',#667,#673,#311,.T.);
#843=EDGE_CURVE('',#673,#671,#312,.T.);
#844=EDGE_CURVE('',#670,#674,#313,.T.);
#845=EDGE_CURVE('',#674,#673,#314,.T.);
#846=EDGE_CURVE('',#675,#676,#315,.T.);
#847=EDGE_CURVE('',#676,#677,#316,.T.);
#848=EDGE_CURVE('',#677,#678,#317,.T.);
#849=EDGE_CURVE('',#678,#675,#318,.T.);
#850=EDGE_CURVE('',#679,#677,#319,.T.);
#851=EDGE_CURVE('',#679,#680,#320,.T.);
#852=EDGE_CURVE('',#681,#680,#321,.T.);
#853=EDGE_CURVE('',#681,#678,#322,.T.);
#854=EDGE_CURVE('',#645,#629,#36,.T.);
#855=EDGE_CURVE('',#657,#644,#37,.T.);
#856=EDGE_CURVE('',#669,#656,#38,.T.);
#857=EDGE_CURVE('',#633,#665,#39,.T.);
#858=EDGE_CURVE('',#676,#682,#323,.T.);
#859=EDGE_CURVE('',#683,#682,#40,.T.);
#860=EDGE_CURVE('',#683,#684,#324,.F.);
#861=EDGE_CURVE('',#684,#685,#325,.F.);
#862=EDGE_CURVE('',#686,#685,#326,.T.);
#863=EDGE_CURVE('',#687,#686,#327,.T.);
#864=EDGE_CURVE('',#688,#687,#328,.T.);
#865=EDGE_CURVE('',#689,#688,#41,.T.);
#866=EDGE_CURVE('',#689,#690,#329,.T.);
#867=EDGE_CURVE('',#691,#690,#330,.T.);
#868=EDGE_CURVE('',#691,#692,#331,.T.);
#869=EDGE_CURVE('',#693,#692,#42,.T.);
#870=EDGE_CURVE('',#693,#694,#332,.F.);
#871=EDGE_CURVE('',#695,#694,#333,.T.);
#872=EDGE_CURVE('',#696,#695,#334,.T.);
#873=EDGE_CURVE('',#679,#696,#43,.T.);
#874=EDGE_CURVE('',#694,#697,#335,.T.);
#875=EDGE_CURVE('',#697,#698,#336,.T.);
#876=EDGE_CURVE('',#698,#695,#337,.T.);
#877=EDGE_CURVE('',#699,#698,#338,.F.);
#878=EDGE_CURVE('',#700,#699,#339,.F.);
#879=EDGE_CURVE('',#696,#700,#340,.T.);
#880=EDGE_CURVE('',#701,#691,#341,.T.);
#881=EDGE_CURVE('',#690,#702,#342,.T.);
#882=EDGE_CURVE('',#702,#701,#343,.T.);
#883=EDGE_CURVE('',#703,#702,#344,.T.);
#884=EDGE_CURVE('',#703,#704,#345,.T.);
#885=EDGE_CURVE('',#704,#701,#346,.T.);
#886=EDGE_CURVE('',#705,#689,#347,.T.);
#887=EDGE_CURVE('',#705,#703,#348,.T.);
#888=EDGE_CURVE('',#686,#706,#349,.T.);
#889=EDGE_CURVE('',#706,#707,#350,.T.);
#890=EDGE_CURVE('',#707,#687,#253,.T.);
#891=EDGE_CURVE('',#708,#706,#351,.T.);
#892=EDGE_CURVE('',#709,#708,#352,.T.);
#893=EDGE_CURVE('',#710,#709,#44,.T.);
#894=EDGE_CURVE('',#711,#710,#353,.T.);
#895=EDGE_CURVE('',#712,#711,#45,.T.);
#896=EDGE_CURVE('',#713,#712,#46,.T.);
#897=EDGE_CURVE('',#714,#713,#354,.T.);
#898=EDGE_CURVE('',#715,#714,#47,.T.);
#899=EDGE_CURVE('',#716,#715,#48,.T.);
#900=EDGE_CURVE('',#717,#716,#355,.T.);
#901=EDGE_CURVE('',#707,#717,#49,.T.);
#902=EDGE_CURVE('',#708,#685,#356,.T.);
#903=EDGE_CURVE('',#684,#709,#254,.T.);
#904=EDGE_CURVE('',#684,#718,#357,.T.);
#905=EDGE_CURVE('',#718,#719,#50,.T.);
#906=EDGE_CURVE('',#719,#687,#358,.T.);
#907=EDGE_CURVE('',#720,#717,#359,.T.);
#908=EDGE_CURVE('',#720,#721,#51,.T.);
#909=EDGE_CURVE('',#721,#710,#360,.F.);
#910=EDGE_CURVE('',#721,#722,#361,.T.);
#911=EDGE_CURVE('',#711,#722,#362,.T.);
#912=EDGE_CURVE('',#723,#716,#363,.T.);
#913=EDGE_CURVE('',#723,#720,#364,.T.);
#914=EDGE_CURVE('',#715,#724,#365,.T.);
#915=EDGE_CURVE('',#724,#723,#52,.T.);
#916=EDGE_CURVE('',#725,#714,#366,.F.);
#917=EDGE_CURVE('',#725,#724,#53,.T.);
#918=EDGE_CURVE('',#726,#713,#367,.T.);
#919=EDGE_CURVE('',#726,#725,#368,.T.);
#920=EDGE_CURVE('',#727,#726,#54,.T.);
#921=EDGE_CURVE('',#722,#727,#55,.T.);
#922=EDGE_CURVE('',#728,#729,#56,.T.);
#923=EDGE_CURVE('',#730,#728,#369,.T.);
#924=EDGE_CURVE('',#731,#730,#370,.T.);
#925=EDGE_CURVE('',#732,#731,#371,.T.);
#926=EDGE_CURVE('',#733,#732,#372,.T.);
#927=EDGE_CURVE('',#734,#733,#373,.T.);
#928=EDGE_CURVE('',#735,#734,#374,.T.);
#929=EDGE_CURVE('',#736,#735,#375,.T.);
#930=EDGE_CURVE('',#737,#736,#376,.T.);
#931=EDGE_CURVE('',#738,#737,#377,.T.);
#932=EDGE_CURVE('',#739,#738,#378,.T.);
#933=EDGE_CURVE('',#740,#739,#379,.T.);
#934=EDGE_CURVE('',#741,#740,#380,.T.);
#935=EDGE_CURVE('',#742,#741,#381,.T.);
#936=EDGE_CURVE('',#743,#742,#382,.T.);
#937=EDGE_CURVE('',#744,#743,#383,.T.);
#938=EDGE_CURVE('',#745,#744,#384,.T.);
#939=EDGE_CURVE('',#746,#745,#385,.T.);
#940=EDGE_CURVE('',#729,#746,#386,.T.);
#941=EDGE_CURVE('',#712,#727,#387,.T.);
#942=EDGE_CURVE('',#738,#747,#388,.T.);
#943=EDGE_CURVE('',#747,#748,#389,.T.);
#944=EDGE_CURVE('',#739,#748,#390,.T.);
#945=EDGE_CURVE('',#737,#749,#391,.T.);
#946=EDGE_CURVE('',#749,#747,#392,.T.);
#947=EDGE_CURVE('',#736,#750,#393,.T.);
#948=EDGE_CURVE('',#750,#749,#394,.T.);
#949=EDGE_CURVE('',#735,#751,#395,.T.);
#950=EDGE_CURVE('',#751,#750,#396,.T.);
#951=EDGE_CURVE('',#734,#752,#397,.T.);
#952=EDGE_CURVE('',#752,#751,#398,.T.);
#953=EDGE_CURVE('',#733,#753,#399,.T.);
#954=EDGE_CURVE('',#753,#752,#400,.T.);
#955=EDGE_CURVE('',#732,#754,#401,.T.);
#956=EDGE_CURVE('',#754,#753,#402,.T.);
#957=EDGE_CURVE('',#731,#755,#403,.T.);
#958=EDGE_CURVE('',#755,#754,#404,.T.);
#959=EDGE_CURVE('',#730,#756,#405,.T.);
#960=EDGE_CURVE('',#756,#755,#406,.T.);
#961=EDGE_CURVE('',#728,#757,#407,.T.);
#962=EDGE_CURVE('',#758,#757,#19,.F.);
#963=EDGE_CURVE('',#758,#756,#408,.T.);
#964=EDGE_CURVE('',#759,#758,#57,.T.);
#965=EDGE_CURVE('',#760,#759,#409,.T.);
#966=EDGE_CURVE('',#761,#760,#410,.T.);
#967=EDGE_CURVE('',#762,#761,#411,.T.);
#968=EDGE_CURVE('',#763,#762,#412,.T.);
#969=EDGE_CURVE('',#764,#763,#413,.T.);
#970=EDGE_CURVE('',#765,#764,#414,.T.);
#971=EDGE_CURVE('',#766,#765,#415,.T.);
#972=EDGE_CURVE('',#748,#766,#416,.T.);
#973=EDGE_CURVE('',#767,#759,#20,.F.);
#974=EDGE_CURVE('',#757,#767,#58,.T.);
#975=EDGE_CURVE('',#767,#729,#417,.T.);
#976=EDGE_CURVE('',#746,#760,#418,.T.);
#977=EDGE_CURVE('',#745,#761,#419,.T.);
#978=EDGE_CURVE('',#744,#762,#420,.T.);
#979=EDGE_CURVE('',#743,#763,#421,.T.);
#980=EDGE_CURVE('',#742,#764,#422,.T.);
#981=EDGE_CURVE('',#741,#765,#423,.T.);
#982=EDGE_CURVE('',#740,#766,#424,.T.);
#983=EDGE_CURVE('',#768,#693,#425,.T.);
#984=EDGE_CURVE('',#768,#769,#426,.T.);
#985=EDGE_CURVE('',#697,#769,#427,.F.);
#986=EDGE_CURVE('',#769,#699,#428,.T.);
#987=EDGE_CURVE('',#674,#660,#59,.T.);
#988=EDGE_CURVE('',#662,#648,#60,.T.);
#989=EDGE_CURVE('',#650,#636,#61,.T.);
#990=EDGE_CURVE('',#638,#672,#62,.T.);
#991=EDGE_CURVE('',#770,#771,#63,.T.);
#992=EDGE_CURVE('',#771,#683,#429,.T.);
#993=EDGE_CURVE('',#772,#682,#430,.T.);
#994=EDGE_CURVE('',#772,#680,#64,.T.);
#995=EDGE_CURVE('',#768,#700,#65,.T.);
#996=EDGE_CURVE('',#692,#773,#431,.T.);
#997=EDGE_CURVE('',#773,#705,#66,.T.);
#998=EDGE_CURVE('',#770,#688,#432,.F.);
#999=EDGE_CURVE('',#704,#773,#433,.T.);
#1000=EDGE_CURVE('',#718,#771,#434,.T.);
#1001=EDGE_CURVE('',#770,#719,#435,.T.);
#1002=EDGE_CURVE('',#772,#774,#436,.T.);
#1003=EDGE_CURVE('',#774,#681,#437,.T.);
#1004=EDGE_CURVE('',#774,#675,#438,.T.);
#1005=EDGE_CURVE('',#775,#775,#67,.T.);
#1006=EDGE_CURVE('',#776,#776,#68,.T.);
#1007=EDGE_CURVE('',#776,#777,#439,.T.);
#1008=EDGE_CURVE('',#777,#777,#69,.T.);
#1009=EDGE_CURVE('',#775,#777,#440,.T.);
#1010=ORIENTED_EDGE('',*,*,#778,.T.);
#1011=ORIENTED_EDGE('',*,*,#779,.T.);
#1012=ORIENTED_EDGE('',*,*,#780,.T.);
#1013=ORIENTED_EDGE('',*,*,#781,.T.);
#1014=ORIENTED_EDGE('',*,*,#782,.T.);
#1015=ORIENTED_EDGE('',*,*,#781,.F.);
#1016=ORIENTED_EDGE('',*,*,#783,.T.);
#1017=ORIENTED_EDGE('',*,*,#784,.T.);
#1018=ORIENTED_EDGE('',*,*,#785,.T.);
#1019=ORIENTED_EDGE('',*,*,#786,.T.);
#1020=ORIENTED_EDGE('',*,*,#787,.T.);
#1021=ORIENTED_EDGE('',*,*,#784,.F.);
#1022=ORIENTED_EDGE('',*,*,#778,.F.);
#1023=ORIENTED_EDGE('',*,*,#788,.F.);
#1024=ORIENTED_EDGE('',*,*,#789,.F.);
#1025=ORIENTED_EDGE('',*,*,#790,.F.);
#1026=ORIENTED_EDGE('',*,*,#782,.F.);
#1027=ORIENTED_EDGE('',*,*,#791,.T.);
#1028=ORIENTED_EDGE('',*,*,#792,.F.);
#1029=ORIENTED_EDGE('',*,*,#788,.T.);
#1030=ORIENTED_EDGE('',*,*,#787,.F.);
#1031=ORIENTED_EDGE('',*,*,#793,.T.);
#1032=ORIENTED_EDGE('',*,*,#794,.F.);
#1033=ORIENTED_EDGE('',*,*,#791,.F.);
#1034=ORIENTED_EDGE('',*,*,#795,.T.);
#1035=ORIENTED_EDGE('',*,*,#796,.T.);
#1036=ORIENTED_EDGE('',*,*,#797,.T.);
#1037=ORIENTED_EDGE('',*,*,#798,.T.);
#1038=ORIENTED_EDGE('',*,*,#799,.T.);
#1039=ORIENTED_EDGE('',*,*,#800,.T.);
#1040=ORIENTED_EDGE('',*,*,#801,.T.);
#1041=ORIENTED_EDGE('',*,*,#796,.F.);
#1042=ORIENTED_EDGE('',*,*,#802,.T.);
#1043=ORIENTED_EDGE('',*,*,#803,.T.);
#1044=ORIENTED_EDGE('',*,*,#804,.T.);
#1045=ORIENTED_EDGE('',*,*,#798,.F.);
#1046=ORIENTED_EDGE('',*,*,#799,.F.);
#1047=ORIENTED_EDGE('',*,*,#805,.F.);
#1048=ORIENTED_EDGE('',*,*,#806,.F.);
#1049=ORIENTED_EDGE('',*,*,#807,.F.);
#1050=ORIENTED_EDGE('',*,*,#795,.F.);
#1051=ORIENTED_EDGE('',*,*,#808,.T.);
#1052=ORIENTED_EDGE('',*,*,#809,.T.);
#1053=ORIENTED_EDGE('',*,*,#805,.T.);
#1054=ORIENTED_EDGE('',*,*,#804,.F.);
#1055=ORIENTED_EDGE('',*,*,#810,.T.);
#1056=ORIENTED_EDGE('',*,*,#811,.T.);
#1057=ORIENTED_EDGE('',*,*,#808,.F.);
#1058=ORIENTED_EDGE('',*,*,#812,.T.);
#1059=ORIENTED_EDGE('',*,*,#813,.T.);
#1060=ORIENTED_EDGE('',*,*,#814,.T.);
#1061=ORIENTED_EDGE('',*,*,#815,.T.);
#1062=ORIENTED_EDGE('',*,*,#816,.T.);
#1063=ORIENTED_EDGE('',*,*,#817,.T.);
#1064=ORIENTED_EDGE('',*,*,#818,.T.);
#1065=ORIENTED_EDGE('',*,*,#813,.F.);
#1066=ORIENTED_EDGE('',*,*,#819,.T.);
#1067=ORIENTED_EDGE('',*,*,#820,.T.);
#1068=ORIENTED_EDGE('',*,*,#821,.T.);
#1069=ORIENTED_EDGE('',*,*,#815,.F.);
#1070=ORIENTED_EDGE('',*,*,#816,.F.);
#1071=ORIENTED_EDGE('',*,*,#822,.F.);
#1072=ORIENTED_EDGE('',*,*,#823,.F.);
#1073=ORIENTED_EDGE('',*,*,#824,.F.);
#1074=ORIENTED_EDGE('',*,*,#812,.F.);
#1075=ORIENTED_EDGE('',*,*,#825,.T.);
#1076=ORIENTED_EDGE('',*,*,#826,.F.);
#1077=ORIENTED_EDGE('',*,*,#822,.T.);
#1078=ORIENTED_EDGE('',*,*,#821,.F.);
#1079=ORIENTED_EDGE('',*,*,#827,.T.);
#1080=ORIENTED_EDGE('',*,*,#828,.F.);
#1081=ORIENTED_EDGE('',*,*,#825,.F.);
#1082=ORIENTED_EDGE('',*,*,#829,.T.);
#1083=ORIENTED_EDGE('',*,*,#830,.T.);
#1084=ORIENTED_EDGE('',*,*,#831,.T.);
#1085=ORIENTED_EDGE('',*,*,#832,.T.);
#1086=ORIENTED_EDGE('',*,*,#833,.T.);
#1087=ORIENTED_EDGE('',*,*,#832,.F.);
#1088=ORIENTED_EDGE('',*,*,#834,.T.);
#1089=ORIENTED_EDGE('',*,*,#835,.T.);
#1090=ORIENTED_EDGE('',*,*,#836,.T.);
#1091=ORIENTED_EDGE('',*,*,#837,.T.);
#1092=ORIENTED_EDGE('',*,*,#838,.T.);
#1093=ORIENTED_EDGE('',*,*,#835,.F.);
#1094=ORIENTED_EDGE('',*,*,#829,.F.);
#1095=ORIENTED_EDGE('',*,*,#839,.F.);
#1096=ORIENTED_EDGE('',*,*,#840,.F.);
#1097=ORIENTED_EDGE('',*,*,#841,.F.);
#1098=ORIENTED_EDGE('',*,*,#833,.F.);
#1099=ORIENTED_EDGE('',*,*,#842,.T.);
#1100=ORIENTED_EDGE('',*,*,#843,.T.);
#1101=ORIENTED_EDGE('',*,*,#839,.T.);
#1102=ORIENTED_EDGE('',*,*,#838,.F.);
#1103=ORIENTED_EDGE('',*,*,#844,.T.);
#1104=ORIENTED_EDGE('',*,*,#845,.T.);
#1105=ORIENTED_EDGE('',*,*,#842,.F.);
#1106=ORIENTED_EDGE('',*,*,#846,.T.);
#1107=ORIENTED_EDGE('',*,*,#847,.T.);
#1108=ORIENTED_EDGE('',*,*,#848,.T.);
#1109=ORIENTED_EDGE('',*,*,#849,.T.);
#1110=ORIENTED_EDGE('',*,*,#848,.F.);
#1111=ORIENTED_EDGE('',*,*,#850,.F.);
#1112=ORIENTED_EDGE('',*,*,#851,.T.);
#1113=ORIENTED_EDGE('',*,*,#852,.F.);
#1114=ORIENTED_EDGE('',*,*,#853,.T.);
#1115=ORIENTED_EDGE('',*,*,#854,.F.);
#1116=ORIENTED_EDGE('',*,*,#802,.F.);
#1117=ORIENTED_EDGE('',*,*,#797,.F.);
#1118=ORIENTED_EDGE('',*,*,#801,.F.);
#1119=ORIENTED_EDGE('',*,*,#855,.F.);
#1120=ORIENTED_EDGE('',*,*,#819,.F.);
#1121=ORIENTED_EDGE('',*,*,#814,.F.);
#1122=ORIENTED_EDGE('',*,*,#818,.F.);
#1123=ORIENTED_EDGE('',*,*,#856,.F.);
#1124=ORIENTED_EDGE('',*,*,#836,.F.);
#1125=ORIENTED_EDGE('',*,*,#834,.F.);
#1126=ORIENTED_EDGE('',*,*,#831,.F.);
#1127=ORIENTED_EDGE('',*,*,#857,.F.);
#1128=ORIENTED_EDGE('',*,*,#785,.F.);
#1129=ORIENTED_EDGE('',*,*,#783,.F.);
#1130=ORIENTED_EDGE('',*,*,#780,.F.);
#1131=ORIENTED_EDGE('',*,*,#847,.F.);
#1132=ORIENTED_EDGE('',*,*,#858,.T.);
#1133=ORIENTED_EDGE('',*,*,#859,.F.);
#1134=ORIENTED_EDGE('',*,*,#860,.T.);
#1135=ORIENTED_EDGE('',*,*,#861,.T.);
#1136=ORIENTED_EDGE('',*,*,#862,.F.);
#1137=ORIENTED_EDGE('',*,*,#863,.F.);
#1138=ORIENTED_EDGE('',*,*,#864,.F.);
#1139=ORIENTED_EDGE('',*,*,#865,.F.);
#1140=ORIENTED_EDGE('',*,*,#866,.T.);
#1141=ORIENTED_EDGE('',*,*,#867,.F.);
#1142=ORIENTED_EDGE('',*,*,#868,.T.);
#1143=ORIENTED_EDGE('',*,*,#869,.F.);
#1144=ORIENTED_EDGE('',*,*,#870,.T.);
#1145=ORIENTED_EDGE('',*,*,#871,.F.);
#1146=ORIENTED_EDGE('',*,*,#872,.F.);
#1147=ORIENTED_EDGE('',*,*,#873,.F.);
#1148=ORIENTED_EDGE('',*,*,#850,.T.);
#1149=ORIENTED_EDGE('',*,*,#874,.T.);
#1150=ORIENTED_EDGE('',*,*,#875,.T.);
#1151=ORIENTED_EDGE('',*,*,#876,.T.);
#1152=ORIENTED_EDGE('',*,*,#871,.T.);
#1153=ORIENTED_EDGE('',*,*,#876,.F.);
#1154=ORIENTED_EDGE('',*,*,#877,.F.);
#1155=ORIENTED_EDGE('',*,*,#878,.F.);
#1156=ORIENTED_EDGE('',*,*,#879,.F.);
#1157=ORIENTED_EDGE('',*,*,#872,.T.);
#1158=ORIENTED_EDGE('',*,*,#880,.T.);
#1159=ORIENTED_EDGE('',*,*,#867,.T.);
#1160=ORIENTED_EDGE('',*,*,#881,.T.);
#1161=ORIENTED_EDGE('',*,*,#882,.T.);
#1162=ORIENTED_EDGE('',*,*,#882,.F.);
#1163=ORIENTED_EDGE('',*,*,#883,.F.);
#1164=ORIENTED_EDGE('',*,*,#884,.T.);
#1165=ORIENTED_EDGE('',*,*,#885,.T.);
#1166=ORIENTED_EDGE('',*,*,#881,.F.);
#1167=ORIENTED_EDGE('',*,*,#866,.F.);
#1168=ORIENTED_EDGE('',*,*,#886,.F.);
#1169=ORIENTED_EDGE('',*,*,#887,.T.);
#1170=ORIENTED_EDGE('',*,*,#883,.T.);
#1171=ORIENTED_EDGE('',*,*,#888,.T.);
#1172=ORIENTED_EDGE('',*,*,#889,.T.);
#1173=ORIENTED_EDGE('',*,*,#890,.T.);
#1174=ORIENTED_EDGE('',*,*,#863,.T.);
#1175=ORIENTED_EDGE('',*,*,#889,.F.);
#1176=ORIENTED_EDGE('',*,*,#891,.F.);
#1177=ORIENTED_EDGE('',*,*,#892,.F.);
#1178=ORIENTED_EDGE('',*,*,#893,.F.);
#1179=ORIENTED_EDGE('',*,*,#894,.F.);
#1180=ORIENTED_EDGE('',*,*,#895,.F.);
#1181=ORIENTED_EDGE('',*,*,#896,.F.);
#1182=ORIENTED_EDGE('',*,*,#897,.F.);
#1183=ORIENTED_EDGE('',*,*,#898,.F.);
#1184=ORIENTED_EDGE('',*,*,#899,.F.);
#1185=ORIENTED_EDGE('',*,*,#900,.F.);
#1186=ORIENTED_EDGE('',*,*,#901,.F.);
#1187=ORIENTED_EDGE('',*,*,#902,.T.);
#1188=ORIENTED_EDGE('',*,*,#861,.F.);
#1189=ORIENTED_EDGE('',*,*,#903,.T.);
#1190=ORIENTED_EDGE('',*,*,#892,.T.);
#1191=ORIENTED_EDGE('',*,*,#862,.T.);
#1192=ORIENTED_EDGE('',*,*,#902,.F.);
#1193=ORIENTED_EDGE('',*,*,#891,.T.);
#1194=ORIENTED_EDGE('',*,*,#888,.F.);
#1195=ORIENTED_EDGE('',*,*,#904,.T.);
#1196=ORIENTED_EDGE('',*,*,#905,.T.);
#1197=ORIENTED_EDGE('',*,*,#906,.T.);
#1198=ORIENTED_EDGE('',*,*,#890,.F.);
#1199=ORIENTED_EDGE('',*,*,#901,.T.);
#1200=ORIENTED_EDGE('',*,*,#907,.F.);
#1201=ORIENTED_EDGE('',*,*,#908,.T.);
#1202=ORIENTED_EDGE('',*,*,#909,.T.);
#1203=ORIENTED_EDGE('',*,*,#893,.T.);
#1204=ORIENTED_EDGE('',*,*,#903,.F.);
#1205=ORIENTED_EDGE('',*,*,#894,.T.);
#1206=ORIENTED_EDGE('',*,*,#909,.F.);
#1207=ORIENTED_EDGE('',*,*,#910,.T.);
#1208=ORIENTED_EDGE('',*,*,#911,.F.);
#1209=ORIENTED_EDGE('',*,*,#900,.T.);
#1210=ORIENTED_EDGE('',*,*,#912,.F.);
#1211=ORIENTED_EDGE('',*,*,#913,.T.);
#1212=ORIENTED_EDGE('',*,*,#907,.T.);
#1213=ORIENTED_EDGE('',*,*,#899,.T.);
#1214=ORIENTED_EDGE('',*,*,#914,.T.);
#1215=ORIENTED_EDGE('',*,*,#915,.T.);
#1216=ORIENTED_EDGE('',*,*,#912,.T.);
#1217=ORIENTED_EDGE('',*,*,#898,.T.);
#1218=ORIENTED_EDGE('',*,*,#916,.F.);
#1219=ORIENTED_EDGE('',*,*,#917,.T.);
#1220=ORIENTED_EDGE('',*,*,#914,.F.);
#1221=ORIENTED_EDGE('',*,*,#897,.T.);
#1222=ORIENTED_EDGE('',*,*,#918,.F.);
#1223=ORIENTED_EDGE('',*,*,#919,.T.);
#1224=ORIENTED_EDGE('',*,*,#916,.T.);
#1225=ORIENTED_EDGE('',*,*,#919,.F.);
#1226=ORIENTED_EDGE('',*,*,#920,.F.);
#1227=ORIENTED_EDGE('',*,*,#921,.F.);
#1228=ORIENTED_EDGE('',*,*,#910,.F.);
#1229=ORIENTED_EDGE('',*,*,#908,.F.);
#1230=ORIENTED_EDGE('',*,*,#913,.F.);
#1231=ORIENTED_EDGE('',*,*,#915,.F.);
#1232=ORIENTED_EDGE('',*,*,#917,.F.);
#1233=ORIENTED_EDGE('',*,*,#922,.F.);
#1234=ORIENTED_EDGE('',*,*,#923,.F.);
#1235=ORIENTED_EDGE('',*,*,#924,.F.);
#1236=ORIENTED_EDGE('',*,*,#925,.F.);
#1237=ORIENTED_EDGE('',*,*,#926,.F.);
#1238=ORIENTED_EDGE('',*,*,#927,.F.);
#1239=ORIENTED_EDGE('',*,*,#928,.F.);
#1240=ORIENTED_EDGE('',*,*,#929,.F.);
#1241=ORIENTED_EDGE('',*,*,#930,.F.);
#1242=ORIENTED_EDGE('',*,*,#931,.F.);
#1243=ORIENTED_EDGE('',*,*,#932,.F.);
#1244=ORIENTED_EDGE('',*,*,#933,.F.);
#1245=ORIENTED_EDGE('',*,*,#934,.F.);
#1246=ORIENTED_EDGE('',*,*,#935,.F.);
#1247=ORIENTED_EDGE('',*,*,#936,.F.);
#1248=ORIENTED_EDGE('',*,*,#937,.F.);
#1249=ORIENTED_EDGE('',*,*,#938,.F.);
#1250=ORIENTED_EDGE('',*,*,#939,.F.);
#1251=ORIENTED_EDGE('',*,*,#940,.F.);
#1252=ORIENTED_EDGE('',*,*,#895,.T.);
#1253=ORIENTED_EDGE('',*,*,#911,.T.);
#1254=ORIENTED_EDGE('',*,*,#921,.T.);
#1255=ORIENTED_EDGE('',*,*,#941,.F.);
#1256=ORIENTED_EDGE('',*,*,#896,.T.);
#1257=ORIENTED_EDGE('',*,*,#941,.T.);
#1258=ORIENTED_EDGE('',*,*,#920,.T.);
#1259=ORIENTED_EDGE('',*,*,#918,.T.);
#1260=ORIENTED_EDGE('',*,*,#942,.T.);
#1261=ORIENTED_EDGE('',*,*,#943,.T.);
#1262=ORIENTED_EDGE('',*,*,#944,.F.);
#1263=ORIENTED_EDGE('',*,*,#932,.T.);
#1264=ORIENTED_EDGE('',*,*,#945,.T.);
#1265=ORIENTED_EDGE('',*,*,#946,.T.);
#1266=ORIENTED_EDGE('',*,*,#942,.F.);
#1267=ORIENTED_EDGE('',*,*,#931,.T.);
#1268=ORIENTED_EDGE('',*,*,#947,.T.);
#1269=ORIENTED_EDGE('',*,*,#948,.T.);
#1270=ORIENTED_EDGE('',*,*,#945,.F.);
#1271=ORIENTED_EDGE('',*,*,#930,.T.);
#1272=ORIENTED_EDGE('',*,*,#949,.T.);
#1273=ORIENTED_EDGE('',*,*,#950,.T.);
#1274=ORIENTED_EDGE('',*,*,#947,.F.);
#1275=ORIENTED_EDGE('',*,*,#929,.T.);
#1276=ORIENTED_EDGE('',*,*,#951,.T.);
#1277=ORIENTED_EDGE('',*,*,#952,.T.);
#1278=ORIENTED_EDGE('',*,*,#949,.F.);
#1279=ORIENTED_EDGE('',*,*,#928,.T.);
#1280=ORIENTED_EDGE('',*,*,#953,.T.);
#1281=ORIENTED_EDGE('',*,*,#954,.T.);
#1282=ORIENTED_EDGE('',*,*,#951,.F.);
#1283=ORIENTED_EDGE('',*,*,#927,.T.);
#1284=ORIENTED_EDGE('',*,*,#955,.T.);
#1285=ORIENTED_EDGE('',*,*,#956,.T.);
#1286=ORIENTED_EDGE('',*,*,#953,.F.);
#1287=ORIENTED_EDGE('',*,*,#926,.T.);
#1288=ORIENTED_EDGE('',*,*,#957,.T.);
#1289=ORIENTED_EDGE('',*,*,#958,.T.);
#1290=ORIENTED_EDGE('',*,*,#955,.F.);
#1291=ORIENTED_EDGE('',*,*,#925,.T.);
#1292=ORIENTED_EDGE('',*,*,#959,.T.);
#1293=ORIENTED_EDGE('',*,*,#960,.T.);
#1294=ORIENTED_EDGE('',*,*,#957,.F.);
#1295=ORIENTED_EDGE('',*,*,#924,.T.);
#1296=ORIENTED_EDGE('',*,*,#961,.T.);
#1297=ORIENTED_EDGE('',*,*,#962,.F.);
#1298=ORIENTED_EDGE('',*,*,#963,.T.);
#1299=ORIENTED_EDGE('',*,*,#959,.F.);
#1300=ORIENTED_EDGE('',*,*,#923,.T.);
#1301=ORIENTED_EDGE('',*,*,#963,.F.);
#1302=ORIENTED_EDGE('',*,*,#964,.F.);
#1303=ORIENTED_EDGE('',*,*,#965,.F.);
#1304=ORIENTED_EDGE('',*,*,#966,.F.);
#1305=ORIENTED_EDGE('',*,*,#967,.F.);
#1306=ORIENTED_EDGE('',*,*,#968,.F.);
#1307=ORIENTED_EDGE('',*,*,#969,.F.);
#1308=ORIENTED_EDGE('',*,*,#970,.F.);
#1309=ORIENTED_EDGE('',*,*,#971,.F.);
#1310=ORIENTED_EDGE('',*,*,#972,.F.);
#1311=ORIENTED_EDGE('',*,*,#943,.F.);
#1312=ORIENTED_EDGE('',*,*,#946,.F.);
#1313=ORIENTED_EDGE('',*,*,#948,.F.);
#1314=ORIENTED_EDGE('',*,*,#950,.F.);
#1315=ORIENTED_EDGE('',*,*,#952,.F.);
#1316=ORIENTED_EDGE('',*,*,#954,.F.);
#1317=ORIENTED_EDGE('',*,*,#956,.F.);
#1318=ORIENTED_EDGE('',*,*,#958,.F.);
#1319=ORIENTED_EDGE('',*,*,#960,.F.);
#1320=ORIENTED_EDGE('',*,*,#973,.T.);
#1321=ORIENTED_EDGE('',*,*,#964,.T.);
#1322=ORIENTED_EDGE('',*,*,#962,.T.);
#1323=ORIENTED_EDGE('',*,*,#974,.T.);
#1324=ORIENTED_EDGE('',*,*,#975,.F.);
#1325=ORIENTED_EDGE('',*,*,#974,.F.);
#1326=ORIENTED_EDGE('',*,*,#961,.F.);
#1327=ORIENTED_EDGE('',*,*,#922,.T.);
#1328=ORIENTED_EDGE('',*,*,#976,.T.);
#1329=ORIENTED_EDGE('',*,*,#965,.T.);
#1330=ORIENTED_EDGE('',*,*,#973,.F.);
#1331=ORIENTED_EDGE('',*,*,#975,.T.);
#1332=ORIENTED_EDGE('',*,*,#940,.T.);
#1333=ORIENTED_EDGE('',*,*,#977,.T.);
#1334=ORIENTED_EDGE('',*,*,#966,.T.);
#1335=ORIENTED_EDGE('',*,*,#976,.F.);
#1336=ORIENTED_EDGE('',*,*,#939,.T.);
#1337=ORIENTED_EDGE('',*,*,#978,.T.);
#1338=ORIENTED_EDGE('',*,*,#967,.T.);
#1339=ORIENTED_EDGE('',*,*,#977,.F.);
#1340=ORIENTED_EDGE('',*,*,#938,.T.);
#1341=ORIENTED_EDGE('',*,*,#979,.T.);
#1342=ORIENTED_EDGE('',*,*,#968,.T.);
#1343=ORIENTED_EDGE('',*,*,#978,.F.);
#1344=ORIENTED_EDGE('',*,*,#937,.T.);
#1345=ORIENTED_EDGE('',*,*,#980,.T.);
#1346=ORIENTED_EDGE('',*,*,#969,.T.);
#1347=ORIENTED_EDGE('',*,*,#979,.F.);
#1348=ORIENTED_EDGE('',*,*,#936,.T.);
#1349=ORIENTED_EDGE('',*,*,#981,.T.);
#1350=ORIENTED_EDGE('',*,*,#970,.T.);
#1351=ORIENTED_EDGE('',*,*,#980,.F.);
#1352=ORIENTED_EDGE('',*,*,#935,.T.);
#1353=ORIENTED_EDGE('',*,*,#982,.T.);
#1354=ORIENTED_EDGE('',*,*,#971,.T.);
#1355=ORIENTED_EDGE('',*,*,#981,.F.);
#1356=ORIENTED_EDGE('',*,*,#934,.T.);
#1357=ORIENTED_EDGE('',*,*,#944,.T.);
#1358=ORIENTED_EDGE('',*,*,#972,.T.);
#1359=ORIENTED_EDGE('',*,*,#982,.F.);
#1360=ORIENTED_EDGE('',*,*,#933,.T.);
#1361=ORIENTED_EDGE('',*,*,#874,.F.);
#1362=ORIENTED_EDGE('',*,*,#870,.F.);
#1363=ORIENTED_EDGE('',*,*,#983,.F.);
#1364=ORIENTED_EDGE('',*,*,#984,.T.);
#1365=ORIENTED_EDGE('',*,*,#985,.F.);
#1366=ORIENTED_EDGE('',*,*,#875,.F.);
#1367=ORIENTED_EDGE('',*,*,#985,.T.);
#1368=ORIENTED_EDGE('',*,*,#986,.T.);
#1369=ORIENTED_EDGE('',*,*,#877,.T.);
#1370=ORIENTED_EDGE('',*,*,#856,.T.);
#1371=ORIENTED_EDGE('',*,*,#817,.F.);
#1372=ORIENTED_EDGE('',*,*,#824,.T.);
#1373=ORIENTED_EDGE('',*,*,#987,.F.);
#1374=ORIENTED_EDGE('',*,*,#844,.F.);
#1375=ORIENTED_EDGE('',*,*,#837,.F.);
#1376=ORIENTED_EDGE('',*,*,#855,.T.);
#1377=ORIENTED_EDGE('',*,*,#800,.F.);
#1378=ORIENTED_EDGE('',*,*,#807,.T.);
#1379=ORIENTED_EDGE('',*,*,#988,.F.);
#1380=ORIENTED_EDGE('',*,*,#827,.F.);
#1381=ORIENTED_EDGE('',*,*,#820,.F.);
#1382=ORIENTED_EDGE('',*,*,#854,.T.);
#1383=ORIENTED_EDGE('',*,*,#779,.F.);
#1384=ORIENTED_EDGE('',*,*,#790,.T.);
#1385=ORIENTED_EDGE('',*,*,#989,.F.);
#1386=ORIENTED_EDGE('',*,*,#810,.F.);
#1387=ORIENTED_EDGE('',*,*,#803,.F.);
#1388=ORIENTED_EDGE('',*,*,#857,.T.);
#1389=ORIENTED_EDGE('',*,*,#830,.F.);
#1390=ORIENTED_EDGE('',*,*,#841,.T.);
#1391=ORIENTED_EDGE('',*,*,#990,.F.);
#1392=ORIENTED_EDGE('',*,*,#793,.F.);
#1393=ORIENTED_EDGE('',*,*,#786,.F.);
#1394=ORIENTED_EDGE('',*,*,#991,.T.);
#1395=ORIENTED_EDGE('',*,*,#992,.T.);
#1396=ORIENTED_EDGE('',*,*,#859,.T.);
#1397=ORIENTED_EDGE('',*,*,#993,.F.);
#1398=ORIENTED_EDGE('',*,*,#994,.T.);
#1399=ORIENTED_EDGE('',*,*,#851,.F.);
#1400=ORIENTED_EDGE('',*,*,#873,.T.);
#1401=ORIENTED_EDGE('',*,*,#879,.T.);
#1402=ORIENTED_EDGE('',*,*,#995,.F.);
#1403=ORIENTED_EDGE('',*,*,#983,.T.);
#1404=ORIENTED_EDGE('',*,*,#869,.T.);
#1405=ORIENTED_EDGE('',*,*,#996,.T.);
#1406=ORIENTED_EDGE('',*,*,#997,.T.);
#1407=ORIENTED_EDGE('',*,*,#886,.T.);
#1408=ORIENTED_EDGE('',*,*,#865,.T.);
#1409=ORIENTED_EDGE('',*,*,#998,.F.);
#1410=ORIENTED_EDGE('',*,*,#999,.F.);
#1411=ORIENTED_EDGE('',*,*,#884,.F.);
#1412=ORIENTED_EDGE('',*,*,#887,.F.);
#1413=ORIENTED_EDGE('',*,*,#997,.F.);
#1414=ORIENTED_EDGE('',*,*,#880,.F.);
#1415=ORIENTED_EDGE('',*,*,#885,.F.);
#1416=ORIENTED_EDGE('',*,*,#999,.T.);
#1417=ORIENTED_EDGE('',*,*,#996,.F.);
#1418=ORIENTED_EDGE('',*,*,#868,.F.);
#1419=ORIENTED_EDGE('',*,*,#1000,.T.);
#1420=ORIENTED_EDGE('',*,*,#991,.F.);
#1421=ORIENTED_EDGE('',*,*,#1001,.T.);
#1422=ORIENTED_EDGE('',*,*,#905,.F.);
#1423=ORIENTED_EDGE('',*,*,#906,.F.);
#1424=ORIENTED_EDGE('',*,*,#1001,.F.);
#1425=ORIENTED_EDGE('',*,*,#998,.T.);
#1426=ORIENTED_EDGE('',*,*,#864,.T.);
#1427=ORIENTED_EDGE('',*,*,#904,.F.);
#1428=ORIENTED_EDGE('',*,*,#860,.F.);
#1429=ORIENTED_EDGE('',*,*,#992,.F.);
#1430=ORIENTED_EDGE('',*,*,#1000,.F.);
#1431=ORIENTED_EDGE('',*,*,#852,.T.);
#1432=ORIENTED_EDGE('',*,*,#994,.F.);
#1433=ORIENTED_EDGE('',*,*,#1002,.T.);
#1434=ORIENTED_EDGE('',*,*,#1003,.T.);
#1435=ORIENTED_EDGE('',*,*,#849,.F.);
#1436=ORIENTED_EDGE('',*,*,#853,.F.);
#1437=ORIENTED_EDGE('',*,*,#1003,.F.);
#1438=ORIENTED_EDGE('',*,*,#1004,.T.);
#1439=ORIENTED_EDGE('',*,*,#846,.F.);
#1440=ORIENTED_EDGE('',*,*,#1004,.F.);
#1441=ORIENTED_EDGE('',*,*,#1002,.F.);
#1442=ORIENTED_EDGE('',*,*,#993,.T.);
#1443=ORIENTED_EDGE('',*,*,#858,.F.);
#1444=ORIENTED_EDGE('',*,*,#989,.T.);
#1445=ORIENTED_EDGE('',*,*,#789,.T.);
#1446=ORIENTED_EDGE('',*,*,#792,.T.);
#1447=ORIENTED_EDGE('',*,*,#794,.T.);
#1448=ORIENTED_EDGE('',*,*,#990,.T.);
#1449=ORIENTED_EDGE('',*,*,#840,.T.);
#1450=ORIENTED_EDGE('',*,*,#843,.F.);
#1451=ORIENTED_EDGE('',*,*,#845,.F.);
#1452=ORIENTED_EDGE('',*,*,#987,.T.);
#1453=ORIENTED_EDGE('',*,*,#823,.T.);
#1454=ORIENTED_EDGE('',*,*,#826,.T.);
#1455=ORIENTED_EDGE('',*,*,#828,.T.);
#1456=ORIENTED_EDGE('',*,*,#988,.T.);
#1457=ORIENTED_EDGE('',*,*,#806,.T.);
#1458=ORIENTED_EDGE('',*,*,#809,.F.);
#1459=ORIENTED_EDGE('',*,*,#811,.F.);
#1460=ORIENTED_EDGE('',*,*,#995,.T.);
#1461=ORIENTED_EDGE('',*,*,#878,.T.);
#1462=ORIENTED_EDGE('',*,*,#986,.F.);
#1463=ORIENTED_EDGE('',*,*,#984,.F.);
#1464=ORIENTED_EDGE('',*,*,#1005,.F.);
#1465=ORIENTED_EDGE('',*,*,#1006,.F.);
#1466=ORIENTED_EDGE('',*,*,#1006,.T.);
#1467=ORIENTED_EDGE('',*,*,#1007,.T.);
#1468=ORIENTED_EDGE('',*,*,#1008,.T.);
#1469=ORIENTED_EDGE('',*,*,#1007,.F.);
#1470=ORIENTED_EDGE('',*,*,#1005,.T.);
#1471=ORIENTED_EDGE('',*,*,#1009,.T.);
#1472=ORIENTED_EDGE('',*,*,#1008,.F.);
#1473=ORIENTED_EDGE('',*,*,#1009,.F.);
#1474=PLANE('',#1647);
#1475=PLANE('',#1649);
#1476=PLANE('',#1650);
#1477=PLANE('',#1652);
#1478=PLANE('',#1653);
#1479=PLANE('',#1654);
#1480=PLANE('',#1655);
#1481=PLANE('',#1656);
#1482=PLANE('',#1658);
#1483=PLANE('',#1660);
#1484=PLANE('',#1661);
#1485=PLANE('',#1662);
#1486=PLANE('',#1663);
#1487=PLANE('',#1664);
#1488=PLANE('',#1666);
#1489=PLANE('',#1668);
#1490=PLANE('',#1669);
#1491=PLANE('',#1670);
#1492=PLANE('',#1671);
#1493=PLANE('',#1673);
#1494=PLANE('',#1674);
#1495=PLANE('',#1676);
#1496=PLANE('',#1677);
#1497=PLANE('',#1678);
#1498=PLANE('',#1679);
#1499=PLANE('',#1680);
#1500=PLANE('',#1681);
#1501=PLANE('',#1690);
#1502=PLANE('',#1691);
#1503=PLANE('',#1692);
#1504=PLANE('',#1693);
#1505=PLANE('',#1694);
#1506=PLANE('',#1695);
#1507=PLANE('',#1697);
#1508=PLANE('',#1704);
#1509=PLANE('',#1706);
#1510=PLANE('',#1710);
#1511=PLANE('',#1711);
#1512=PLANE('',#1716);
#1513=PLANE('',#1717);
#1514=PLANE('',#1723);
#1515=PLANE('',#1724);
#1516=PLANE('',#1725);
#1517=PLANE('',#1726);
#1518=PLANE('',#1727);
#1519=PLANE('',#1728);
#1520=PLANE('',#1729);
#1521=PLANE('',#1730);
#1522=PLANE('',#1731);
#1523=PLANE('',#1732);
#1524=PLANE('',#1733);
#1525=PLANE('',#1738);
#1526=PLANE('',#1739);
#1527=PLANE('',#1740);
#1528=PLANE('',#1741);
#1529=PLANE('',#1742);
#1530=PLANE('',#1743);
#1531=PLANE('',#1744);
#1532=PLANE('',#1745);
#1533=PLANE('',#1746);
#1534=PLANE('',#1747);
#1535=PLANE('',#1761);
#1536=PLANE('',#1762);
#1537=PLANE('',#1763);
#1538=PLANE('',#1764);
#1539=PLANE('',#1765);
#1540=PLANE('',#1766);
#1541=PLANE('',#1767);
#1542=PLANE('',#1768);
#1543=PLANE('',#1769);
#1544=PLANE('',#1770);
#1545=PLANE('',#1772);
#1546=ADVANCED_FACE('',(#70),#1474,.T.);
#1547=ADVANCED_FACE('',(#71),#1475,.T.);
#1548=ADVANCED_FACE('',(#72),#1476,.T.);
#1549=ADVANCED_FACE('',(#73),#1477,.T.);
#1550=ADVANCED_FACE('',(#74),#1478,.T.);
#1551=ADVANCED_FACE('',(#75),#1479,.T.);
#1552=ADVANCED_FACE('',(#76),#1480,.T.);
#1553=ADVANCED_FACE('',(#77),#1481,.T.);
#1554=ADVANCED_FACE('',(#78),#1482,.T.);
#1555=ADVANCED_FACE('',(#79),#1483,.T.);
#1556=ADVANCED_FACE('',(#80),#1484,.T.);
#1557=ADVANCED_FACE('',(#81),#1485,.T.);
#1558=ADVANCED_FACE('',(#82),#1486,.T.);
#1559=ADVANCED_FACE('',(#83),#1487,.T.);
#1560=ADVANCED_FACE('',(#84),#1488,.T.);
#1561=ADVANCED_FACE('',(#85),#1489,.T.);
#1562=ADVANCED_FACE('',(#86),#1490,.T.);
#1563=ADVANCED_FACE('',(#87),#1491,.T.);
#1564=ADVANCED_FACE('',(#88),#1492,.T.);
#1565=ADVANCED_FACE('',(#89),#1493,.T.);
#1566=ADVANCED_FACE('',(#90),#1494,.T.);
#1567=ADVANCED_FACE('',(#91),#1495,.T.);
#1568=ADVANCED_FACE('',(#92),#1496,.T.);
#1569=ADVANCED_FACE('',(#93),#1497,.T.);
#1570=ADVANCED_FACE('',(#94),#1498,.T.);
#1571=ADVANCED_FACE('',(#95),#1499,.T.);
#1572=ADVANCED_FACE('',(#96,#33),#1500,.T.);
#1573=ADVANCED_FACE('',(#97),#1501,.T.);
#1574=ADVANCED_FACE('',(#98),#1502,.T.);
#1575=ADVANCED_FACE('',(#99),#1503,.T.);
#1576=ADVANCED_FACE('',(#100),#1504,.T.);
#1577=ADVANCED_FACE('',(#101),#1505,.T.);
#1578=ADVANCED_FACE('',(#102),#1506,.T.);
#1579=ADVANCED_FACE('',(#103),#1507,.T.);
#1580=ADVANCED_FACE('',(#104),#1508,.T.);
#1581=ADVANCED_FACE('',(#105),#1509,.T.);
#1582=ADVANCED_FACE('',(#106),#21,.T.);
#1583=ADVANCED_FACE('',(#107),#1510,.F.);
#1584=ADVANCED_FACE('',(#108),#1511,.F.);
#1585=ADVANCED_FACE('',(#109),#22,.T.);
#1586=ADVANCED_FACE('',(#110),#23,.T.);
#1587=ADVANCED_FACE('',(#111),#1512,.F.);
#1588=ADVANCED_FACE('',(#112,#34),#1513,.T.);
#1589=ADVANCED_FACE('',(#113),#24,.T.);
#1590=ADVANCED_FACE('',(#114),#25,.T.);
#1591=ADVANCED_FACE('',(#115),#1514,.T.);
#1592=ADVANCED_FACE('',(#116),#1515,.T.);
#1593=ADVANCED_FACE('',(#117),#1516,.T.);
#1594=ADVANCED_FACE('',(#118),#1517,.T.);
#1595=ADVANCED_FACE('',(#119),#1518,.T.);
#1596=ADVANCED_FACE('',(#120),#1519,.T.);
#1597=ADVANCED_FACE('',(#121),#1520,.T.);
#1598=ADVANCED_FACE('',(#122),#1521,.T.);
#1599=ADVANCED_FACE('',(#123),#1522,.T.);
#1600=ADVANCED_FACE('',(#124),#1523,.T.);
#1601=ADVANCED_FACE('',(#125),#1524,.F.);
#1602=ADVANCED_FACE('',(#126),#17,.T.);
#1603=ADVANCED_FACE('',(#127),#26,.T.);
#1604=ADVANCED_FACE('',(#128),#1525,.T.);
#1605=ADVANCED_FACE('',(#129),#1526,.T.);
#1606=ADVANCED_FACE('',(#130),#1527,.T.);
#1607=ADVANCED_FACE('',(#131),#1528,.T.);
#1608=ADVANCED_FACE('',(#132),#1529,.T.);
#1609=ADVANCED_FACE('',(#133),#1530,.T.);
#1610=ADVANCED_FACE('',(#134),#1531,.T.);
#1611=ADVANCED_FACE('',(#135),#1532,.T.);
#1612=ADVANCED_FACE('',(#136),#1533,.T.);
#1613=ADVANCED_FACE('',(#137),#1534,.T.);
#1614=ADVANCED_FACE('',(#138),#27,.T.);
#1615=ADVANCED_FACE('',(#139),#28,.T.);
#1616=ADVANCED_FACE('',(#140),#29,.T.);
#1617=ADVANCED_FACE('',(#141),#30,.T.);
#1618=ADVANCED_FACE('',(#142),#31,.F.);
#1619=ADVANCED_FACE('',(#143),#1535,.F.);
#1620=ADVANCED_FACE('',(#144),#1536,.T.);
#1621=ADVANCED_FACE('',(#145),#1537,.F.);
#1622=ADVANCED_FACE('',(#146),#1538,.T.);
#1623=ADVANCED_FACE('',(#147),#1539,.T.);
#1624=ADVANCED_FACE('',(#148),#1540,.F.);
#1625=ADVANCED_FACE('',(#149),#1541,.T.);
#1626=ADVANCED_FACE('',(#150),#1542,.T.);
#1627=ADVANCED_FACE('',(#151,#35),#1543,.T.);
#1628=ADVANCED_FACE('',(#152),#1544,.T.);
#1629=ADVANCED_FACE('',(#153),#1545,.F.);
#1630=ADVANCED_FACE('',(#154),#18,.T.);
#1631=ADVANCED_FACE('',(#155),#32,.T.);
#1632=CLOSED_SHELL('',(#1546,#1547,#1548,#1549,#1550,#1551,#1552,#1553,
#1554,#1555,#1556,#1557,#1558,#1559,#1560,#1561,#1562,#1563,#1564,#1565,
#1566,#1567,#1568,#1569,#1570,#1571,#1572,#1573,#1574,#1575,#1576,#1577,
#1578,#1579,#1580,#1581,#1582,#1583,#1584,#1585,#1586,#1587,#1588,#1589,
#1590,#1591,#1592,#1593,#1594,#1595,#1596,#1597,#1598,#1599,#1600,#1601,
#1602,#1603,#1604,#1605,#1606,#1607,#1608,#1609,#1610,#1611,#1612,#1613,
#1614,#1615,#1616,#1617,#1618,#1619,#1620,#1621,#1622,#1623,#1624,#1625,
#1626,#1627));
#1633=CLOSED_SHELL('',(#1628,#1629,#1630,#1631));
#1634=DERIVED_UNIT_ELEMENT(#1636,1.);
#1635=DERIVED_UNIT_ELEMENT(#2704,-3.);
#1636=(
MASS_UNIT()
NAMED_UNIT(*)
SI_UNIT(.KILO.,.GRAM.)
);
#1637=DERIVED_UNIT((#1634,#1635));
#1638=MEASURE_REPRESENTATION_ITEM('density measure',
POSITIVE_RATIO_MEASURE(1060.),#1637);
#1639=PROPERTY_DEFINITION_REPRESENTATION(#1644,#1641);
#1640=PROPERTY_DEFINITION_REPRESENTATION(#1645,#1642);
#1641=REPRESENTATION('material name',(#1643),#2701);
#1642=REPRESENTATION('density',(#1638),#2701);
#1643=DESCRIPTIVE_REPRESENTATION_ITEM('ABS Plastic','ABS Plastic');
#1644=PROPERTY_DEFINITION('material property','material name',#2711);
#1645=PROPERTY_DEFINITION('material property','density of part',#2711);
#1646=AXIS2_PLACEMENT_3D('',#2225,#1777,#1778);
#1647=AXIS2_PLACEMENT_3D('',#2226,#1779,#1780);
#1648=AXIS2_PLACEMENT_3D('',#2231,#1782,#1783);
#1649=AXIS2_PLACEMENT_3D('',#2235,#1786,#1787);
#1650=AXIS2_PLACEMENT_3D('',#2241,#1791,#1792);
#1651=AXIS2_PLACEMENT_3D('',#2245,#1794,#1795);
#1652=AXIS2_PLACEMENT_3D('',#2247,#1797,#1798);
#1653=AXIS2_PLACEMENT_3D('',#2253,#1802,#1803);
#1654=AXIS2_PLACEMENT_3D('',#2257,#1806,#1807);
#1655=AXIS2_PLACEMENT_3D('',#2261,#1810,#1811);
#1656=AXIS2_PLACEMENT_3D('',#2270,#1816,#1817);
#1657=AXIS2_PLACEMENT_3D('',#2274,#1819,#1820);
#1658=AXIS2_PLACEMENT_3D('',#2276,#1822,#1823);
#1659=AXIS2_PLACEMENT_3D('',#2280,#1825,#1826);
#1660=AXIS2_PLACEMENT_3D('',#2282,#1828,#1829);
#1661=AXIS2_PLACEMENT_3D('',#2288,#1833,#1834);
#1662=AXIS2_PLACEMENT_3D('',#2292,#1837,#1838);
#1663=AXIS2_PLACEMENT_3D('',#2296,#1841,#1842);
#1664=AXIS2_PLACEMENT_3D('',#2305,#1847,#1848);
#1665=AXIS2_PLACEMENT_3D('',#2309,#1850,#1851);
#1666=AXIS2_PLACEMENT_3D('',#2311,#1853,#1854);
#1667=AXIS2_PLACEMENT_3D('',#2315,#1856,#1857);
#1668=AXIS2_PLACEMENT_3D('',#2317,#1859,#1860);
#1669=AXIS2_PLACEMENT_3D('',#2323,#1864,#1865);
#1670=AXIS2_PLACEMENT_3D('',#2327,#1868,#1869);
#1671=AXIS2_PLACEMENT_3D('',#2331,#1872,#1873);
#1672=AXIS2_PLACEMENT_3D('',#2336,#1875,#1876);
#1673=AXIS2_PLACEMENT_3D('',#2340,#1879,#1880);
#1674=AXIS2_PLACEMENT_3D('',#2346,#1884,#1885);
#1675=AXIS2_PLACEMENT_3D('',#2350,#1887,#1888);
#1676=AXIS2_PLACEMENT_3D('',#2352,#1890,#1891);
#1677=AXIS2_PLACEMENT_3D('',#2358,#1895,#1896);
#1678=AXIS2_PLACEMENT_3D('',#2362,#1899,#1900);
#1679=AXIS2_PLACEMENT_3D('',#2366,#1903,#1904);
#1680=AXIS2_PLACEMENT_3D('',#2375,#1909,#1910);
#1681=AXIS2_PLACEMENT_3D('',#2383,#1915,#1916);
#1682=AXIS2_PLACEMENT_3D('',#2384,#1917,#1918);
#1683=AXIS2_PLACEMENT_3D('',#2385,#1919,#1920);
#1684=AXIS2_PLACEMENT_3D('',#2386,#1921,#1922);
#1685=AXIS2_PLACEMENT_3D('',#2387,#1923,#1924);
#1686=AXIS2_PLACEMENT_3D('',#2391,#1926,#1927);
#1687=AXIS2_PLACEMENT_3D('',#2403,#1933,#1934);
#1688=AXIS2_PLACEMENT_3D('',#2411,#1938,#1939);
#1689=AXIS2_PLACEMENT_3D('',#2418,#1943,#1944);
#1690=AXIS2_PLACEMENT_3D('',#2419,#1945,#1946);
#1691=AXIS2_PLACEMENT_3D('',#2425,#1950,#1951);
#1692=AXIS2_PLACEMENT_3D('',#2431,#1955,#1956);
#1693=AXIS2_PLACEMENT_3D('',#2437,#1960,#1961);
#1694=AXIS2_PLACEMENT_3D('',#2443,#1965,#1966);
#1695=AXIS2_PLACEMENT_3D('',#2447,#1969,#1970);
#1696=AXIS2_PLACEMENT_3D('',#2452,#1973,#1974);
#1697=AXIS2_PLACEMENT_3D('',#2453,#1975,#1976);
#1698=AXIS2_PLACEMENT_3D('',#2459,#1979,#1980);
#1699=AXIS2_PLACEMENT_3D('',#2463,#1982,#1983);
#1700=AXIS2_PLACEMENT_3D('',#2465,#1984,#1985);
#1701=AXIS2_PLACEMENT_3D('',#2469,#1987,#1988);
#1702=AXIS2_PLACEMENT_3D('',#2471,#1989,#1990);
#1703=AXIS2_PLACEMENT_3D('',#2474,#1992,#1993);
#1704=AXIS2_PLACEMENT_3D('',#2475,#1994,#1995);
#1705=AXIS2_PLACEMENT_3D('',#2477,#1997,#1998);
#1706=AXIS2_PLACEMENT_3D('',#2478,#1999,#2000);
#1707=AXIS2_PLACEMENT_3D('',#2479,#2001,#2002);
#1708=AXIS2_PLACEMENT_3D('',#2483,#2004,#2005);
#1709=AXIS2_PLACEMENT_3D('',#2488,#2008,#2009);
#1710=AXIS2_PLACEMENT_3D('',#2490,#2011,#2012);
#1711=AXIS2_PLACEMENT_3D('',#2494,#2015,#2016);
#1712=AXIS2_PLACEMENT_3D('',#2498,#2019,#2020);
#1713=AXIS2_PLACEMENT_3D('',#2501,#2022,#2023);
#1714=AXIS2_PLACEMENT_3D('',#2502,#2024,#2025);
#1715=AXIS2_PLACEMENT_3D('',#2505,#2027,#2028);
#1716=AXIS2_PLACEMENT_3D('',#2506,#2029,#2030);
#1717=AXIS2_PLACEMENT_3D('',#2510,#2033,#2034);
#1718=AXIS2_PLACEMENT_3D('',#2512,#2035,#2036);
#1719=AXIS2_PLACEMENT_3D('',#2513,#2037,#2038);
#1720=AXIS2_PLACEMENT_3D('',#2516,#2039,#2040);
#1721=AXIS2_PLACEMENT_3D('',#2552,#2059,#2060);
#1722=AXIS2_PLACEMENT_3D('',#2554,#2062,#2063);
#1723=AXIS2_PLACEMENT_3D('',#2555,#2064,#2065);
#1724=AXIS2_PLACEMENT_3D('',#2561,#2069,#2070);
#1725=AXIS2_PLACEMENT_3D('',#2565,#2073,#2074);
#1726=AXIS2_PLACEMENT_3D('',#2569,#2077,#2078);
#1727=AXIS2_PLACEMENT_3D('',#2573,#2081,#2082);
#1728=AXIS2_PLACEMENT_3D('',#2577,#2085,#2086);
#1729=AXIS2_PLACEMENT_3D('',#2581,#2089,#2090);
#1730=AXIS2_PLACEMENT_3D('',#2585,#2093,#2094);
#1731=AXIS2_PLACEMENT_3D('',#2589,#2097,#2098);
#1732=AXIS2_PLACEMENT_3D('',#2593,#2101,#2102);
#1733=AXIS2_PLACEMENT_3D('',#2601,#2105,#2106);
#1734=AXIS2_PLACEMENT_3D('',#2603,#2107,#2108);
#1735=AXIS2_PLACEMENT_3D('',#2619,#2117,#2118);
#1736=AXIS2_PLACEMENT_3D('',#2624,#2119,#2120);
#1737=AXIS2_PLACEMENT_3D('',#2625,#2121,#2122);
#1738=AXIS2_PLACEMENT_3D('',#2627,#2124,#2125);
#1739=AXIS2_PLACEMENT_3D('',#2629,#2127,#2128);
#1740=AXIS2_PLACEMENT_3D('',#2631,#2130,#2131);
#1741=AXIS2_PLACEMENT_3D('',#2633,#2133,#2134);
#1742=AXIS2_PLACEMENT_3D('',#2635,#2136,#2137);
#1743=AXIS2_PLACEMENT_3D('',#2637,#2139,#2140);
#1744=AXIS2_PLACEMENT_3D('',#2639,#2142,#2143);
#1745=AXIS2_PLACEMENT_3D('',#2641,#2145,#2146);
#1746=AXIS2_PLACEMENT_3D('',#2642,#2147,#2148);
#1747=AXIS2_PLACEMENT_3D('',#2648,#2152,#2153);
#1748=AXIS2_PLACEMENT_3D('',#2650,#2155,#2156);
#1749=AXIS2_PLACEMENT_3D('',#2651,#2157,#2158);
#1750=AXIS2_PLACEMENT_3D('',#2652,#2159,#2160);
#1751=AXIS2_PLACEMENT_3D('',#2653,#2161,#2162);
#1752=AXIS2_PLACEMENT_3D('',#2654,#2163,#2164);
#1753=AXIS2_PLACEMENT_3D('',#2655,#2165,#2166);
#1754=AXIS2_PLACEMENT_3D('',#2656,#2167,#2168);
#1755=AXIS2_PLACEMENT_3D('',#2657,#2169,#2170);
#1756=AXIS2_PLACEMENT_3D('',#2658,#2171,#2172);
#1757=AXIS2_PLACEMENT_3D('',#2661,#2173,#2174);
#1758=AXIS2_PLACEMENT_3D('',#2665,#2177,#2178);
#1759=AXIS2_PLACEMENT_3D('',#2666,#2179,#2180);
#1760=AXIS2_PLACEMENT_3D('',#2669,#2182,#2183);
#1761=AXIS2_PLACEMENT_3D('',#2671,#2185,#2186);
#1762=AXIS2_PLACEMENT_3D('',#2673,#2188,#2189);
#1763=AXIS2_PLACEMENT_3D('',#2674,#2190,#2191);
#1764=AXIS2_PLACEMENT_3D('',#2677,#2194,#2195);
#1765=AXIS2_PLACEMENT_3D('',#2678,#2196,#2197);
#1766=AXIS2_PLACEMENT_3D('',#2679,#2198,#2199);
#1767=AXIS2_PLACEMENT_3D('',#2683,#2202,#2203);
#1768=AXIS2_PLACEMENT_3D('',#2685,#2205,#2206);
#1769=AXIS2_PLACEMENT_3D('',#2686,#2207,#2208);
#1770=AXIS2_PLACEMENT_3D('',#2687,#2209,#2210);
#1771=AXIS2_PLACEMENT_3D('',#2689,#2211,#2212);
#1772=AXIS2_PLACEMENT_3D('',#2690,#2213,#2214);
#1773=AXIS2_PLACEMENT_3D('',#2692,#2215,#2216);
#1774=AXIS2_PLACEMENT_3D('',#2693,#2217,#2218);
#1775=AXIS2_PLACEMENT_3D('',#2696,#2220,#2221);
#1776=AXIS2_PLACEMENT_3D('',#2697,#2222,#2223);
#1777=DIRECTION('axis',(0.,0.,1.));
#1778=DIRECTION('refdir',(1.,0.,0.));
#1779=DIRECTION('center_axis',(-2.2312361139469E-30,0.707106949773924,-0.707106612599131));
#1780=DIRECTION('ref_axis',(-1.,0.,3.1554451255172E-30));
#1781=DIRECTION('',(1.,3.15544362088405E-30,0.));
#1782=DIRECTION('center_axis',(-2.2312361139469E-30,0.707106949773924,-0.707106612599131));
#1783=DIRECTION('ref_axis',(2.23123505001086E-30,-0.707106612599131,-0.707106949773924));
#1784=DIRECTION('',(-1.,-3.15544362088405E-30,0.));
#1785=DIRECTION('',(-0.577350177422249,0.577350177422249,0.577350452724336));
#1786=DIRECTION('center_axis',(-0.707106949773924,1.78066930294977E-246,
-0.707106612599131));
#1787=DIRECTION('ref_axis',(-0.707106612599131,0.,0.707106949773924));
#1788=DIRECTION('',(2.51824607793643E-246,1.,0.));
#1789=DIRECTION('',(-2.51824607793643E-246,-1.,0.));
#1790=DIRECTION('',(-0.577350177422249,-0.577350177422249,0.577350452724336));
#1791=DIRECTION('center_axis',(2.2312361139469E-30,-0.707106949773924,-0.707106612599131));
#1792=DIRECTION('ref_axis',(-1.,0.,-3.1554451255172E-30));
#1793=DIRECTION('',(1.,3.15544362088405E-30,0.));
#1794=DIRECTION('center_axis',(2.2312361139469E-30,-0.707106949773924,-0.707106612599131));
#1795=DIRECTION('ref_axis',(2.23123505001086E-30,-0.707106612599131,0.707106949773924));
#1796=DIRECTION('',(-1.,-3.15544362088405E-30,0.));
#1797=DIRECTION('center_axis',(-3.15544362088405E-30,1.,3.82633041148034E-49));
#1798=DIRECTION('ref_axis',(-1.,-3.15544362088405E-30,-6.84227765783602E-49));
#1799=DIRECTION('',(9.63564155159924E-295,3.82633041148034E-49,-1.));
#1800=DIRECTION('',(-1.,-3.15544362088405E-30,-6.84227765783602E-49));
#1801=DIRECTION('',(-9.63564155159924E-295,-3.82633041148034E-49,1.));
#1802=DIRECTION('center_axis',(-1.,2.51824607793643E-246,0.));
#1803=DIRECTION('ref_axis',(-9.63564155159924E-295,-3.82633041148034E-49,
1.));
#1804=DIRECTION('',(-9.63564155159924E-295,-3.82633041148034E-49,1.));
#1805=DIRECTION('',(-2.51824607793643E-246,-1.,-5.25961046386597E-51));
#1806=DIRECTION('center_axis',(3.15544362088405E-30,-1.,-3.82633041148034E-49));
#1807=DIRECTION('ref_axis',(1.,3.15544362088405E-30,6.84227765783602E-49));
#1808=DIRECTION('',(-9.63564155159924E-295,-3.82633041148034E-49,1.));
#1809=DIRECTION('',(1.,3.15544362088405E-30,6.84227765783602E-49));
#1810=DIRECTION('center_axis',(0.,0.707106949773918,-0.707106612599137));
#1811=DIRECTION('ref_axis',(-1.,0.,0.));
#1812=DIRECTION('',(1.,0.,0.));
#1813=DIRECTION('',(-0.577350177422245,-0.577350177422255,-0.577350452724333));
#1814=DIRECTION('',(-1.,0.,0.));
#1815=DIRECTION('',(-0.577350177422245,0.577350177422255,0.577350452724333));
#1816=DIRECTION('center_axis',(0.707106949773924,2.2312361139469E-30,-0.707106612599131));
#1817=DIRECTION('ref_axis',(-0.707106612599131,0.,-0.707106949773924));
#1818=DIRECTION('',(3.15544362088405E-30,-1.,0.));
#1819=DIRECTION('center_axis',(0.707106949773924,2.2312361139469E-30,-0.707106612599131));
#1820=DIRECTION('ref_axis',(-0.707106612599131,-2.23123505001086E-30,-0.707106949773924));
#1821=DIRECTION('',(-3.15544362088405E-30,1.,0.));
#1822=DIRECTION('center_axis',(-0.707106949773924,-2.2312361139469E-30,
-0.707106612599131));
#1823=DIRECTION('ref_axis',(-0.707106612599131,0.,0.707106949773924));
#1824=DIRECTION('',(3.15544362088405E-30,-1.,0.));
#1825=DIRECTION('center_axis',(-0.707106949773924,-2.2312361139469E-30,
-0.707106612599131));
#1826=DIRECTION('ref_axis',(-0.707106612599131,-2.23123505001086E-30,0.707106949773924));
#1827=DIRECTION('',(-3.15544362088405E-30,1.,0.));
#1828=DIRECTION('center_axis',(1.,3.15544362088405E-30,1.20737698883003E-78));
#1829=DIRECTION('ref_axis',(-3.15544362088405E-30,1.,5.25961046386597E-51));
#1830=DIRECTION('',(0.,0.,-1.));
#1831=DIRECTION('',(-3.15544362088405E-30,1.,5.25961046386597E-51));
#1832=DIRECTION('',(0.,0.,1.));
#1833=DIRECTION('center_axis',(0.,1.,0.));
#1834=DIRECTION('ref_axis',(0.,0.,1.));
#1835=DIRECTION('',(0.,0.,1.));
#1836=DIRECTION('',(1.,3.15544362088405E-30,6.84227765783602E-49));
#1837=DIRECTION('center_axis',(-1.,-3.15544362088405E-30,-1.20737698883003E-78));
#1838=DIRECTION('ref_axis',(3.15544362088405E-30,-1.,-5.25961046386597E-51));
#1839=DIRECTION('',(0.,0.,1.));
#1840=DIRECTION('',(0.,1.,0.));
#1841=DIRECTION('center_axis',(0.707106949773926,-1.78066930294978E-246,
-0.707106612599129));
#1842=DIRECTION('ref_axis',(-0.707106612599129,0.,-0.707106949773926));
#1843=DIRECTION('',(-2.51824607793643E-246,-1.,0.));
#1844=DIRECTION('',(-0.577350177422246,0.57735017742225,-0.577350452724337));
#1845=DIRECTION('',(2.51824607793643E-246,1.,0.));
#1846=DIRECTION('',(0.577350177422245,0.57735017742225,0.577350452724338));
#1847=DIRECTION('center_axis',(2.2312361139469E-30,-0.707106949773924,-0.707106612599131));
#1848=DIRECTION('ref_axis',(-1.,0.,-3.1554451255172E-30));
#1849=DIRECTION('',(-1.,-3.15544362088405E-30,0.));
#1850=DIRECTION('center_axis',(2.2312361139469E-30,-0.707106949773924,-0.707106612599131));
#1851=DIRECTION('ref_axis',(2.23123505001086E-30,-0.707106612599131,0.707106949773924));
#1852=DIRECTION('',(1.,3.15544362088405E-30,0.));
#1853=DIRECTION('center_axis',(-2.2312361139469E-30,0.707106949773924,-0.707106612599131));
#1854=DIRECTION('ref_axis',(-1.,0.,3.1554451255172E-30));
#1855=DIRECTION('',(-1.,-3.15544362088405E-30,0.));
#1856=DIRECTION('center_axis',(-2.2312361139469E-30,0.707106949773924,-0.707106612599131));
#1857=DIRECTION('ref_axis',(2.23123505001086E-30,-0.707106612599131,-0.707106949773924));
#1858=DIRECTION('',(1.,3.15544362088405E-30,0.));
#1859=DIRECTION('center_axis',(3.15544362088405E-30,-1.,-3.82633041148034E-49));
#1860=DIRECTION('ref_axis',(1.,3.15544362088405E-30,6.84227765783602E-49));
#1861=DIRECTION('',(9.63564155159924E-295,3.82633041148034E-49,-1.));
#1862=DIRECTION('',(1.,3.15544362088405E-30,6.84227765783602E-49));
#1863=DIRECTION('',(0.,0.,1.));
#1864=DIRECTION('center_axis',(1.,-2.51824607793643E-246,0.));
#1865=DIRECTION('ref_axis',(9.63564155159924E-295,3.82633041148034E-49,
-1.));
#1866=DIRECTION('',(0.,0.,1.));
#1867=DIRECTION('',(2.51824607793643E-246,1.,5.25961046386597E-51));
#1868=DIRECTION('center_axis',(-3.15544362088405E-30,1.,3.82633041148034E-49));
#1869=DIRECTION('ref_axis',(-1.,-3.15544362088405E-30,-6.84227765783602E-49));
#1870=DIRECTION('',(0.,0.,1.));
#1871=DIRECTION('',(-1.,-3.15544362088405E-30,-6.84227765783602E-49));
#1872=DIRECTION('center_axis',(-0.707106949773924,-2.2312361139469E-30,
-0.707106612599131));
#1873=DIRECTION('ref_axis',(-0.707106612599131,0.,0.707106949773924));
#1874=DIRECTION('',(-3.15544362088405E-30,1.,0.));
#1875=DIRECTION('center_axis',(-0.707106949773924,-2.2312361139469E-30,
-0.707106612599131));
#1876=DIRECTION('ref_axis',(-0.707106612599131,-2.23123505001086E-30,0.707106949773924));
#1877=DIRECTION('',(3.15544362088405E-30,-1.,0.));
#1878=DIRECTION('',(-0.577350177422247,-0.577350177422252,0.577350452724334));
#1879=DIRECTION('center_axis',(0.,-0.707106949773921,-0.707106612599134));
#1880=DIRECTION('ref_axis',(-1.,0.,0.));
#1881=DIRECTION('',(-1.,0.,0.));
#1882=DIRECTION('',(1.,0.,0.));
#1883=DIRECTION('',(0.577350177422247,-0.577350177422252,0.577350452724334));
#1884=DIRECTION('center_axis',(0.707106949773924,2.2312361139469E-30,-0.707106612599131));
#1885=DIRECTION('ref_axis',(-0.707106612599131,0.,-0.707106949773924));
#1886=DIRECTION('',(-3.15544362088405E-30,1.,0.));
#1887=DIRECTION('center_axis',(0.707106949773924,2.2312361139469E-30,-0.707106612599131));
#1888=DIRECTION('ref_axis',(-0.707106612599131,-2.23123505001086E-30,-0.707106949773924));
#1889=DIRECTION('',(3.15544362088405E-30,-1.,0.));
#1890=DIRECTION('center_axis',(-1.,-3.15544362088405E-30,-1.20737698883003E-78));
#1891=DIRECTION('ref_axis',(3.15544362088405E-30,-1.,-5.25961046386931E-51));
#1892=DIRECTION('',(9.63564155159924E-295,3.82633041148034E-49,-1.));
#1893=DIRECTION('',(3.15544362088405E-30,-1.,-5.25961046386597E-51));
#1894=DIRECTION('',(-9.63564155159924E-295,-3.82633041148034E-49,1.));
#1895=DIRECTION('center_axis',(0.,-1.,0.));
#1896=DIRECTION('ref_axis',(0.,0.,-1.));
#1897=DIRECTION('',(-9.63564155159924E-295,-3.82633041148034E-49,1.));
#1898=DIRECTION('',(-1.,-3.15544362088405E-30,-6.84227765783602E-49));
#1899=DIRECTION('center_axis',(1.,3.15544362088405E-30,1.20737698883003E-78));
#1900=DIRECTION('ref_axis',(-3.15544362088405E-30,1.,5.25961046386597E-51));
#1901=DIRECTION('',(-9.63564155159924E-295,-3.82633041148034E-49,1.));
#1902=DIRECTION('',(0.,-1.,0.));
#1903=DIRECTION('center_axis',(0.70710678118655,0.,-0.707106781186545));
#1904=DIRECTION('ref_axis',(-0.707106781186545,0.,-0.70710678118655));
#1905=DIRECTION('',(-0.707106781186545,0.,-0.70710678118655));
#1906=DIRECTION('',(0.,1.,0.));
#1907=DIRECTION('',(0.707106781186545,0.,0.70710678118655));
#1908=DIRECTION('',(0.,-1.,0.));
#1909=DIRECTION('center_axis',(0.,1.,0.));
#1910=DIRECTION('ref_axis',(1.,0.,0.));
#1911=DIRECTION('',(1.,0.,0.));
#1912=DIRECTION('',(-9.63564155159924E-295,-3.82633041148034E-49,1.));
#1913=DIRECTION('',(-1.,0.,0.));
#1914=DIRECTION('',(0.,0.,-1.));
#1915=DIRECTION('center_axis',(0.,0.,-1.));
#1916=DIRECTION('ref_axis',(-1.,0.,0.));
#1917=DIRECTION('center_axis',(-6.84227765783602E-49,-5.25961046386597E-51,
1.));
#1918=DIRECTION('ref_axis',(-1.,-3.15544362088405E-30,-1.20737698883003E-78));
#1919=DIRECTION('center_axis',(-6.84227765783602E-49,-5.25961046386597E-51,
1.));
#1920=DIRECTION('ref_axis',(-1.,-3.15544362088405E-30,-1.20737698883003E-78));
#1921=DIRECTION('center_axis',(-6.84227765783602E-49,-5.25961046386597E-51,
1.));
#1922=DIRECTION('ref_axis',(-1.,-3.15544362088405E-30,-1.20737698883003E-78));
#1923=DIRECTION('center_axis',(-6.84227765783602E-49,-5.25961046386597E-51,
1.));
#1924=DIRECTION('ref_axis',(-1.,-3.15544362088405E-30,-1.20737698883003E-78));
#1925=DIRECTION('',(-1.,0.,0.));
#1926=DIRECTION('center_axis',(6.84227765783602E-49,5.25961046386597E-51,
-1.));
#1927=DIRECTION('ref_axis',(-1.,-3.15544362088405E-30,-1.20737698883003E-78));
#1928=DIRECTION('',(0.,-1.,0.));
#1929=DIRECTION('',(0.,-1.,0.));
#1930=DIRECTION('',(-1.,0.,0.));
#1931=DIRECTION('',(0.,1.,0.));
#1932=DIRECTION('',(0.,1.,0.));
#1933=DIRECTION('center_axis',(6.84227765783602E-49,5.25961046386597E-51,
-1.));
#1934=DIRECTION('ref_axis',(-1.,-3.15544362088405E-30,-1.20737698883003E-78));
#1935=DIRECTION('',(-1.,0.,0.));
#1936=DIRECTION('',(0.,-1.,0.));
#1937=DIRECTION('',(1.,0.,0.));
#1938=DIRECTION('center_axis',(6.84227765783602E-49,5.25961046386597E-51,
-1.));
#1939=DIRECTION('ref_axis',(-1.,-3.15544362088405E-30,-1.20737698883003E-78));
#1940=DIRECTION('',(0.,1.,0.));
#1941=DIRECTION('',(1.,0.,0.));
#1942=DIRECTION('',(0.,-1.,0.));
#1943=DIRECTION('center_axis',(6.84227765783602E-49,5.25961046386597E-51,
-1.));
#1944=DIRECTION('ref_axis',(-1.,-3.15544362088405E-30,-1.20737698883003E-78));
#1945=DIRECTION('center_axis',(0.,-0.707106781186549,-0.707106781186546));
#1946=DIRECTION('ref_axis',(-1.,0.,0.));
#1947=DIRECTION('',(-6.81342748221871E-295,-0.707106781186546,0.707106781186549));
#1948=DIRECTION('',(-1.,0.,0.));
#1949=DIRECTION('',(6.81342748221871E-295,0.707106781186546,-0.707106781186549));
#1950=DIRECTION('center_axis',(-1.,0.,-9.63564155159924E-295));
#1951=DIRECTION('ref_axis',(9.63564155159924E-295,3.82633041148034E-49,
-1.));
#1952=DIRECTION('',(-9.63564155159924E-295,0.,1.));
#1953=DIRECTION('',(0.,1.,5.25961046386597E-51));
#1954=DIRECTION('',(-9.63564155159924E-295,-3.82633041148034E-49,1.));
#1955=DIRECTION('center_axis',(-0.707106781186548,0.,-0.707106781186547));
#1956=DIRECTION('ref_axis',(-0.707106781186547,0.,0.707106781186548));
#1957=DIRECTION('',(0.707106781186547,0.,-0.707106781186548));
#1958=DIRECTION('',(-0.707106781186547,0.,0.707106781186548));
#1959=DIRECTION('',(0.,1.,0.));
#1960=DIRECTION('center_axis',(-1.,0.,0.));
#1961=DIRECTION('ref_axis',(0.,1.,0.));
#1962=DIRECTION('',(0.,0.,-1.));
#1963=DIRECTION('',(0.,1.,0.));
#1964=DIRECTION('',(0.,0.,-1.));
#1965=DIRECTION('center_axis',(0.,-1.,0.));
#1966=DIRECTION('ref_axis',(-1.,0.,0.));
#1967=DIRECTION('',(9.63564155159924E-295,3.82633041148034E-49,-1.));
#1968=DIRECTION('',(-1.,0.,0.));
#1969=DIRECTION('center_axis',(0.707106781186549,0.,-0.707106781186546));
#1970=DIRECTION('ref_axis',(-0.707106781186546,0.,-0.707106781186549));
#1971=DIRECTION('',(0.577350269189625,0.577350269189625,0.577350269189628));
#1972=DIRECTION('',(0.,-1.,0.));
#1973=DIRECTION('center_axis',(0.707106781186549,0.,-0.707106781186546));
#1974=DIRECTION('ref_axis',(-0.707106781186546,0.,-0.707106781186549));
#1975=DIRECTION('center_axis',(0.,0.,-1.));
#1976=DIRECTION('ref_axis',(-1.,0.,0.));
#1977=DIRECTION('',(1.,0.,0.));
#1978=DIRECTION('',(0.,1.,0.));
#1979=DIRECTION('center_axis',(0.,0.,1.));
#1980=DIRECTION('ref_axis',(-1.,0.,0.));
#1981=DIRECTION('',(0.,-1.,0.));
#1982=DIRECTION('center_axis',(0.,0.,1.));
#1983=DIRECTION('ref_axis',(-0.823101718343009,0.567893970086658,0.));
#1984=DIRECTION('center_axis',(0.,0.,1.));
#1985=DIRECTION('ref_axis',(-1.,0.,0.));
#1986=DIRECTION('',(-1.,0.,0.));
#1987=DIRECTION('center_axis',(0.,0.,1.));
#1988=DIRECTION('ref_axis',(-1.,0.,0.));
#1989=DIRECTION('center_axis',(0.,0.,1.));
#1990=DIRECTION('ref_axis',(0.823101718343009,0.567893970086658,0.));
#1991=DIRECTION('',(0.,1.,0.));
#1992=DIRECTION('center_axis',(0.,0.,1.));
#1993=DIRECTION('ref_axis',(-1.,0.,0.));
#1994=DIRECTION('center_axis',(-0.707106781186549,0.,-0.707106781186546));
#1995=DIRECTION('ref_axis',(-0.707106781186546,0.,0.707106781186549));
#1996=DIRECTION('',(0.577350269189625,-0.577350269189625,-0.577350269189628));
#1997=DIRECTION('center_axis',(-0.707106781186549,0.,-0.707106781186546));
#1998=DIRECTION('ref_axis',(-0.707106781186546,0.,0.707106781186549));
#1999=DIRECTION('center_axis',(0.,0.707106781186549,-0.707106781186546));
#2000=DIRECTION('ref_axis',(-1.,0.,0.));
#2001=DIRECTION('center_axis',(0.,0.,-1.));
#2002=DIRECTION('ref_axis',(-1.,0.,0.));
#2003=DIRECTION('',(0.,0.,1.));
#2004=DIRECTION('center_axis',(0.,0.,1.));
#2005=DIRECTION('ref_axis',(-1.,0.,0.));
#2006=DIRECTION('',(0.,0.,-1.));
#2007=DIRECTION('',(0.,0.,-1.));
#2008=DIRECTION('center_axis',(6.84227765783602E-49,5.25961046386597E-51,
-1.));
#2009=DIRECTION('ref_axis',(-1.,0.,0.));
#2010=DIRECTION('',(0.,0.,1.));
#2011=DIRECTION('center_axis',(1.,0.,0.));
#2012=DIRECTION('ref_axis',(0.,0.,-1.));
#2013=DIRECTION('',(0.,1.,5.25961046386597E-51));
#2014=DIRECTION('',(0.,0.,1.));
#2015=DIRECTION('center_axis',(-1.,0.,0.));
#2016=DIRECTION('ref_axis',(0.,0.,1.));
#2017=DIRECTION('',(0.,0.,-1.));
#2018=DIRECTION('',(0.,-1.,-5.25961046386597E-51));
#2019=DIRECTION('center_axis',(0.,0.,-1.));
#2020=DIRECTION('ref_axis',(0.823101718343009,0.567893970086658,0.));
#2021=DIRECTION('',(0.,0.,1.));
#2022=DIRECTION('center_axis',(6.84227765783602E-49,5.25961046386597E-51,
-1.));
#2023=DIRECTION('ref_axis',(0.823101718343009,0.567893970086658,0.));
#2024=DIRECTION('center_axis',(0.,0.,-1.));
#2025=DIRECTION('ref_axis',(-1.,0.,0.));
#2026=DIRECTION('',(0.,0.,1.));
#2027=DIRECTION('center_axis',(6.84227765783602E-49,5.25961046386597E-51,
-1.));
#2028=DIRECTION('ref_axis',(-1.,0.,0.));
#2029=DIRECTION('center_axis',(0.,-1.,0.));
#2030=DIRECTION('ref_axis',(0.,0.,-1.));
#2031=DIRECTION('',(0.,0.,-1.));
#2032=DIRECTION('',(1.,0.,6.84227765783602E-49));
#2033=DIRECTION('center_axis',(-6.84227765783602E-49,-5.25961046386597E-51,
1.));
#2034=DIRECTION('ref_axis',(-1.,-3.15544362088405E-30,-6.84227765783602E-49));
#2035=DIRECTION('center_axis',(6.84227765783602E-49,5.25961046386597E-51,
-1.));
#2036=DIRECTION('ref_axis',(-1.,0.,0.));
#2037=DIRECTION('center_axis',(6.84227765783602E-49,5.25961046386597E-51,
-1.));
#2038=DIRECTION('ref_axis',(-0.823101718343009,0.567893970086658,0.));
#2039=DIRECTION('center_axis',(-6.84227765783602E-49,0.,1.));
#2040=DIRECTION('ref_axis',(-1.,0.,0.));
#2041=DIRECTION('',(-0.0953054453713935,-0.99544807603539,-6.52106319534797E-50));
#2042=DIRECTION('',(-0.130647433581807,-0.991428892103961,-8.93926015850411E-50));
#2043=DIRECTION('',(-0.317403559666503,-0.948290556902805,-2.17176328482373E-49));
#2044=DIRECTION('',(-0.492502754213395,-0.870310885311807,-3.36984059157702E-49));
#2045=DIRECTION('',(-0.649501659758908,-0.760360173845542,-4.44407069529579E-49));
#2046=DIRECTION('',(-0.782644407325784,-0.622469060822843,-5.35507034227552E-49));
#2047=DIRECTION('',(-0.887028939802398,-0.461713829068432,-6.06929829666392E-49));
#2048=DIRECTION('',(-0.958826805817279,-0.283991472488583,-6.56055923117785E-49));
#2049=DIRECTION('',(-0.995396904580092,-0.0958384179354533,-6.8107820008875E-49));
#2050=DIRECTION('',(-0.995396856975998,0.0958389123597723,-6.81078167516707E-49));
#2051=DIRECTION('',(-0.958826805817266,0.283991472488629,-6.56055923117775E-49));
#2052=DIRECTION('',(-0.887028939802372,0.461713829068482,-6.06929829666375E-49));
#2053=DIRECTION('',(-0.782644407325746,0.622469060822891,-5.35507034227527E-49));
#2054=DIRECTION('',(-0.649501659758873,0.760360173845573,-4.44407069529555E-49));
#2055=DIRECTION('',(-0.492502754213342,0.870310885311837,-3.36984059157665E-49));
#2056=DIRECTION('',(-0.317403559666465,0.948290556902818,-2.17176328482348E-49));
#2057=DIRECTION('',(-0.130647433581735,0.99142889210397,-8.93926015849922E-50));
#2058=DIRECTION('',(-0.0953095639809366,0.995447681705957,-6.52134500204855E-50));
#2059=DIRECTION('center_axis',(0.,0.,1.));
#2060=DIRECTION('ref_axis',(-0.823101718343009,0.567893970086658,0.));
#2061=DIRECTION('',(0.,0.,1.));
#2062=DIRECTION('center_axis',(0.,0.,-1.));
#2063=DIRECTION('ref_axis',(-1.,0.,0.));
#2064=DIRECTION('center_axis',(0.0958389123597723,0.995396856975998,0.));
#2065=DIRECTION('ref_axis',(-0.995396856975998,0.0958389123597723,-6.80574092170414E-49));
#2066=DIRECTION('',(1.00176448960792E-145,-3.82633041148035E-49,1.));
#2067=DIRECTION('',(0.995396856975998,-0.0958389123597723,7.17245226666954E-49));
#2068=DIRECTION('',(1.00176448960792E-145,-3.82633041148035E-49,1.));
#2069=DIRECTION('center_axis',(-0.0958384179354533,0.995396904580092,0.));
#2070=DIRECTION('ref_axis',(-0.995396904580092,-0.0958384179354533,-6.81582272834564E-49));
#2071=DIRECTION('',(1.00176448960792E-145,-3.82633041148035E-49,1.));
#2072=DIRECTION('',(0.995396904580092,0.0958384179354533,6.44911327521105E-49));
#2073=DIRECTION('center_axis',(-0.283991472488583,0.958826805817279,0.));
#2074=DIRECTION('ref_axis',(-0.958826805817279,-0.283991472488583,-6.57549607638135E-49));
#2075=DIRECTION('',(1.00176448960792E-145,-3.82633041148035E-49,1.));
#2076=DIRECTION('',(0.958826805817279,0.283991472488583,5.48885086859719E-49));
#2077=DIRECTION('center_axis',(-0.461713829068432,0.887028939802398,0.));
#2078=DIRECTION('ref_axis',(-0.887028939802398,-0.461713829068432,-6.09358264553073E-49));
#2079=DIRECTION('',(1.00176448960792E-145,-3.82633041148035E-49,1.));
#2080=DIRECTION('',(0.887028939802398,0.461713829068432,4.32691297996514E-49));
#2081=DIRECTION('center_axis',(-0.622469060822843,0.782644407325784,0.));
#2082=DIRECTION('ref_axis',(-0.782644407325784,-0.622469060822843,-5.3878097901329E-49));
#2083=DIRECTION('',(1.00176448960792E-145,-3.82633041148035E-49,1.));
#2084=DIRECTION('',(0.782644407325784,0.622469060822843,3.00603749250084E-49));
#2085=DIRECTION('center_axis',(-0.760360173845542,0.649501659758908,0.));
#2086=DIRECTION('ref_axis',(-0.649501659758908,-0.760360173845542,-4.48406267856245E-49));
#2087=DIRECTION('',(1.00176448960792E-145,-3.82633041148035E-49,1.));
#2088=DIRECTION('',(0.649501659758908,0.760360173845542,1.57467342169876E-49));
#2089=DIRECTION('center_axis',(-0.870310885311807,0.492502754213395,0.));
#2090=DIRECTION('ref_axis',(-0.492502754213395,-0.870310885311806,-3.41561555396905E-49));
#2091=DIRECTION('',(1.00176448960792E-145,-3.82633041148035E-49,1.));
#2092=DIRECTION('',(0.492502754213395,0.870310885311807,8.55185460580973E-51));
#2093=DIRECTION('center_axis',(-0.948290556902805,0.317403559666503,0.));
#2094=DIRECTION('ref_axis',(-0.317403559666503,-0.948290556902805,-2.22163967418246E-49));
#2095=DIRECTION('',(1.00176448960792E-145,-3.82633041148035E-49,1.));
#2096=DIRECTION('',(0.317403559666503,0.948290556902805,-1.40683332261438E-49));
#2097=DIRECTION('center_axis',(-0.991428892103961,0.130647433581807,0.));
#2098=DIRECTION('ref_axis',(-0.130647433581807,-0.991428892103961,-9.46071313601309E-50));
#2099=DIRECTION('',(1.00176448960792E-145,-3.82633041148035E-49,1.));
#2100=DIRECTION('',(0.130647433581807,0.991428892103961,-2.84746320707635E-49));
#2101=DIRECTION('center_axis',(-0.99544807603539,0.0953054453713935,0.));
#2102=DIRECTION('ref_axis',(-0.0953054453713935,-0.99544807603539,-7.04463010704316E-50));
#2103=DIRECTION('',(0.,0.,1.));
#2104=DIRECTION('',(0.0953054453713935,0.99544807603539,-3.1044502356795E-49));
#2105=DIRECTION('center_axis',(6.84227765783602E-49,-3.77373430684168E-49,
-1.));
#2106=DIRECTION('ref_axis',(-1.,0.,-6.84227765783602E-49));
#2107=DIRECTION('center_axis',(6.84227765783602E-49,-3.77373430684168E-49,
-1.));
#2108=DIRECTION('ref_axis',(-1.,-2.58209379343121E-97,-6.84227765783602E-49));
#2109=DIRECTION('',(0.0953095639809367,-0.995447681705957,4.40868956732464E-49));
#2110=DIRECTION('',(0.130647433581735,-0.99142889210397,4.63531523877671E-49));
#2111=DIRECTION('',(0.317403559666465,-0.948290556902818,5.75035989226165E-49));
#2112=DIRECTION('',(0.492502754213342,-0.870310885311837,6.65416263709568E-49));
#2113=DIRECTION('',(0.649501659758873,-0.760360173845573,7.31346796889269E-49));
#2114=DIRECTION('',(0.782644407325746,-0.622469060822891,7.70410319205013E-49));
#2115=DIRECTION('',(0.887028939802372,-0.461713829068482,7.81168361336271E-49));
#2116=DIRECTION('',(0.958826805817266,-0.283991472488629,7.63226759375858E-49));
#2117=DIRECTION('center_axis',(0.,0.,-1.));
#2118=DIRECTION('ref_axis',(-3.2096144656994E-7,-0.999999999999949,-3.12364849596862E-49));
#2119=DIRECTION('center_axis',(-6.84227765783602E-49,3.77373430684168E-49,
1.));
#2120=DIRECTION('ref_axis',(-1.,0.,0.));
#2121=DIRECTION('center_axis',(0.,0.,-1.));
#2122=DIRECTION('ref_axis',(-3.20961445681762E-7,-0.999999999999949,0.));
#2123=DIRECTION('',(0.,0.,-1.));
#2124=DIRECTION('center_axis',(0.995447681705957,0.0953095639809367,0.));
#2125=DIRECTION('ref_axis',(-0.0953095639809367,0.995447681705957,-5.99777829775529E-50));
#2126=DIRECTION('',(1.00176448960792E-145,-3.82633041148035E-49,1.));
#2127=DIRECTION('center_axis',(0.99142889210397,0.130647433581735,0.));
#2128=DIRECTION('ref_axis',(-0.130647433581735,0.99142889210397,-8.41780718099024E-50));
#2129=DIRECTION('',(1.00176448960792E-145,-3.82633041148035E-49,1.));
#2130=DIRECTION('center_axis',(0.948290556902818,0.317403559666465,0.));
#2131=DIRECTION('ref_axis',(-0.317403559666465,0.948290556902818,-2.12188689546476E-49));
#2132=DIRECTION('',(1.00176448960792E-145,-3.82633041148035E-49,1.));
#2133=DIRECTION('center_axis',(0.870310885311837,0.492502754213342,0.));
#2134=DIRECTION('ref_axis',(-0.492502754213342,0.870310885311837,-3.32406562918462E-49));
#2135=DIRECTION('',(1.00176448960792E-145,-3.82633041148035E-49,1.));
#2136=DIRECTION('center_axis',(0.760360173845573,0.649501659758873,0.));
#2137=DIRECTION('ref_axis',(-0.649501659758873,0.760360173845573,-4.40407871202889E-49));
#2138=DIRECTION('',(1.00176448960792E-145,-3.82633041148035E-49,1.));
#2139=DIRECTION('center_axis',(0.622469060822891,0.782644407325746,0.));
#2140=DIRECTION('ref_axis',(-0.782644407325746,0.622469060822891,-5.32233089441789E-49));
#2141=DIRECTION('',(1.00176448960792E-145,-3.82633041148035E-49,1.));
#2142=DIRECTION('center_axis',(0.461713829068482,0.887028939802372,0.));
#2143=DIRECTION('ref_axis',(-0.887028939802372,0.461713829068482,-6.04501394779694E-49));
#2144=DIRECTION('',(1.00176448960792E-145,-3.82633041148035E-49,1.));
#2145=DIRECTION('center_axis',(0.283991472488629,0.958826805817266,0.));
#2146=DIRECTION('ref_axis',(-0.958826805817266,0.283991472488629,-6.54562238597425E-49));
#2147=DIRECTION('center_axis',(1.,0.,9.63564155159924E-295));
#2148=DIRECTION('ref_axis',(-9.63564155159924E-295,-3.82633041148034E-49,
1.));
#2149=DIRECTION('',(9.63564155159924E-295,3.82633041148034E-49,-1.));
#2150=DIRECTION('',(0.,-1.,-5.25961046386597E-51));
#2151=DIRECTION('',(9.63564155159924E-295,0.,-1.));
#2152=DIRECTION('center_axis',(0.,-1.,0.));
#2153=DIRECTION('ref_axis',(0.,0.,-1.));
#2154=DIRECTION('',(-1.,2.61808150859704E-97,-6.84227765783602E-49));
#2155=DIRECTION('center_axis',(-9.63564155159924E-295,-3.82633041148034E-49,
1.));
#2156=DIRECTION('ref_axis',(-1.,-3.15544362088405E-30,-1.20737698883003E-78));
#2157=DIRECTION('center_axis',(-6.84227765783602E-49,-5.25961046386597E-51,
1.));
#2158=DIRECTION('ref_axis',(-1.,-3.15544362088405E-30,-1.20737698883003E-78));
#2159=DIRECTION('center_axis',(-9.63564155159924E-295,-3.82633041148034E-49,
1.));
#2160=DIRECTION('ref_axis',(-1.,-3.15544362088405E-30,-1.20737698883003E-78));
#2161=DIRECTION('center_axis',(-6.84227765783602E-49,-5.25961046386597E-51,
1.));
#2162=DIRECTION('ref_axis',(-1.,-3.15544362088405E-30,-1.20737698883003E-78));
#2163=DIRECTION('center_axis',(-9.63564155159924E-295,-3.82633041148034E-49,
1.));
#2164=DIRECTION('ref_axis',(-1.,-3.15544362088405E-30,-1.20737698883003E-78));
#2165=DIRECTION('center_axis',(-6.84227765783602E-49,-5.25961046386597E-51,
1.));
#2166=DIRECTION('ref_axis',(-1.,-3.15544362088405E-30,-1.20737698883003E-78));
#2167=DIRECTION('center_axis',(-9.63564155159924E-295,-3.82633041148034E-49,
1.));
#2168=DIRECTION('ref_axis',(-1.,-3.15544362088405E-30,-1.20737698883003E-78));
#2169=DIRECTION('center_axis',(-6.84227765783602E-49,-5.25961046386597E-51,
1.));
#2170=DIRECTION('ref_axis',(-1.,-3.15544362088405E-30,-1.20737698883003E-78));
#2171=DIRECTION('center_axis',(-9.63564155159924E-295,-3.82633041148034E-49,
1.));
#2172=DIRECTION('ref_axis',(-6.12323399573645E-17,-1.,-3.82633041148034E-49));
#2173=DIRECTION('center_axis',(1.70214732132285E-64,0.,-1.));
#2174=DIRECTION('ref_axis',(-1.,-3.15544362088405E-30,-1.20737698883003E-78));
#2175=DIRECTION('',(9.63564155159924E-295,3.82633041148034E-49,-1.));
#2176=DIRECTION('',(9.63564155159924E-295,3.82633041148034E-49,-1.));
#2177=DIRECTION('center_axis',(0.,0.,-1.));
#2178=DIRECTION('ref_axis',(-1.,-3.15544362088405E-30,-1.20737698883003E-78));
#2179=DIRECTION('center_axis',(6.84227765783602E-49,5.25961046386597E-51,
-1.));
#2180=DIRECTION('ref_axis',(-1.,-3.15544362088405E-30,-1.20737698883003E-78));
#2181=DIRECTION('',(-9.63564155159924E-295,-3.82633041148034E-49,1.));
#2182=DIRECTION('center_axis',(0.,0.,-1.));
#2183=DIRECTION('ref_axis',(-1.,-3.15544362088405E-30,-1.20737698883003E-78));
#2184=DIRECTION('',(-9.63564155159924E-295,-3.82633041148034E-49,1.));
#2185=DIRECTION('center_axis',(0.,0.,-1.));
#2186=DIRECTION('ref_axis',(1.,0.,0.));
#2187=DIRECTION('',(1.,0.,0.));
#2188=DIRECTION('center_axis',(0.,1.,0.));
#2189=DIRECTION('ref_axis',(1.,0.,0.));
#2190=DIRECTION('center_axis',(1.70214732132285E-64,2.47424238218764E-65,
-1.));
#2191=DIRECTION('ref_axis',(1.,0.,1.70214732132285E-64));
#2192=DIRECTION('',(0.,-1.,-2.47424238218764E-65));
#2193=DIRECTION('',(0.,1.,0.));
#2194=DIRECTION('center_axis',(1.,0.,0.));
#2195=DIRECTION('ref_axis',(0.,-1.,0.));
#2196=DIRECTION('center_axis',(-1.,0.,0.));
#2197=DIRECTION('ref_axis',(0.,1.,1.70214732132285E-64));
#2198=DIRECTION('center_axis',(0.,0.,-1.));
#2199=DIRECTION('ref_axis',(1.,0.,0.));
#2200=DIRECTION('',(1.,0.,0.));
#2201=DIRECTION('',(0.,1.,0.));
#2202=DIRECTION('center_axis',(1.,0.,0.));
#2203=DIRECTION('ref_axis',(0.,-1.,0.));
#2204=DIRECTION('',(0.,0.,-1.));
#2205=DIRECTION('center_axis',(0.,-1.,0.));
#2206=DIRECTION('ref_axis',(-1.,0.,0.));
#2207=DIRECTION('center_axis',(-6.84227765783602E-49,-5.25961046386597E-51,
1.));
#2208=DIRECTION('ref_axis',(-1.,-3.15544362088405E-30,-6.84227765783602E-49));
#2209=DIRECTION('center_axis',(0.,0.,-1.));
#2210=DIRECTION('ref_axis',(1.,0.,0.));
#2211=DIRECTION('center_axis',(0.,0.,1.));
#2212=DIRECTION('ref_axis',(1.,0.,0.));
#2213=DIRECTION('center_axis',(6.84227765783602E-49,0.,-1.));
#2214=DIRECTION('ref_axis',(-1.,0.,-6.84227765783602E-49));
#2215=DIRECTION('center_axis',(6.84227765783602E-49,0.,-1.));
#2216=DIRECTION('ref_axis',(1.,0.,6.84227765783602E-49));
#2217=DIRECTION('center_axis',(0.,0.,1.));
#2218=DIRECTION('ref_axis',(1.,0.,3.80126536546445E-49));
#2219=DIRECTION('',(0.707106781186546,8.65956056235491E-17,-0.707106781186549));
#2220=DIRECTION('center_axis',(-6.84227765783602E-49,0.,1.));
#2221=DIRECTION('ref_axis',(1.,0.,0.));
#2222=DIRECTION('center_axis',(0.,0.,-1.));
#2223=DIRECTION('ref_axis',(1.,0.,0.));
#2224=DIRECTION('',(0.,0.,1.));
#2225=CARTESIAN_POINT('',(0.,0.,0.));
#2226=CARTESIAN_POINT('Origin',(-31.2034142672208,54.7043789789056,5.80000030994415));
#2227=CARTESIAN_POINT('',(-43.3159256102429,54.9543789789056,6.05000042915344));
#2228=CARTESIAN_POINT('',(-38.0909029241988,54.9543789789056,6.05000042915344));
#2229=CARTESIAN_POINT('',(-31.2034142672208,54.9543789789056,6.05000042915344));
#2230=CARTESIAN_POINT('',(-38.1723320707939,54.4543789789056,5.55000019073486));
#2231=CARTESIAN_POINT('Origin',(-24.3159256102429,52.4543789789056,3.54999923706025));
#2232=CARTESIAN_POINT('',(-42.8159256102429,54.4543789789056,5.55000019073486));
#2233=CARTESIAN_POINT('',(-31.2034142672208,54.4543789789056,5.55000019073486));
#2234=CARTESIAN_POINT('',(-42.8159256102429,54.4543789789056,5.55000019073486));
#2235=CARTESIAN_POINT('Origin',(-43.0659256102429,48.9782427388139,5.80000030994415));
#2236=CARTESIAN_POINT('',(-43.3159256102429,49.9543789789056,6.05000042915344));
#2237=CARTESIAN_POINT('',(-43.3159256102429,48.9782427388139,6.05000042915344));
#2238=CARTESIAN_POINT('',(-42.8159256102429,50.4543789789055,5.55000019073486));
#2239=CARTESIAN_POINT('',(-42.8159256102429,48.9782427388139,5.55000019073486));
#2240=CARTESIAN_POINT('',(-42.8159256102429,50.4543789789055,5.55000019073486));
#2241=CARTESIAN_POINT('Origin',(-31.8159256102428,50.2043789789056,5.80000030994415));
#2242=CARTESIAN_POINT('',(-38.1723320707939,50.4543789789055,5.55000019073486));
#2243=CARTESIAN_POINT('',(-31.8159256102428,50.4543789789055,5.55000019073486));
#2244=CARTESIAN_POINT('',(-38.0909029241988,49.9543789789056,6.05000042915344));
#2245=CARTESIAN_POINT('Origin',(-24.3159256102429,52.4543789789056,3.54999923706025));
#2246=CARTESIAN_POINT('',(-31.8159256102428,49.9543789789056,6.05000042915344));
#2247=CARTESIAN_POINT('Origin',(-38.0909029241988,54.9543789789056,5.25000042915344));
#2248=CARTESIAN_POINT('',(-43.3159256102429,54.9543789789056,7.25000042915344));
#2249=CARTESIAN_POINT('',(-43.3159256102429,54.9543789789056,5.25000042915344));
#2250=CARTESIAN_POINT('',(-38.0909029241988,54.9543789789056,7.25000042915344));
#2251=CARTESIAN_POINT('',(-31.2034142672208,54.9543789789056,7.25000042915344));
#2252=CARTESIAN_POINT('',(-38.0909029241988,54.9543789789056,5.25000042915344));
#2253=CARTESIAN_POINT('Origin',(-43.3159256102429,54.9543789789056,5.25000042915344));
#2254=CARTESIAN_POINT('',(-43.3159256102429,49.9543789789056,7.25000042915344));
#2255=CARTESIAN_POINT('',(-43.3159256102429,49.9543789789056,5.25000042915344));
#2256=CARTESIAN_POINT('',(-43.3159256102429,53.7043789789056,7.25000042915344));
#2257=CARTESIAN_POINT('Origin',(-39.3159256102429,49.9543789789056,5.25000042915344));
#2258=CARTESIAN_POINT('',(-38.0909029241988,49.9543789789056,7.25000042915344));
#2259=CARTESIAN_POINT('',(-38.0909029241988,49.9543789789056,5.25000042915344));
#2260=CARTESIAN_POINT('',(-31.8159256102429,49.9543789789056,7.25000042915344));
#2261=CARTESIAN_POINT('Origin',(-23.0659256102428,70.9793789789056,5.80000030994415));
#2262=CARTESIAN_POINT('',(-26.8159256102429,71.2293789789056,6.05000042915344));
#2263=CARTESIAN_POINT('',(-21.8159256102429,71.2293789789056,6.05000042915344));
#2264=CARTESIAN_POINT('',(-23.0659256102428,71.2293789789056,6.05000042915344));
#2265=CARTESIAN_POINT('',(-22.3159256102428,70.7293789789056,5.55000019073486));
#2266=CARTESIAN_POINT('',(-21.8159256102429,71.2293789789056,6.05000042915344));
#2267=CARTESIAN_POINT('',(-26.3159256102429,70.7293789789056,5.55000019073486));
#2268=CARTESIAN_POINT('',(-23.0659256102428,70.7293789789056,5.55000019073486));
#2269=CARTESIAN_POINT('',(-26.3159256102429,70.7293789789056,5.55000019073486));
#2270=CARTESIAN_POINT('Origin',(-22.0659256102428,54.6157313957918,5.80000030994415));
#2271=CARTESIAN_POINT('',(-21.8159256102429,66.2293562928615,6.05000042915344));
#2272=CARTESIAN_POINT('',(-21.8159256102429,54.6157313957918,6.05000042915344));
#2273=CARTESIAN_POINT('',(-22.3159256102428,66.3107854394566,5.55000019073486));
#2274=CARTESIAN_POINT('Origin',(-24.3159256102429,52.4543789789056,3.54999923706025));
#2275=CARTESIAN_POINT('',(-22.3159256102428,54.6157313957918,5.55000019073486));
#2276=CARTESIAN_POINT('Origin',(-26.5659256102429,56.4782427388139,5.80000030994415));
#2277=CARTESIAN_POINT('',(-26.3159256102429,66.3107854394566,5.55000019073486));
#2278=CARTESIAN_POINT('',(-26.3159256102429,56.4782427388139,5.55000019073486));
#2279=CARTESIAN_POINT('',(-26.8159256102429,66.2293562928615,6.05000042915344));
#2280=CARTESIAN_POINT('Origin',(-24.3159256102429,52.4543789789056,3.54999923706025));
#2281=CARTESIAN_POINT('',(-26.8159256102429,56.4782427388139,6.05000042915344));
#2282=CARTESIAN_POINT('Origin',(-21.8159256102429,66.2293562928615,5.25000042915344));
#2283=CARTESIAN_POINT('',(-21.8159256102429,71.2293789789056,7.25000042915344));
#2284=CARTESIAN_POINT('',(-21.8159256102429,71.2293789789056,6.25000042915344));
#2285=CARTESIAN_POINT('',(-21.8159256102429,66.2293562928615,7.25000042915344));
#2286=CARTESIAN_POINT('',(-21.8159256102429,59.3418676358835,7.25000042915344));
#2287=CARTESIAN_POINT('',(-21.8159256102429,66.2293562928615,6.25000042915344));
#2288=CARTESIAN_POINT('Origin',(-21.8159256102429,71.2293789789056,5.25000042915344));
#2289=CARTESIAN_POINT('',(-26.8159256102429,71.2293789789056,7.25000042915344));
#2290=CARTESIAN_POINT('',(-26.8159256102429,71.2293789789056,6.25000042915344));
#2291=CARTESIAN_POINT('',(-23.0659256102429,71.2293789789056,7.25000042915344));
#2292=CARTESIAN_POINT('Origin',(-26.8159256102429,69.9543789789056,5.25000042915344));
#2293=CARTESIAN_POINT('',(-26.8159256102429,66.2293562928615,7.25000042915344));
#2294=CARTESIAN_POINT('',(-26.8159256102429,66.2293562928615,6.25000042915344));
#2295=CARTESIAN_POINT('',(-26.8159256102429,69.9543789789056,7.25000042915344));
#2296=CARTESIAN_POINT('Origin',(-5.56592561024282,46.4782427388139,5.80000030994415));
#2297=CARTESIAN_POINT('',(-5.31592561024285,54.9543789789056,6.05000042915344));
#2298=CARTESIAN_POINT('',(-5.31592561024285,49.9543789789056,6.05000042915344));
#2299=CARTESIAN_POINT('',(-5.31592561024285,46.4782427388139,6.05000042915344));
#2300=CARTESIAN_POINT('',(-5.81592561024279,50.4543789789055,5.55000019073486));
#2301=CARTESIAN_POINT('',(-5.31592561024285,49.9543789789056,6.05000042915344));
#2302=CARTESIAN_POINT('',(-5.81592561024279,54.4543789789056,5.55000019073486));
#2303=CARTESIAN_POINT('',(-5.81592561024279,46.4782427388139,5.55000019073486));
#2304=CARTESIAN_POINT('',(-5.81592561024279,54.4543789789056,5.55000019073486));
#2305=CARTESIAN_POINT('Origin',(-17.4284369532649,50.2043789789056,5.80000030994415));
#2306=CARTESIAN_POINT('',(-10.5409482962869,49.9543789789056,6.05000042915344));
#2307=CARTESIAN_POINT('',(-17.4284369532649,49.9543789789056,6.05000042915344));
#2308=CARTESIAN_POINT('',(-10.4595191496918,50.4543789789055,5.55000019073486));
#2309=CARTESIAN_POINT('Origin',(-24.3159256102429,52.4543789789056,3.54999923706025));
#2310=CARTESIAN_POINT('',(-17.4284369532649,50.4543789789055,5.55000019073486));
#2311=CARTESIAN_POINT('Origin',(-16.8159256102428,54.7043789789056,5.80000030994415));
#2312=CARTESIAN_POINT('',(-10.4595191496918,54.4543789789056,5.55000019073486));
#2313=CARTESIAN_POINT('',(-16.8159256102428,54.4543789789056,5.55000019073486));
#2314=CARTESIAN_POINT('',(-10.5409482962869,54.9543789789056,6.05000042915344));
#2315=CARTESIAN_POINT('Origin',(-24.3159256102429,52.4543789789056,3.54999923706025));
#2316=CARTESIAN_POINT('',(-16.8159256102428,54.9543789789056,6.05000042915344));
#2317=CARTESIAN_POINT('Origin',(-10.5409482962869,49.9543789789056,5.25000042915344));
#2318=CARTESIAN_POINT('',(-5.31592561024285,49.9543789789056,7.25000042915344));
#2319=CARTESIAN_POINT('',(-5.31592561024285,49.9543789789056,5.25000042915344));
#2320=CARTESIAN_POINT('',(-10.5409482962869,49.9543789789056,7.25000042915344));
#2321=CARTESIAN_POINT('',(-17.4284369532649,49.9543789789056,7.25000042915344));
#2322=CARTESIAN_POINT('',(-10.5409482962869,49.9543789789056,6.25000042915344));
#2323=CARTESIAN_POINT('Origin',(-5.31592561024285,49.9543789789056,5.25000042915344));
#2324=CARTESIAN_POINT('',(-5.31592561024285,54.9543789789056,7.25000042915344));
#2325=CARTESIAN_POINT('',(-5.31592561024285,54.9543789789056,6.25000042915344));
#2326=CARTESIAN_POINT('',(-5.31592561024285,51.2043789789056,7.25000042915344));
#2327=CARTESIAN_POINT('Origin',(-9.31592561024285,54.9543789789056,5.25000042915344));
#2328=CARTESIAN_POINT('',(-10.5409482962869,54.9543789789056,7.25000042915344));
#2329=CARTESIAN_POINT('',(-10.5409482962869,54.9543789789056,6.25000042915344));
#2330=CARTESIAN_POINT('',(-16.8159256102429,54.9543789789056,7.25000042915344));
#2331=CARTESIAN_POINT('Origin',(-26.5659256102429,40.8407540818359,5.80000030994415));
#2332=CARTESIAN_POINT('',(-26.8159256102429,33.6793789789056,6.05000042915344));
#2333=CARTESIAN_POINT('',(-26.8159256102429,38.6794016649497,6.05000042915344));
#2334=CARTESIAN_POINT('',(-26.8159256102429,40.8407540818359,6.05000042915344));
#2335=CARTESIAN_POINT('',(-26.3159256102429,38.5979725183546,5.55000019073486));
#2336=CARTESIAN_POINT('Origin',(-24.3159256102429,52.4543789789056,3.54999923706025));
#2337=CARTESIAN_POINT('',(-26.3159256102429,34.1793789789055,5.55000019073486));
#2338=CARTESIAN_POINT('',(-26.3159256102429,40.8407540818359,5.55000019073486));
#2339=CARTESIAN_POINT('',(-26.3159256102429,34.1793789789055,5.55000019073486));
#2340=CARTESIAN_POINT('Origin',(-25.5659256102428,33.9293789789056,5.80000030994415));
#2341=CARTESIAN_POINT('',(-21.8159256102429,33.6793789789056,6.05000042915344));
#2342=CARTESIAN_POINT('',(-25.5659256102428,33.6793789789056,6.05000042915344));
#2343=CARTESIAN_POINT('',(-22.3159256102428,34.1793789789055,5.55000019073486));
#2344=CARTESIAN_POINT('',(-25.5659256102428,34.1793789789055,5.55000019073486));
#2345=CARTESIAN_POINT('',(-22.3159256102428,34.1793789789055,5.55000019073486));
#2346=CARTESIAN_POINT('Origin',(-22.0659256102428,38.9782427388139,5.80000030994415));
#2347=CARTESIAN_POINT('',(-22.3159256102428,38.5979725183546,5.55000019073486));
#2348=CARTESIAN_POINT('',(-22.3159256102428,38.9782427388139,5.55000019073486));
#2349=CARTESIAN_POINT('',(-21.8159256102429,38.6794016649497,6.05000042915344));
#2350=CARTESIAN_POINT('Origin',(-24.3159256102429,52.4543789789056,3.54999923706025));
#2351=CARTESIAN_POINT('',(-21.8159256102429,38.9782427388139,6.05000042915344));
#2352=CARTESIAN_POINT('Origin',(-26.8159256102429,38.6794016649497,5.25000042915344));
#2353=CARTESIAN_POINT('',(-26.8159256102429,33.6793789789056,7.25000042915344));
#2354=CARTESIAN_POINT('',(-26.8159256102429,33.6793789789056,5.25000042915344));
#2355=CARTESIAN_POINT('',(-26.8159256102429,38.6794016649497,7.25000042915344));
#2356=CARTESIAN_POINT('',(-26.8159256102429,45.5668903219276,7.25000042915344));
#2357=CARTESIAN_POINT('',(-26.8159256102429,38.6794016649497,5.25000042915344));
#2358=CARTESIAN_POINT('Origin',(-26.8159256102429,33.6793789789056,5.25000042915344));
#2359=CARTESIAN_POINT('',(-21.8159256102429,33.6793789789056,7.25000042915344));
#2360=CARTESIAN_POINT('',(-21.8159256102429,33.6793789789056,5.25000042915344));
#2361=CARTESIAN_POINT('',(-25.5659256102429,33.6793789789056,7.25000042915344));
#2362=CARTESIAN_POINT('Origin',(-21.8159256102429,34.9543789789056,5.25000042915344));
#2363=CARTESIAN_POINT('',(-21.8159256102429,38.6794016649497,7.25000042915344));
#2364=CARTESIAN_POINT('',(-21.8159256102429,38.6794016649497,5.25000042915344));
#2365=CARTESIAN_POINT('',(-21.8159256102429,34.9543789789056,7.25000042915344));
#2366=CARTESIAN_POINT('Origin',(-33.0181980904264,48.2282427388139,5.80000019073486));
#2367=CARTESIAN_POINT('',(-32.7681980904264,51.4543789789056,6.05000019073486));
#2368=CARTESIAN_POINT('',(-33.2681980904264,51.4543789789056,5.55000019073486));
#2369=CARTESIAN_POINT('',(-32.7181980904264,51.4543789789056,6.10000019073486));
#2370=CARTESIAN_POINT('',(-33.2681980904264,53.4543789789056,5.55000019073486));
#2371=CARTESIAN_POINT('',(-33.2681980904264,48.2282427388139,5.55000019073486));
#2372=CARTESIAN_POINT('',(-32.7681980904264,53.4543789789056,6.05000019073486));
#2373=CARTESIAN_POINT('',(-33.2181980904264,53.4543789789056,5.60000019073486));
#2374=CARTESIAN_POINT('',(-32.7681980904264,48.2282427388139,6.05000019073486));
#2375=CARTESIAN_POINT('Origin',(-34.7681980904264,53.4543789789056,6.75000019073486));
#2376=CARTESIAN_POINT('',(-34.7681980904264,53.4543789789056,5.55000019073486));
#2377=CARTESIAN_POINT('',(-32.7681980904264,53.4543789789056,5.55000019073486));
#2378=CARTESIAN_POINT('',(-34.7681980904264,53.4543789789056,6.75000019073486));
#2379=CARTESIAN_POINT('',(-34.7681980904264,53.4543789789045,5.25000042915344));
#2380=CARTESIAN_POINT('',(-32.7681980904264,53.4543789789056,6.75000019073486));
#2381=CARTESIAN_POINT('',(-32.7681980904264,53.4543789789056,6.75000019073486));
#2382=CARTESIAN_POINT('',(-32.7681980904264,53.4543789789056,6.75000019073486));
#2383=CARTESIAN_POINT('Origin',(-24.3159256102428,43.0021064987221,5.55000019073486));
#2384=CARTESIAN_POINT('Origin',(-24.3159256102429,52.4543789789056,5.55000042915344));
#2385=CARTESIAN_POINT('Origin',(-24.3159256102429,52.4543789789056,5.55000042915344));
#2386=CARTESIAN_POINT('Origin',(-24.3159256102429,52.4543789789056,5.55000042915344));
#2387=CARTESIAN_POINT('Origin',(-24.3159256102429,52.4543789789056,5.55000042915344));
#2388=CARTESIAN_POINT('',(-34.7681980904264,51.4543789789056,5.55000019073486));
#2389=CARTESIAN_POINT('',(-34.7681980904264,51.4543789789056,5.55000019073486));
#2390=CARTESIAN_POINT('',(-24.8159256102428,41.9662904972041,5.55000042915344));
#2391=CARTESIAN_POINT('Origin',(-24.3159256102429,52.4543789789056,5.55000042915344));
#2392=CARTESIAN_POINT('',(-24.8159256102428,48.4857520123087,5.55000019073486));
#2393=CARTESIAN_POINT('',(-24.8159256102428,42.5021064987221,5.55000019073486));
#2394=CARTESIAN_POINT('',(-24.8159256102428,48.5021064987222,5.55000019073486));
#2395=CARTESIAN_POINT('',(-24.8159256102428,42.5021064987221,5.55000019073486));
#2396=CARTESIAN_POINT('',(-23.8159256102428,48.5021064987222,5.55000019073486));
#2397=CARTESIAN_POINT('',(-23.3159256102428,48.5021064987222,5.55000019073486));
#2398=CARTESIAN_POINT('',(-23.8159256102428,48.4857520123087,5.55000019073486));
#2399=CARTESIAN_POINT('',(-23.8159256102428,44.0021064987221,5.55000019073486));
#2400=CARTESIAN_POINT('',(-23.8159256102428,41.9662904972041,5.55000042915344));
#2401=CARTESIAN_POINT('',(-23.8159256102428,44.0021064987221,5.55000019073486));
#2402=CARTESIAN_POINT('',(-13.8636531300594,51.4543789789056,5.55000019073486));
#2403=CARTESIAN_POINT('Origin',(-24.3159256102429,52.4543789789056,5.55000042915344));
#2404=CARTESIAN_POINT('',(-15.3636531300594,51.4543789789056,5.55000019073486));
#2405=CARTESIAN_POINT('',(-13.8636531300594,51.4543789789056,5.55000019073486));
#2406=CARTESIAN_POINT('',(-15.3636531300594,53.4543789789056,5.55000019073486));
#2407=CARTESIAN_POINT('',(-15.3636531300594,47.2282427388139,5.55000019073486));
#2408=CARTESIAN_POINT('',(-13.8636531300594,53.4543789789056,5.55000019073486));
#2409=CARTESIAN_POINT('',(-15.8636531300594,53.4543789789056,5.55000019073486));
#2410=CARTESIAN_POINT('',(-23.3159256102429,62.906651459089,5.55000042915344));
#2411=CARTESIAN_POINT('Origin',(-24.3159256102429,52.4543789789056,5.55000042915344));
#2412=CARTESIAN_POINT('',(-23.3159256102429,61.4424674606071,5.55000019073486));
#2413=CARTESIAN_POINT('',(-23.3159256102429,52.9722869796646,5.55000019073486));
#2414=CARTESIAN_POINT('',(-25.3159256102429,61.4424674606071,5.55000019073486));
#2415=CARTESIAN_POINT('',(-24.5659256102428,61.4424674606071,5.55000019073486));
#2416=CARTESIAN_POINT('',(-25.3159256102429,62.906651459089,5.55000042915344));
#2417=CARTESIAN_POINT('',(-25.3159256102429,52.9722869796646,5.55000019073486));
#2418=CARTESIAN_POINT('Origin',(-24.3159256102429,52.4543789789056,5.55000042915344));
#2419=CARTESIAN_POINT('Origin',(-24.5659256102428,61.1924674606071,5.80000019073486));
#2420=CARTESIAN_POINT('',(-23.3159256102429,60.9424674606071,6.05000019073486));
#2421=CARTESIAN_POINT('',(-23.3159256102429,61.6924674606071,5.30000019073486));
#2422=CARTESIAN_POINT('',(-25.3159256102429,60.9424674606071,6.05000019073486));
#2423=CARTESIAN_POINT('',(-24.5659256102428,60.9424674606071,6.05000019073486));
#2424=CARTESIAN_POINT('',(-25.3159256102429,61.2674674606071,5.72500019073486));
#2425=CARTESIAN_POINT('Origin',(-25.3159256102429,62.9424674606071,7.25000019073486));
#2426=CARTESIAN_POINT('',(-25.3159256102429,60.9424674606071,7.25000042915344));
#2427=CARTESIAN_POINT('',(-25.3159256102429,60.9424674606071,6.40000030994415));
#2428=CARTESIAN_POINT('',(-25.3159256102429,62.906651459089,7.25000042915344));
#2429=CARTESIAN_POINT('',(-25.3159256102429,57.6984232197563,7.25000042915344));
#2430=CARTESIAN_POINT('',(-25.3159256102429,62.906651459089,5.25000042915344));
#2431=CARTESIAN_POINT('Origin',(-15.6136531300594,47.2282427388139,5.80000019073486));
#2432=CARTESIAN_POINT('',(-15.8636531300594,53.4543789789056,6.05000019073486));
#2433=CARTESIAN_POINT('',(-15.9136531300594,53.4543789789056,6.10000019073486));
#2434=CARTESIAN_POINT('',(-15.8636531300594,51.4543789789056,6.05000019073486));
#2435=CARTESIAN_POINT('',(-15.4136531300594,51.4543789789056,5.60000019073486));
#2436=CARTESIAN_POINT('',(-15.8636531300594,47.2282427388139,6.05000019073486));
#2437=CARTESIAN_POINT('Origin',(-15.8636531300594,51.4543789789056,6.75000019073486));
#2438=CARTESIAN_POINT('',(-15.8636531300594,51.4543789789056,6.75000019073486));
#2439=CARTESIAN_POINT('',(-15.8636531300594,51.4543789789056,6.75000019073486));
#2440=CARTESIAN_POINT('',(-15.8636531300594,53.4543789789056,6.75000019073486));
#2441=CARTESIAN_POINT('',(-15.8636531300594,51.4543789789056,6.75000019073486));
#2442=CARTESIAN_POINT('',(-15.8636531300594,53.4543789789056,6.75000019073486));
#2443=CARTESIAN_POINT('Origin',(-13.8636531300594,51.4543789789056,6.75000019073486));
#2444=CARTESIAN_POINT('',(-13.8636531300594,51.4543789789056,6.75000019073486));
#2445=CARTESIAN_POINT('',(-13.8636531300594,51.4543789789056,5.25000042915344));
#2446=CARTESIAN_POINT('',(-13.8636531300594,51.4543789789056,6.75000019073486));
#2447=CARTESIAN_POINT('Origin',(-23.5909256102428,43.5021064987222,5.77500019073486));
#2448=CARTESIAN_POINT('',(-23.3659256102428,48.9521064987222,6.00000019073486));
#2449=CARTESIAN_POINT('',(-24.6659256102428,47.6521064987222,4.70000019073486));
#2450=CARTESIAN_POINT('',(-23.3659256102428,48.568828824809,6.00000019073486));
#2451=CARTESIAN_POINT('',(-23.3659256102428,43.5021064987222,6.00000019073486));
#2452=CARTESIAN_POINT('Origin',(-24.3159256102429,52.4543789789056,5.05000019073484));
#2453=CARTESIAN_POINT('Origin',(-24.3159256102428,43.0021064987221,6.00000019073486));
#2454=CARTESIAN_POINT('',(-25.2659256102428,48.9521064987222,6.00000019073486));
#2455=CARTESIAN_POINT('',(-24.8159256102428,48.9521064987222,6.00000019073486));
#2456=CARTESIAN_POINT('',(-25.2659256102428,48.568828824809,6.00000019073486));
#2457=CARTESIAN_POINT('',(-25.2659256102428,42.5021064987221,6.00000019073486));
#2458=CARTESIAN_POINT('',(-28.2034078039389,51.512316245487,6.00000042915344));
#2459=CARTESIAN_POINT('Origin',(-24.3159256102429,52.4543789789056,6.00000019073486));
#2460=CARTESIAN_POINT('',(-28.2034078039389,54.7915514919804,6.00000042915344));
#2461=CARTESIAN_POINT('',(-28.2034078039389,47.2282427388139,6.00000019073486));
#2462=CARTESIAN_POINT('',(-26.2683864363742,57.5961585076702,6.00000019073486));
#2463=CARTESIAN_POINT('Origin',(-25.2034078039389,54.7915514919804,6.00000019073486));
#2464=CARTESIAN_POINT('',(-24.8159256102429,57.9316045539572,6.00000019073486));
#2465=CARTESIAN_POINT('Origin',(-24.3159256102429,52.4543789789056,6.00000019073486));
#2466=CARTESIAN_POINT('',(-23.8159256102429,57.9316045539572,6.00000019073486));
#2467=CARTESIAN_POINT('',(-24.5659256102428,57.9316045539572,6.00000019073486));
#2468=CARTESIAN_POINT('',(-22.3634647841115,57.5961585076702,6.00000019073486));
#2469=CARTESIAN_POINT('Origin',(-24.3159256102429,52.4543789789056,6.00000019073486));
#2470=CARTESIAN_POINT('',(-20.4284434165468,54.7915514919804,6.00000042915344));
#2471=CARTESIAN_POINT('Origin',(-23.4284434165468,54.7915514919804,6.00000019073486));
#2472=CARTESIAN_POINT('',(-20.4284434165468,51.512316245487,6.00000042915344));
#2473=CARTESIAN_POINT('',(-20.4284434165468,47.2282427388139,6.00000019073486));
#2474=CARTESIAN_POINT('Origin',(-24.3159256102429,52.4543789789056,6.00000019073486));
#2475=CARTESIAN_POINT('Origin',(-25.0409256102428,42.5021064987221,5.77500019073486));
#2476=CARTESIAN_POINT('',(-23.9659256102428,47.6521064987222,4.70000019073486));
#2477=CARTESIAN_POINT('Origin',(-24.3159256102429,52.4543789789056,5.05000019073487));
#2478=CARTESIAN_POINT('Origin',(-24.8159256102428,48.7271064987222,5.77500019073486));
#2479=CARTESIAN_POINT('Origin',(-24.3159256102429,52.4543789789056,7.25000019073486));
#2480=CARTESIAN_POINT('',(-24.8159256102428,48.4857520123087,6.75000019073486));
#2481=CARTESIAN_POINT('',(-24.8159256102428,48.4857520123087,7.25000019073486));
#2482=CARTESIAN_POINT('',(-23.8159256102428,48.4857520123087,6.75000019073486));
#2483=CARTESIAN_POINT('Origin',(-24.3159256102429,52.4543789789056,6.75000019073486));
#2484=CARTESIAN_POINT('',(-23.8159256102428,48.4857520123087,7.25000019073486));
#2485=CARTESIAN_POINT('',(-20.4284434165468,51.512316245487,7.00000019073486));
#2486=CARTESIAN_POINT('',(-20.4284434165468,51.512316245487,7.25000019073486));
#2487=CARTESIAN_POINT('',(-28.2034078039389,51.512316245487,7.00000019073486));
#2488=CARTESIAN_POINT('Origin',(-24.3159256102429,52.4543789789056,7.00000042915344));
#2489=CARTESIAN_POINT('',(-28.2034078039389,51.512316245487,7.25000019073486));
#2490=CARTESIAN_POINT('Origin',(-28.2034078039389,51.4543789789056,6.25000019073486));
#2491=CARTESIAN_POINT('',(-28.2034078039389,54.7915514919804,7.00000019073486));
#2492=CARTESIAN_POINT('',(-28.2034078039389,51.9543789789056,7.00000042915344));
#2493=CARTESIAN_POINT('',(-28.2034078039389,54.7915514919804,7.25000019073486));
#2494=CARTESIAN_POINT('Origin',(-20.4284434165468,51.4543789789056,5.55000019073486));
#2495=CARTESIAN_POINT('',(-20.4284434165468,54.7915514919804,7.00000019073486));
#2496=CARTESIAN_POINT('',(-20.4284434165468,54.7915514919804,7.25000019073486));
#2497=CARTESIAN_POINT('',(-20.4284434165468,51.9543789789056,7.00000042915344));
#2498=CARTESIAN_POINT('Origin',(-23.4284434165468,54.7915514919804,7.25000019073486));
#2499=CARTESIAN_POINT('',(-22.3634647841115,57.5961585076702,7.00000019073486));
#2500=CARTESIAN_POINT('',(-22.3634647841115,57.5961585076702,7.25000019073486));
#2501=CARTESIAN_POINT('Origin',(-23.4284434165468,54.7915514919804,7.00000042915344));
#2502=CARTESIAN_POINT('Origin',(-24.3159256102429,52.4543789789056,7.25000019073486));
#2503=CARTESIAN_POINT('',(-23.8159256102429,57.9316045539572,7.00000019073486));
#2504=CARTESIAN_POINT('',(-23.8159256102429,57.9316045539572,7.25000019073486));
#2505=CARTESIAN_POINT('Origin',(-24.3159256102429,52.4543789789056,7.00000042915344));
#2506=CARTESIAN_POINT('Origin',(-24.8159256102429,57.9316045539572,7.25000019073486));
#2507=CARTESIAN_POINT('',(-24.8159256102429,57.9316045539572,7.00000019073486));
#2508=CARTESIAN_POINT('',(-24.8159256102429,57.9316045539572,7.25000019073486));
#2509=CARTESIAN_POINT('',(-24.5659256102429,57.9316045539572,7.00000042915344));
#2510=CARTESIAN_POINT('Origin',(-24.3159256102429,52.4543789789056,7.00000042915344));
#2511=CARTESIAN_POINT('',(-26.2683864363742,57.5961585076702,7.00000019073486));
#2512=CARTESIAN_POINT('Origin',(-24.3159256102429,52.4543789789056,7.00000042915344));
#2513=CARTESIAN_POINT('Origin',(-25.2034078039389,54.7915514919804,7.00000042915344));
#2514=CARTESIAN_POINT('',(-26.5032565784301,54.794144265723,7.00000019073486));
#2515=CARTESIAN_POINT('',(-22.1264021171654,54.7941428609215,7.00000019073486));
#2516=CARTESIAN_POINT('Origin',(-24.3148300637944,52.5633564250624,7.00000019073486));
#2517=CARTESIAN_POINT('',(-26.4735051383716,55.1048926563331,7.00000019073486));
#2518=CARTESIAN_POINT('',(-26.5894356191096,53.8940198299714,7.00000019073486));
#2519=CARTESIAN_POINT('',(-26.4194146384937,55.5153629036017,7.00000019073486));
#2520=CARTESIAN_POINT('',(-26.5997036847487,54.1472245139933,7.00000019073486));
#2521=CARTESIAN_POINT('',(-26.2880035629016,55.907973125703,7.00000019073486));
#2522=CARTESIAN_POINT('',(-26.7084150765436,54.6519309161612,7.00000019073486));
#2523=CARTESIAN_POINT('',(-26.084097742055,56.2682989389964,7.00000019073486));
#2524=CARTESIAN_POINT('',(-26.6870359678426,55.2028354535961,7.00000019073486));
#2525=CARTESIAN_POINT('',(-25.8151923408252,56.5831017644473,7.00000019073486));
#2526=CARTESIAN_POINT('',(-26.5184533000642,55.7598065238712,7.00000019073486));
#2527=CARTESIAN_POINT('',(-25.4911621799212,56.8408161850043,7.00000019073486));
#2528=CARTESIAN_POINT('',(-26.1997015569783,56.277285881249,7.00000019073486));
#2529=CARTESIAN_POINT('',(-25.1239162673694,57.0319740028449,7.00000019073486));
#2530=CARTESIAN_POINT('',(-25.7434296221419,56.7095066397679,7.00000019073486));
#2531=CARTESIAN_POINT('',(-24.7269428958636,57.1495521218844,7.00000019073486));
#2532=CARTESIAN_POINT('',(-25.1772533851101,57.0161762732512,7.00000019073486));
#2533=CARTESIAN_POINT('',(-24.3148289909106,57.1892311127253,7.00000019073486));
#2534=CARTESIAN_POINT('',(-24.5412182351654,57.1674339914894,7.00000019073486));
#2535=CARTESIAN_POINT('',(-23.9027172317248,57.1495521218844,7.00000019073486));
#2536=CARTESIAN_POINT('',(-23.883469259568,57.14769888646,7.00000019073486));
#2537=CARTESIAN_POINT('',(-23.5057438602191,57.0319740028448,7.00000019073486));
#2538=CARTESIAN_POINT('',(-23.254927246086,56.9576855295355,7.00000019073486));
#2539=CARTESIAN_POINT('',(-23.1384979476672,56.8408161850042,7.00000019073486));
#2540=CARTESIAN_POINT('',(-22.7034695473997,56.6143764157609,7.00000019073486));
#2541=CARTESIAN_POINT('',(-22.8144677867633,56.5831017644472,7.00000019073486));
#2542=CARTESIAN_POINT('',(-22.2686145477094,56.1489623904472,7.00000019073486));
#2543=CARTESIAN_POINT('',(-22.5455623855334,56.2682989389963,7.00000019073486));
#2544=CARTESIAN_POINT('',(-21.9772162858146,55.6029461524506,7.00000019073486));
#2545=CARTESIAN_POINT('',(-22.3416565646869,55.9079731257028,7.00000019073486));
#2546=CARTESIAN_POINT('',(-21.8409369839331,55.02314213158,7.00000019073486));
#2547=CARTESIAN_POINT('',(-22.2102454890949,55.5153629036016,7.00000019073486));
#2548=CARTESIAN_POINT('',(-21.8556498840974,54.4559555545107,7.00000019073486));
#2549=CARTESIAN_POINT('',(-22.1561549892169,55.104892656333,7.00000019073486));
#2550=CARTESIAN_POINT('',(-22.0029298925115,53.9421312939051,7.00000019073486));
#2551=CARTESIAN_POINT('',(-22.0156276297211,53.6371739051024,7.00000019073486));
#2552=CARTESIAN_POINT('Origin',(-25.2034078039389,54.7915514919804,7.25000019073486));
#2553=CARTESIAN_POINT('',(-26.2683864363742,57.5961585076702,6.25000019073486));
#2554=CARTESIAN_POINT('Origin',(-24.3159256102429,52.4543789789056,7.25000019073486));
#2555=CARTESIAN_POINT('Origin',(-23.9027172317248,57.1495521218844,5.25000042915344));
#2556=CARTESIAN_POINT('',(-24.3148289909106,57.1892311127253,8.24500042915344));
#2557=CARTESIAN_POINT('',(-24.3148289909106,57.1892311127253,5.25000042915344));
#2558=CARTESIAN_POINT('',(-23.9027172317248,57.1495521218844,8.24500042915344));
#2559=CARTESIAN_POINT('',(-23.8881246193927,57.1481471143393,8.24500042915344));
#2560=CARTESIAN_POINT('',(-23.9027172317248,57.1495521218844,5.25000042915344));
#2561=CARTESIAN_POINT('Origin',(-24.3148289909106,57.1892311127253,5.25000042915344));
#2562=CARTESIAN_POINT('',(-24.7269428958636,57.1495521218844,8.24500042915344));
#2563=CARTESIAN_POINT('',(-24.7269428958636,57.1495521218844,5.25000042915344));
#2564=CARTESIAN_POINT('',(-24.5354774181088,57.1679867266062,8.24500042915344));
#2565=CARTESIAN_POINT('Origin',(-24.7269428958636,57.1495521218844,5.25000042915344));
#2566=CARTESIAN_POINT('',(-25.1239162673694,57.0319740028449,8.24500042915344));
#2567=CARTESIAN_POINT('',(-25.1239162673694,57.0319740028449,5.25000042915344));
#2568=CARTESIAN_POINT('',(-25.161912585434,57.0207200096828,8.24500042915344));
#2569=CARTESIAN_POINT('Origin',(-25.1239162673694,57.0319740028449,5.25000042915344));
#2570=CARTESIAN_POINT('',(-25.4911621799212,56.8408161850043,8.24500042915344));
#2571=CARTESIAN_POINT('',(-25.4911621799212,56.8408161850043,5.25000042915344));
#2572=CARTESIAN_POINT('',(-25.7206825742386,56.7213468696817,8.24500042915344));
#2573=CARTESIAN_POINT('Origin',(-25.4911621799212,56.8408161850043,5.25000042915344));
#2574=CARTESIAN_POINT('',(-25.8151923408252,56.5831017644473,8.24500042915344));
#2575=CARTESIAN_POINT('',(-25.8151923408252,56.5831017644473,5.25000042915344));
#2576=CARTESIAN_POINT('',(-26.1728206518617,56.2986653629208,8.24500042915344));
#2577=CARTESIAN_POINT('Origin',(-25.8151923408252,56.5831017644473,5.25000042915344));
#2578=CARTESIAN_POINT('',(-26.084097742055,56.2682989389964,8.24500042915344));
#2579=CARTESIAN_POINT('',(-26.084097742055,56.2682989389964,5.25000042915344));
#2580=CARTESIAN_POINT('',(-26.4913126816544,55.7915795686699,8.24500042915344));
#2581=CARTESIAN_POINT('Origin',(-26.084097742055,56.2682989389964,5.25000042915344));
#2582=CARTESIAN_POINT('',(-26.2880035629016,55.907973125703,8.24500042915344));
#2583=CARTESIAN_POINT('',(-26.2880035629016,55.907973125703,5.25000042915344));
#2584=CARTESIAN_POINT('',(-26.663547571482,55.2443422408298,8.24500042915344));
#2585=CARTESIAN_POINT('Origin',(-26.2880035629016,55.907973125703,5.25000042915344));
#2586=CARTESIAN_POINT('',(-26.4194146384937,55.5153629036017,8.24500042915344));
#2587=CARTESIAN_POINT('',(-26.4194146384937,55.5153629036017,5.25000042915344));
#2588=CARTESIAN_POINT('',(-26.6919592868584,54.7010950464603,8.24500042915344));
#2589=CARTESIAN_POINT('Origin',(-26.4194146384937,55.5153629036017,5.25000042915344));
#2590=CARTESIAN_POINT('',(-26.4735051383716,55.1048926563331,8.24500042915344));
#2591=CARTESIAN_POINT('',(-26.4735051383716,55.1048926563331,5.25000042915344));
#2592=CARTESIAN_POINT('',(-26.5926365392184,54.2008541343492,8.24500042915344));
#2593=CARTESIAN_POINT('Origin',(-26.4735051383716,55.1048926563331,5.25000042915344));
#2594=CARTESIAN_POINT('',(-26.5032565784301,54.794144265723,7.74500042915344));
#2595=CARTESIAN_POINT('',(-26.5032565784301,54.794144265723,9.79500042915344));
#2596=CARTESIAN_POINT('',(-26.5917788461938,53.8695452484451,8.24500042915344));
#2597=CARTESIAN_POINT('Ctrl Pts',(-26.5032565784301,54.794144265723,7.74500042915344));
#2598=CARTESIAN_POINT('Ctrl Pts',(-26.5513665065625,54.2916447998111,8.07001951912225));
#2599=CARTESIAN_POINT('Ctrl Pts',(-26.5917788461938,53.8695452484451,8.24500042915344));
#2600=CARTESIAN_POINT('',(-26.5842612100636,53.9480655931424,8.24500042915344));
#2601=CARTESIAN_POINT('Origin',(-24.3148300637944,52.5633564250624,8.24500042915344));
#2602=CARTESIAN_POINT('',(-22.0378750899885,53.8695344555239,8.24500042915344));
#2603=CARTESIAN_POINT('Origin',(-24.3148300637944,52.5633564250624,8.24500042915344));
#2604=CARTESIAN_POINT('',(-22.1561549892169,55.104892656333,8.24500042915344));
#2605=CARTESIAN_POINT('',(-22.0207923086968,53.691115687002,8.24500042915344));
#2606=CARTESIAN_POINT('',(-22.2102454890949,55.5153629036016,8.24500042915344));
#2607=CARTESIAN_POINT('',(-22.0099783384313,53.9956190107147,8.24500042915344));
#2608=CARTESIAN_POINT('',(-22.3416565646869,55.9079731257028,8.24500042915344));
#2609=CARTESIAN_POINT('',(-21.8719953029341,54.5047899354096,8.24500042915344));
#2610=CARTESIAN_POINT('',(-22.5455623855334,56.2682989389963,8.24500042915344));
#2611=CARTESIAN_POINT('',(-21.8641596456833,55.0641793341829,8.24500042915344));
#2612=CARTESIAN_POINT('',(-22.8144677867633,56.5831017644472,8.24500042915344));
#2613=CARTESIAN_POINT('',(-22.0038947453192,55.6341781559444,8.24500042915344));
#2614=CARTESIAN_POINT('',(-23.1384979476672,56.8408161850042,8.24500042915344));
#2615=CARTESIAN_POINT('',(-22.2948243952748,56.1698081526422,8.24500042915344));
#2616=CARTESIAN_POINT('',(-23.5057438602191,57.0319740028448,8.24500042915344));
#2617=CARTESIAN_POINT('',(-22.725354597074,56.6257679607613,8.24500042915344));
#2618=CARTESIAN_POINT('',(-23.2692608564017,56.961930950163,8.24500042915344));
#2619=CARTESIAN_POINT('Origin',(-24.3148300637944,52.5633564250624,7.99500042915344));
#2620=CARTESIAN_POINT('',(-22.1264021171654,54.7941428609215,7.74500042915344));
#2621=CARTESIAN_POINT('Ctrl Pts',(-22.0378750899885,53.8695344555239,8.24500042915344));
#2622=CARTESIAN_POINT('Ctrl Pts',(-22.0782896023953,54.2916382927706,8.07002110201194));
#2623=CARTESIAN_POINT('Ctrl Pts',(-22.1264021171654,54.7941428609214,7.74500042915344));
#2624=CARTESIAN_POINT('Origin',(-24.3148300637944,52.5633564250624,7.74500042915344));
#2625=CARTESIAN_POINT('Origin',(-24.3148300637944,52.5633564250624,9.79500042915344));
#2626=CARTESIAN_POINT('',(-22.1264021171654,54.7941428609215,9.79500042915344));
#2627=CARTESIAN_POINT('Origin',(-22.1069504012805,54.5909820796318,5.25000042915344));
#2628=CARTESIAN_POINT('',(-22.1561549892169,55.104892656333,5.25000042915344));
#2629=CARTESIAN_POINT('Origin',(-22.1561549892169,55.104892656333,5.25000042915344));
#2630=CARTESIAN_POINT('',(-22.2102454890949,55.5153629036016,5.25000042915344));
#2631=CARTESIAN_POINT('Origin',(-22.2102454890949,55.5153629036016,5.25000042915344));
#2632=CARTESIAN_POINT('',(-22.3416565646869,55.9079731257028,5.25000042915344));
#2633=CARTESIAN_POINT('Origin',(-22.3416565646869,55.9079731257028,5.25000042915344));
#2634=CARTESIAN_POINT('',(-22.5455623855334,56.2682989389963,5.25000042915344));
#2635=CARTESIAN_POINT('Origin',(-22.5455623855334,56.2682989389963,5.25000042915344));
#2636=CARTESIAN_POINT('',(-22.8144677867633,56.5831017644472,5.25000042915344));
#2637=CARTESIAN_POINT('Origin',(-22.8144677867633,56.5831017644472,5.25000042915344));
#2638=CARTESIAN_POINT('',(-23.1384979476672,56.8408161850042,5.25000042915344));
#2639=CARTESIAN_POINT('Origin',(-23.1384979476672,56.8408161850042,5.25000042915344));
#2640=CARTESIAN_POINT('',(-23.5057438602191,57.0319740028448,5.25000042915344));
#2641=CARTESIAN_POINT('Origin',(-23.5057438602191,57.0319740028448,5.25000042915344));
#2642=CARTESIAN_POINT('Origin',(-23.3159256102429,62.9424674606071,5.55000019073486));
#2643=CARTESIAN_POINT('',(-23.3159256102429,62.906651459089,7.25000042915344));
#2644=CARTESIAN_POINT('',(-23.3159256102429,62.906651459089,5.25000042915344));
#2645=CARTESIAN_POINT('',(-23.3159256102429,60.9424674606071,7.25000042915344));
#2646=CARTESIAN_POINT('',(-23.3159256102429,57.6984232197563,7.25000042915344));
#2647=CARTESIAN_POINT('',(-23.3159256102429,60.9424674606071,5.55000030994415));
#2648=CARTESIAN_POINT('Origin',(-24.8159256102429,60.9424674606071,5.55000042915344));
#2649=CARTESIAN_POINT('',(-24.5659256102429,60.9424674606071,7.25000042915344));
#2650=CARTESIAN_POINT('Origin',(-24.3159256102429,52.4543789789056,5.25000042915344));
#2651=CARTESIAN_POINT('Origin',(-24.3159256102429,52.4543789789056,7.25000042915344));
#2652=CARTESIAN_POINT('Origin',(-24.3159256102429,52.4543789789056,5.25000042915344));
#2653=CARTESIAN_POINT('Origin',(-24.3159256102429,52.4543789789056,7.25000042915344));
#2654=CARTESIAN_POINT('Origin',(-24.3159256102429,52.4543789789056,5.25000042915344));
#2655=CARTESIAN_POINT('Origin',(-24.3159256102429,52.4543789789056,7.25000042915344));
#2656=CARTESIAN_POINT('Origin',(-24.3159256102429,52.4543789789056,5.25000042915344));
#2657=CARTESIAN_POINT('Origin',(-24.3159256102429,52.4543789789056,7.25000042915344));
#2658=CARTESIAN_POINT('Origin',(-24.3159256102429,52.4543789789056,5.25000042915344));
#2659=CARTESIAN_POINT('',(-23.8159256102428,41.9662904972041,6.75000019073486));
#2660=CARTESIAN_POINT('',(-24.8159256102428,41.9662904972041,6.75000019073486));
#2661=CARTESIAN_POINT('Origin',(-24.3159256102429,52.4543789789056,6.75000019073486));
#2662=CARTESIAN_POINT('',(-24.8159256102428,41.9662904972041,5.25000042915344));
#2663=CARTESIAN_POINT('',(-34.7681980904264,51.4543789789056,6.75000019073486));
#2664=CARTESIAN_POINT('',(-34.7681980904264,51.4543789789067,5.25000042915344));
#2665=CARTESIAN_POINT('Origin',(-24.3159256102429,52.4543789789056,6.75000019073486));
#2666=CARTESIAN_POINT('Origin',(-24.3159256102429,52.4543789789056,7.25000042915344));
#2667=CARTESIAN_POINT('',(-13.8636531300594,53.4543789789056,6.75000019073486));
#2668=CARTESIAN_POINT('',(-13.8636531300594,53.4543789789056,5.25000042915344));
#2669=CARTESIAN_POINT('Origin',(-24.3159256102429,52.4543789789056,6.75000019073486));
#2670=CARTESIAN_POINT('',(-23.8159256102428,41.9662904972041,5.25000042915344));
#2671=CARTESIAN_POINT('Origin',(-14.8636531300594,52.4543789789056,6.75000019073486));
#2672=CARTESIAN_POINT('',(-15.8636531300594,53.4543789789056,6.75000019073486));
#2673=CARTESIAN_POINT('Origin',(-15.8636531300594,53.4543789789056,6.75000019073486));
#2674=CARTESIAN_POINT('Origin',(-24.3159256102428,43.0021064987221,6.75000019073486));
#2675=CARTESIAN_POINT('',(-24.8159256102428,42.5021064987221,6.75000019073486));
#2676=CARTESIAN_POINT('',(-23.8159256102428,44.0021064987221,6.75000019073486));
#2677=CARTESIAN_POINT('Origin',(-23.8159256102428,44.0021064987221,6.75000019073486));
#2678=CARTESIAN_POINT('Origin',(-24.8159256102428,42.0021064987221,6.75000019073486));
#2679=CARTESIAN_POINT('Origin',(-33.7681980904264,52.4543789789056,6.75000019073486));
#2680=CARTESIAN_POINT('',(-32.7681980904264,51.4543789789056,6.75000019073486));
#2681=CARTESIAN_POINT('',(-34.7681980904264,51.4543789789056,6.75000019073486));
#2682=CARTESIAN_POINT('',(-32.7681980904264,51.4543789789056,6.75000019073486));
#2683=CARTESIAN_POINT('Origin',(-32.7681980904264,53.4543789789056,6.75000019073486));
#2684=CARTESIAN_POINT('',(-32.7681980904264,51.4543789789056,6.75000019073486));
#2685=CARTESIAN_POINT('Origin',(-32.7681980904264,51.4543789789056,6.75000019073486));
#2686=CARTESIAN_POINT('Origin',(-24.3159256102429,52.4543789789056,7.25000042915344));
#2687=CARTESIAN_POINT('Origin',(-24.3159256102428,55.1193002199953,3.50000019073486));
#2688=CARTESIAN_POINT('',(-26.3159256102428,55.1193002199953,3.50000019073486));
#2689=CARTESIAN_POINT('Origin',(-24.3159256102428,55.1193002199953,3.50000019073486));
#2690=CARTESIAN_POINT('Origin',(-24.3159256102429,52.4543789789056,6.00000019073486));
#2691=CARTESIAN_POINT('',(-26.8159256102428,55.1193002199953,6.00000019073486));
#2692=CARTESIAN_POINT('Origin',(-24.3159256102428,55.1193002199953,6.00000019073486));
#2693=CARTESIAN_POINT('Origin',(-24.3159256102428,55.1193002199953,5.75000019073486));
#2694=CARTESIAN_POINT('',(-26.3159256102428,55.1193002199953,5.50000019073486));
#2695=CARTESIAN_POINT('',(-26.5659256102428,55.1193002199953,5.75000019073486));
#2696=CARTESIAN_POINT('Origin',(-24.3159256102428,55.1193002199953,5.50000019073486));
#2697=CARTESIAN_POINT('Origin',(-24.3159256102428,55.1193002199953,6.00000019073486));
#2698=CARTESIAN_POINT('',(-26.3159256102428,55.1193002199953,6.00000019073486));
#2699=UNCERTAINTY_MEASURE_WITH_UNIT(LENGTH_MEASURE(0.01),#2703,
'DISTANCE_ACCURACY_VALUE',
'Maximum model space distance between geometric entities at asserted c
onnectivities');
#2700=UNCERTAINTY_MEASURE_WITH_UNIT(LENGTH_MEASURE(0.01),#2703,
'DISTANCE_ACCURACY_VALUE',
'Maximum model space distance between geometric entities at asserted c
onnectivities');
#2701=(
GEOMETRIC_REPRESENTATION_CONTEXT(3)
GLOBAL_UNCERTAINTY_ASSIGNED_CONTEXT((#2699))
GLOBAL_UNIT_ASSIGNED_CONTEXT((#2703,#2705,#2706))
REPRESENTATION_CONTEXT('','3D')
);
#2702=(
GEOMETRIC_REPRESENTATION_CONTEXT(3)
GLOBAL_UNCERTAINTY_ASSIGNED_CONTEXT((#2700))
GLOBAL_UNIT_ASSIGNED_CONTEXT((#2703,#2705,#2706))
REPRESENTATION_CONTEXT('','3D')
);
#2703=(
LENGTH_UNIT()
NAMED_UNIT(*)
SI_UNIT(.MILLI.,.METRE.)
);
#2704=(
LENGTH_UNIT()
NAMED_UNIT(*)
SI_UNIT($,.METRE.)
);
#2705=(
NAMED_UNIT(*)
PLANE_ANGLE_UNIT()
SI_UNIT($,.RADIAN.)
);
#2706=(
NAMED_UNIT(*)
SI_UNIT($,.STERADIAN.)
SOLID_ANGLE_UNIT()
);
#2707=SHAPE_DEFINITION_REPRESENTATION(#2708,#2709);
#2708=PRODUCT_DEFINITION_SHAPE('',$,#2711);
#2709=SHAPE_REPRESENTATION('',(#1646),#2701);
#2710=PRODUCT_DEFINITION_CONTEXT('part definition',#2715,'design');
#2711=PRODUCT_DEFINITION('LED_Reflector','LED_Reflector',#2712,#2710);
#2712=PRODUCT_DEFINITION_FORMATION('',$,#2717);
#2713=PRODUCT_RELATED_PRODUCT_CATEGORY('LED_Reflector','LED_Reflector',
(#2717));
#2714=APPLICATION_PROTOCOL_DEFINITION('international standard',
'automotive_design',2009,#2715);
#2715=APPLICATION_CONTEXT(
'Core Data for Automotive Mechanical Design Process');
#2716=PRODUCT_CONTEXT('part definition',#2715,'mechanical');
#2717=PRODUCT('LED_Reflector','LED_Reflector',$,(#2716));
#2718=PRESENTATION_STYLE_ASSIGNMENT((#2720));
#2719=PRESENTATION_STYLE_ASSIGNMENT((#2721));
#2720=SURFACE_STYLE_USAGE(.BOTH.,#2722);
#2721=SURFACE_STYLE_USAGE(.BOTH.,#2723);
#2722=SURFACE_SIDE_STYLE('',(#2724));
#2723=SURFACE_SIDE_STYLE('',(#2725));
#2724=SURFACE_STYLE_FILL_AREA(#2726);
#2725=SURFACE_STYLE_FILL_AREA(#2727);
#2726=FILL_AREA_STYLE('ABS (White)',(#2728));
#2727=FILL_AREA_STYLE('Opaque(0,154,206)',(#2729));
#2728=FILL_AREA_STYLE_COLOUR('ABS (White)',#2730);
#2729=FILL_AREA_STYLE_COLOUR('Opaque(0,154,206)',#2731);
#2730=COLOUR_RGB('ABS (White)',0.964705882352941,0.964705882352941,0.952941176470588);
#2731=COLOUR_RGB('Opaque(0,154,206)',0.,0.603921568627451,0.807843137254902);
ENDSEC;
END-ISO-10303-21;
