ISO-10303-21;
HEADER;
/* Generated by software containing ST-Developer
 * from STEP Tools, Inc. (www.steptools.com) 
 */

FILE_DESCRIPTION(
/* description */ (''),
/* implementation_level */ '2;1');

FILE_NAME(
/* name */ 'LEDs_&_Button.step',
/* time_stamp */ '2026-10-02T16:34:48-03:00',
/* author */ (''),
/* organization */ (''),
/* preprocessor_version */ 'ST-DEVELOPER v20.2',
/* originating_system */ 'Autodesk Translation Framework v15.15.0.0',
/* authorisation */ '');

FILE_SCHEMA (('AUTOMOTIVE_DESIGN { 1 0 10303 214 3 1 1 }'));
ENDSEC;

DATA;
#10=MECHANICAL_DESIGN_GEOMETRIC_PRESENTATION_REPRESENTATION('',(#13),#3987);
#11=SHAPE_REPRESENTATION_RELATIONSHIP('SRR','None',#3994,#12);
#12=ADVANCED_BREP_SHAPE_REPRESENTATION('',(#14),#3986);
#13=STYLED_ITEM('',(#4004),#14);
#14=MANIFOLD_SOLID_BREP('button',#2507);
#15=CYLINDRICAL_SURFACE('',#2557,8.5);
#16=CYLINDRICAL_SURFACE('',#2563,17.);
#17=CYLINDRICAL_SURFACE('',#2568,17.);
#18=CYLINDRICAL_SURFACE('',#2576,8.5);
#19=CYLINDRICAL_SURFACE('',#2582,17.);
#20=CYLINDRICAL_SURFACE('',#2585,17.);
#21=CYLINDRICAL_SURFACE('',#2592,1.5);
#22=FACE_BOUND('',#832,.T.);
#23=FACE_BOUND('',#833,.T.);
#24=FACE_BOUND('',#834,.T.);
#25=FACE_BOUND('',#874,.T.);
#26=FACE_BOUND('',#875,.T.);
#27=FACE_BOUND('',#876,.T.);
#28=LINE('',#3278,#368);
#29=LINE('',#3280,#369);
#30=LINE('',#3284,#370);
#31=LINE('',#3286,#371);
#32=LINE('',#3288,#372);
#33=LINE('',#3292,#373);
#34=LINE('',#3294,#374);
#35=LINE('',#3296,#375);
#36=LINE('',#3300,#376);
#37=LINE('',#3302,#377);
#38=LINE('',#3304,#378);
#39=LINE('',#3307,#379);
#40=LINE('',#3312,#380);
#41=LINE('',#3314,#381);
#42=LINE('',#3316,#382);
#43=LINE('',#3318,#383);
#44=LINE('',#3320,#384);
#45=LINE('',#3322,#385);
#46=LINE('',#3324,#386);
#47=LINE('',#3326,#387);
#48=LINE('',#3328,#388);
#49=LINE('',#3330,#389);
#50=LINE('',#3332,#390);
#51=LINE('',#3334,#391);
#52=LINE('',#3336,#392);
#53=LINE('',#3338,#393);
#54=LINE('',#3340,#394);
#55=LINE('',#3342,#395);
#56=LINE('',#3344,#396);
#57=LINE('',#3346,#397);
#58=LINE('',#3348,#398);
#59=LINE('',#3350,#399);
#60=LINE('',#3352,#400);
#61=LINE('',#3354,#401);
#62=LINE('',#3356,#402);
#63=LINE('',#3358,#403);
#64=LINE('',#3360,#404);
#65=LINE('',#3361,#405);
#66=LINE('',#3364,#406);
#67=LINE('',#3366,#407);
#68=LINE('',#3368,#408);
#69=LINE('',#3370,#409);
#70=LINE('',#3372,#410);
#71=LINE('',#3374,#411);
#72=LINE('',#3376,#412);
#73=LINE('',#3378,#413);
#74=LINE('',#3380,#414);
#75=LINE('',#3382,#415);
#76=LINE('',#3384,#416);
#77=LINE('',#3386,#417);
#78=LINE('',#3388,#418);
#79=LINE('',#3390,#419);
#80=LINE('',#3392,#420);
#81=LINE('',#3394,#421);
#82=LINE('',#3396,#422);
#83=LINE('',#3398,#423);
#84=LINE('',#3400,#424);
#85=LINE('',#3402,#425);
#86=LINE('',#3404,#426);
#87=LINE('',#3406,#427);
#88=LINE('',#3408,#428);
#89=LINE('',#3410,#429);
#90=LINE('',#3412,#430);
#91=LINE('',#3414,#431);
#92=LINE('',#3420,#432);
#93=LINE('',#3422,#433);
#94=LINE('',#3423,#434);
#95=LINE('',#3426,#435);
#96=LINE('',#3427,#436);
#97=LINE('',#3430,#437);
#98=LINE('',#3431,#438);
#99=LINE('',#3434,#439);
#100=LINE('',#3435,#440);
#101=LINE('',#3438,#441);
#102=LINE('',#3439,#442);
#103=LINE('',#3442,#443);
#104=LINE('',#3443,#444);
#105=LINE('',#3446,#445);
#106=LINE('',#3447,#446);
#107=LINE('',#3450,#447);
#108=LINE('',#3451,#448);
#109=LINE('',#3454,#449);
#110=LINE('',#3455,#450);
#111=LINE('',#3458,#451);
#112=LINE('',#3459,#452);
#113=LINE('',#3462,#453);
#114=LINE('',#3463,#454);
#115=LINE('',#3466,#455);
#116=LINE('',#3467,#456);
#117=LINE('',#3470,#457);
#118=LINE('',#3471,#458);
#119=LINE('',#3474,#459);
#120=LINE('',#3475,#460);
#121=LINE('',#3478,#461);
#122=LINE('',#3480,#462);
#123=LINE('',#3481,#463);
#124=LINE('',#3484,#464);
#125=LINE('',#3485,#465);
#126=LINE('',#3488,#466);
#127=LINE('',#3489,#467);
#128=LINE('',#3492,#468);
#129=LINE('',#3493,#469);
#130=LINE('',#3496,#470);
#131=LINE('',#3497,#471);
#132=LINE('',#3500,#472);
#133=LINE('',#3501,#473);
#134=LINE('',#3504,#474);
#135=LINE('',#3505,#475);
#136=LINE('',#3508,#476);
#137=LINE('',#3509,#477);
#138=LINE('',#3512,#478);
#139=LINE('',#3513,#479);
#140=LINE('',#3516,#480);
#141=LINE('',#3517,#481);
#142=LINE('',#3520,#482);
#143=LINE('',#3521,#483);
#144=LINE('',#3524,#484);
#145=LINE('',#3525,#485);
#146=LINE('',#3528,#486);
#147=LINE('',#3532,#487);
#148=LINE('',#3533,#488);
#149=LINE('',#3536,#489);
#150=LINE('',#3538,#490);
#151=LINE('',#3540,#491);
#152=LINE('',#3541,#492);
#153=LINE('',#3544,#493);
#154=LINE('',#3545,#494);
#155=LINE('',#3548,#495);
#156=LINE('',#3550,#496);
#157=LINE('',#3551,#497);
#158=LINE('',#3554,#498);
#159=LINE('',#3558,#499);
#160=LINE('',#3560,#500);
#161=LINE('',#3561,#501);
#162=LINE('',#3564,#502);
#163=LINE('',#3565,#503);
#164=LINE('',#3568,#504);
#165=LINE('',#3570,#505);
#166=LINE('',#3571,#506);
#167=LINE('',#3574,#507);
#168=LINE('',#3579,#508);
#169=LINE('',#3581,#509);
#170=LINE('',#3583,#510);
#171=LINE('',#3584,#511);
#172=LINE('',#3586,#512);
#173=LINE('',#3587,#513);
#174=LINE('',#3590,#514);
#175=LINE('',#3594,#515);
#176=LINE('',#3596,#516);
#177=LINE('',#3598,#517);
#178=LINE('',#3600,#518);
#179=LINE('',#3601,#519);
#180=LINE('',#3604,#520);
#181=LINE('',#3606,#521);
#182=LINE('',#3608,#522);
#183=LINE('',#3610,#523);
#184=LINE('',#3612,#524);
#185=LINE('',#3614,#525);
#186=LINE('',#3616,#526);
#187=LINE('',#3618,#527);
#188=LINE('',#3620,#528);
#189=LINE('',#3622,#529);
#190=LINE('',#3624,#530);
#191=LINE('',#3626,#531);
#192=LINE('',#3628,#532);
#193=LINE('',#3630,#533);
#194=LINE('',#3632,#534);
#195=LINE('',#3634,#535);
#196=LINE('',#3636,#536);
#197=LINE('',#3638,#537);
#198=LINE('',#3640,#538);
#199=LINE('',#3642,#539);
#200=LINE('',#3644,#540);
#201=LINE('',#3646,#541);
#202=LINE('',#3648,#542);
#203=LINE('',#3650,#543);
#204=LINE('',#3652,#544);
#205=LINE('',#3654,#545);
#206=LINE('',#3656,#546);
#207=LINE('',#3658,#547);
#208=LINE('',#3660,#548);
#209=LINE('',#3662,#549);
#210=LINE('',#3664,#550);
#211=LINE('',#3666,#551);
#212=LINE('',#3668,#552);
#213=LINE('',#3670,#553);
#214=LINE('',#3672,#554);
#215=LINE('',#3674,#555);
#216=LINE('',#3676,#556);
#217=LINE('',#3678,#557);
#218=LINE('',#3680,#558);
#219=LINE('',#3682,#559);
#220=LINE('',#3684,#560);
#221=LINE('',#3686,#561);
#222=LINE('',#3687,#562);
#223=LINE('',#3689,#563);
#224=LINE('',#3691,#564);
#225=LINE('',#3693,#565);
#226=LINE('',#3695,#566);
#227=LINE('',#3697,#567);
#228=LINE('',#3699,#568);
#229=LINE('',#3701,#569);
#230=LINE('',#3703,#570);
#231=LINE('',#3705,#571);
#232=LINE('',#3707,#572);
#233=LINE('',#3709,#573);
#234=LINE('',#3711,#574);
#235=LINE('',#3712,#575);
#236=LINE('',#3716,#576);
#237=LINE('',#3718,#577);
#238=LINE('',#3720,#578);
#239=LINE('',#3722,#579);
#240=LINE('',#3724,#580);
#241=LINE('',#3726,#581);
#242=LINE('',#3728,#582);
#243=LINE('',#3730,#583);
#244=LINE('',#3732,#584);
#245=LINE('',#3734,#585);
#246=LINE('',#3736,#586);
#247=LINE('',#3737,#587);
#248=LINE('',#3739,#588);
#249=LINE('',#3742,#589);
#250=LINE('',#3744,#590);
#251=LINE('',#3745,#591);
#252=LINE('',#3747,#592);
#253=LINE('',#3748,#593);
#254=LINE('',#3752,#594);
#255=LINE('',#3755,#595);
#256=LINE('',#3757,#596);
#257=LINE('',#3759,#597);
#258=LINE('',#3761,#598);
#259=LINE('',#3764,#599);
#260=LINE('',#3767,#600);
#261=LINE('',#3769,#601);
#262=LINE('',#3770,#602);
#263=LINE('',#3773,#603);
#264=LINE('',#3774,#604);
#265=LINE('',#3777,#605);
#266=LINE('',#3778,#606);
#267=LINE('',#3780,#607);
#268=LINE('',#3782,#608);
#269=LINE('',#3783,#609);
#270=LINE('',#3786,#610);
#271=LINE('',#3788,#611);
#272=LINE('',#3790,#612);
#273=LINE('',#3792,#613);
#274=LINE('',#3794,#614);
#275=LINE('',#3796,#615);
#276=LINE('',#3798,#616);
#277=LINE('',#3800,#617);
#278=LINE('',#3802,#618);
#279=LINE('',#3804,#619);
#280=LINE('',#3807,#620);
#281=LINE('',#3809,#621);
#282=LINE('',#3811,#622);
#283=LINE('',#3813,#623);
#284=LINE('',#3815,#624);
#285=LINE('',#3817,#625);
#286=LINE('',#3819,#626);
#287=LINE('',#3821,#627);
#288=LINE('',#3823,#628);
#289=LINE('',#3827,#629);
#290=LINE('',#3829,#630);
#291=LINE('',#3830,#631);
#292=LINE('',#3833,#632);
#293=LINE('',#3834,#633);
#294=LINE('',#3837,#634);
#295=LINE('',#3838,#635);
#296=LINE('',#3841,#636);
#297=LINE('',#3842,#637);
#298=LINE('',#3845,#638);
#299=LINE('',#3846,#639);
#300=LINE('',#3848,#640);
#301=LINE('',#3851,#641);
#302=LINE('',#3852,#642);
#303=LINE('',#3855,#643);
#304=LINE('',#3856,#644);
#305=LINE('',#3859,#645);
#306=LINE('',#3860,#646);
#307=LINE('',#3863,#647);
#308=LINE('',#3864,#648);
#309=LINE('',#3867,#649);
#310=LINE('',#3868,#650);
#311=LINE('',#3871,#651);
#312=LINE('',#3872,#652);
#313=LINE('',#3875,#653);
#314=LINE('',#3876,#654);
#315=LINE('',#3879,#655);
#316=LINE('',#3880,#656);
#317=LINE('',#3883,#657);
#318=LINE('',#3884,#658);
#319=LINE('',#3887,#659);
#320=LINE('',#3889,#660);
#321=LINE('',#3890,#661);
#322=LINE('',#3893,#662);
#323=LINE('',#3894,#663);
#324=LINE('',#3896,#664);
#325=LINE('',#3899,#665);
#326=LINE('',#3900,#666);
#327=LINE('',#3903,#667);
#328=LINE('',#3904,#668);
#329=LINE('',#3907,#669);
#330=LINE('',#3908,#670);
#331=LINE('',#3911,#671);
#332=LINE('',#3912,#672);
#333=LINE('',#3915,#673);
#334=LINE('',#3916,#674);
#335=LINE('',#3919,#675);
#336=LINE('',#3920,#676);
#337=LINE('',#3923,#677);
#338=LINE('',#3924,#678);
#339=LINE('',#3927,#679);
#340=LINE('',#3928,#680);
#341=LINE('',#3931,#681);
#342=LINE('',#3932,#682);
#343=LINE('',#3935,#683);
#344=LINE('',#3936,#684);
#345=LINE('',#3939,#685);
#346=LINE('',#3940,#686);
#347=LINE('',#3943,#687);
#348=LINE('',#3944,#688);
#349=LINE('',#3947,#689);
#350=LINE('',#3948,#690);
#351=LINE('',#3951,#691);
#352=LINE('',#3952,#692);
#353=LINE('',#3955,#693);
#354=LINE('',#3956,#694);
#355=LINE('',#3959,#695);
#356=LINE('',#3960,#696);
#357=LINE('',#3963,#697);
#358=LINE('',#3964,#698);
#359=LINE('',#3967,#699);
#360=LINE('',#3968,#700);
#361=LINE('',#3971,#701);
#362=LINE('',#3972,#702);
#363=LINE('',#3975,#703);
#364=LINE('',#3976,#704);
#365=LINE('',#3979,#705);
#366=LINE('',#3980,#706);
#367=LINE('',#3982,#707);
#368=VECTOR('',#2665,10.);
#369=VECTOR('',#2666,10.);
#370=VECTOR('',#2669,10.);
#371=VECTOR('',#2670,10.);
#372=VECTOR('',#2671,10.);
#373=VECTOR('',#2674,10.);
#374=VECTOR('',#2675,10.);
#375=VECTOR('',#2676,10.);
#376=VECTOR('',#2679,10.);
#377=VECTOR('',#2680,10.);
#378=VECTOR('',#2681,10.);
#379=VECTOR('',#2684,10.);
#380=VECTOR('',#2687,10.);
#381=VECTOR('',#2688,10.);
#382=VECTOR('',#2689,10.);
#383=VECTOR('',#2690,10.);
#384=VECTOR('',#2691,10.);
#385=VECTOR('',#2692,10.);
#386=VECTOR('',#2693,10.);
#387=VECTOR('',#2694,10.);
#388=VECTOR('',#2695,10.);
#389=VECTOR('',#2696,10.);
#390=VECTOR('',#2697,10.);
#391=VECTOR('',#2698,10.);
#392=VECTOR('',#2699,10.);
#393=VECTOR('',#2700,10.);
#394=VECTOR('',#2701,10.);
#395=VECTOR('',#2702,10.);
#396=VECTOR('',#2703,10.);
#397=VECTOR('',#2704,10.);
#398=VECTOR('',#2705,10.);
#399=VECTOR('',#2706,10.);
#400=VECTOR('',#2707,10.);
#401=VECTOR('',#2708,10.);
#402=VECTOR('',#2709,10.);
#403=VECTOR('',#2710,10.);
#404=VECTOR('',#2711,10.);
#405=VECTOR('',#2712,10.);
#406=VECTOR('',#2713,10.);
#407=VECTOR('',#2714,10.);
#408=VECTOR('',#2715,10.);
#409=VECTOR('',#2716,10.);
#410=VECTOR('',#2717,10.);
#411=VECTOR('',#2718,10.);
#412=VECTOR('',#2719,10.);
#413=VECTOR('',#2720,10.);
#414=VECTOR('',#2721,10.);
#415=VECTOR('',#2722,10.);
#416=VECTOR('',#2723,10.);
#417=VECTOR('',#2724,10.);
#418=VECTOR('',#2725,10.);
#419=VECTOR('',#2726,10.);
#420=VECTOR('',#2727,10.);
#421=VECTOR('',#2728,10.);
#422=VECTOR('',#2729,10.);
#423=VECTOR('',#2730,10.);
#424=VECTOR('',#2731,10.);
#425=VECTOR('',#2732,10.);
#426=VECTOR('',#2733,10.);
#427=VECTOR('',#2734,10.);
#428=VECTOR('',#2735,10.);
#429=VECTOR('',#2736,10.);
#430=VECTOR('',#2737,10.);
#431=VECTOR('',#2738,10.);
#432=VECTOR('',#2745,9.8);
#433=VECTOR('',#2746,9.8);
#434=VECTOR('',#2747,9.8);
#435=VECTOR('',#2750,9.8);
#436=VECTOR('',#2751,9.8);
#437=VECTOR('',#2754,9.8);
#438=VECTOR('',#2755,9.8);
#439=VECTOR('',#2758,9.8);
#440=VECTOR('',#2759,9.8);
#441=VECTOR('',#2762,9.8);
#442=VECTOR('',#2763,9.8);
#443=VECTOR('',#2766,9.8);
#444=VECTOR('',#2767,9.8);
#445=VECTOR('',#2770,9.8);
#446=VECTOR('',#2771,9.8);
#447=VECTOR('',#2774,9.8);
#448=VECTOR('',#2775,9.8);
#449=VECTOR('',#2778,9.8);
#450=VECTOR('',#2779,9.8);
#451=VECTOR('',#2782,9.8);
#452=VECTOR('',#2783,9.8);
#453=VECTOR('',#2786,9.8);
#454=VECTOR('',#2787,9.8);
#455=VECTOR('',#2790,9.8);
#456=VECTOR('',#2791,9.8);
#457=VECTOR('',#2794,10.);
#458=VECTOR('',#2795,9.8);
#459=VECTOR('',#2798,10.);
#460=VECTOR('',#2799,10.);
#461=VECTOR('',#2802,9.8);
#462=VECTOR('',#2803,9.8);
#463=VECTOR('',#2804,9.8);
#464=VECTOR('',#2807,9.8);
#465=VECTOR('',#2808,9.8);
#466=VECTOR('',#2811,9.8);
#467=VECTOR('',#2812,9.8);
#468=VECTOR('',#2815,9.8);
#469=VECTOR('',#2816,9.8);
#470=VECTOR('',#2819,9.8);
#471=VECTOR('',#2820,9.8);
#472=VECTOR('',#2823,9.8);
#473=VECTOR('',#2824,9.8);
#474=VECTOR('',#2827,9.8);
#475=VECTOR('',#2828,9.8);
#476=VECTOR('',#2831,9.8);
#477=VECTOR('',#2832,9.8);
#478=VECTOR('',#2835,9.8);
#479=VECTOR('',#2836,9.8);
#480=VECTOR('',#2839,9.8);
#481=VECTOR('',#2840,9.8);
#482=VECTOR('',#2843,10.);
#483=VECTOR('',#2844,9.8);
#484=VECTOR('',#2847,10.);
#485=VECTOR('',#2848,10.);
#486=VECTOR('',#2851,10.);
#487=VECTOR('',#2856,10.);
#488=VECTOR('',#2857,10.);
#489=VECTOR('',#2860,10.);
#490=VECTOR('',#2861,10.);
#491=VECTOR('',#2862,10.);
#492=VECTOR('',#2863,10.);
#493=VECTOR('',#2866,10.);
#494=VECTOR('',#2867,10.);
#495=VECTOR('',#2870,10.);
#496=VECTOR('',#2871,10.);
#497=VECTOR('',#2872,10.);
#498=VECTOR('',#2875,10.);
#499=VECTOR('',#2880,10.);
#500=VECTOR('',#2881,10.);
#501=VECTOR('',#2882,10.);
#502=VECTOR('',#2885,10.);
#503=VECTOR('',#2886,10.);
#504=VECTOR('',#2889,10.);
#505=VECTOR('',#2890,10.);
#506=VECTOR('',#2891,10.);
#507=VECTOR('',#2894,10.);
#508=VECTOR('',#2899,10.);
#509=VECTOR('',#2900,10.);
#510=VECTOR('',#2901,10.);
#511=VECTOR('',#2902,10.);
#512=VECTOR('',#2905,10.);
#513=VECTOR('',#2906,10.);
#514=VECTOR('',#2909,10.);
#515=VECTOR('',#2912,10.);
#516=VECTOR('',#2913,10.);
#517=VECTOR('',#2914,10.);
#518=VECTOR('',#2917,10.);
#519=VECTOR('',#2918,10.);
#520=VECTOR('',#2919,9.8);
#521=VECTOR('',#2920,9.8);
#522=VECTOR('',#2921,9.8);
#523=VECTOR('',#2922,9.8);
#524=VECTOR('',#2923,9.8);
#525=VECTOR('',#2924,9.8);
#526=VECTOR('',#2925,9.8);
#527=VECTOR('',#2926,9.8);
#528=VECTOR('',#2927,9.8);
#529=VECTOR('',#2928,9.8);
#530=VECTOR('',#2929,9.8);
#531=VECTOR('',#2930,9.8);
#532=VECTOR('',#2931,9.8);
#533=VECTOR('',#2932,9.8);
#534=VECTOR('',#2933,9.8);
#535=VECTOR('',#2934,9.8);
#536=VECTOR('',#2935,9.8);
#537=VECTOR('',#2936,9.8);
#538=VECTOR('',#2937,9.8);
#539=VECTOR('',#2938,9.8);
#540=VECTOR('',#2939,9.8);
#541=VECTOR('',#2940,9.8);
#542=VECTOR('',#2941,9.8);
#543=VECTOR('',#2942,9.8);
#544=VECTOR('',#2943,9.8);
#545=VECTOR('',#2944,9.8);
#546=VECTOR('',#2945,9.8);
#547=VECTOR('',#2946,9.8);
#548=VECTOR('',#2947,9.8);
#549=VECTOR('',#2948,9.8);
#550=VECTOR('',#2949,9.8);
#551=VECTOR('',#2950,9.8);
#552=VECTOR('',#2951,9.8);
#553=VECTOR('',#2952,9.8);
#554=VECTOR('',#2953,9.8);
#555=VECTOR('',#2954,9.8);
#556=VECTOR('',#2955,9.8);
#557=VECTOR('',#2956,9.8);
#558=VECTOR('',#2957,9.8);
#559=VECTOR('',#2958,9.8);
#560=VECTOR('',#2959,9.8);
#561=VECTOR('',#2960,10.);
#562=VECTOR('',#2961,10.);
#563=VECTOR('',#2962,9.8);
#564=VECTOR('',#2963,9.8);
#565=VECTOR('',#2964,9.8);
#566=VECTOR('',#2965,9.8);
#567=VECTOR('',#2966,9.8);
#568=VECTOR('',#2967,9.8);
#569=VECTOR('',#2968,9.8);
#570=VECTOR('',#2969,9.8);
#571=VECTOR('',#2970,9.8);
#572=VECTOR('',#2971,9.8);
#573=VECTOR('',#2972,9.8);
#574=VECTOR('',#2973,9.8);
#575=VECTOR('',#2974,9.8);
#576=VECTOR('',#2977,10.);
#577=VECTOR('',#2978,9.8);
#578=VECTOR('',#2979,9.8);
#579=VECTOR('',#2980,9.8);
#580=VECTOR('',#2981,9.8);
#581=VECTOR('',#2982,9.8);
#582=VECTOR('',#2983,9.8);
#583=VECTOR('',#2984,9.8);
#584=VECTOR('',#2985,9.8);
#585=VECTOR('',#2986,9.8);
#586=VECTOR('',#2987,9.8);
#587=VECTOR('',#2988,9.8);
#588=VECTOR('',#2991,10.);
#589=VECTOR('',#2994,10.);
#590=VECTOR('',#2995,10.);
#591=VECTOR('',#2996,10.);
#592=VECTOR('',#2999,10.);
#593=VECTOR('',#3000,10.);
#594=VECTOR('',#3007,10.);
#595=VECTOR('',#3012,10.);
#596=VECTOR('',#3015,10.);
#597=VECTOR('',#3018,10.);
#598=VECTOR('',#3021,10.);
#599=VECTOR('',#3026,9.8);
#600=VECTOR('',#3029,9.8);
#601=VECTOR('',#3030,9.8);
#602=VECTOR('',#3031,9.8);
#603=VECTOR('',#3034,9.8);
#604=VECTOR('',#3035,9.8);
#605=VECTOR('',#3038,9.8);
#606=VECTOR('',#3039,9.8);
#607=VECTOR('',#3042,1.5);
#608=VECTOR('',#3045,9.8);
#609=VECTOR('',#3046,9.8);
#610=VECTOR('',#3051,9.8);
#611=VECTOR('',#3054,9.8);
#612=VECTOR('',#3057,9.8);
#613=VECTOR('',#3060,9.8);
#614=VECTOR('',#3063,9.8);
#615=VECTOR('',#3066,9.8);
#616=VECTOR('',#3069,9.8);
#617=VECTOR('',#3072,9.8);
#618=VECTOR('',#3075,9.8);
#619=VECTOR('',#3078,9.8);
#620=VECTOR('',#3083,9.8);
#621=VECTOR('',#3086,9.8);
#622=VECTOR('',#3089,9.8);
#623=VECTOR('',#3092,9.8);
#624=VECTOR('',#3095,9.8);
#625=VECTOR('',#3098,9.8);
#626=VECTOR('',#3101,9.8);
#627=VECTOR('',#3104,9.8);
#628=VECTOR('',#3107,9.8);
#629=VECTOR('',#3112,9.8);
#630=VECTOR('',#3113,9.8);
#631=VECTOR('',#3114,9.8);
#632=VECTOR('',#3117,9.8);
#633=VECTOR('',#3118,9.8);
#634=VECTOR('',#3121,9.8);
#635=VECTOR('',#3122,9.8);
#636=VECTOR('',#3125,9.8);
#637=VECTOR('',#3126,9.8);
#638=VECTOR('',#3129,9.8);
#639=VECTOR('',#3130,9.8);
#640=VECTOR('',#3133,9.8);
#641=VECTOR('',#3136,9.8);
#642=VECTOR('',#3137,9.8);
#643=VECTOR('',#3140,9.8);
#644=VECTOR('',#3141,9.8);
#645=VECTOR('',#3144,9.8);
#646=VECTOR('',#3145,9.8);
#647=VECTOR('',#3148,9.8);
#648=VECTOR('',#3149,9.8);
#649=VECTOR('',#3152,9.8);
#650=VECTOR('',#3153,9.8);
#651=VECTOR('',#3156,9.8);
#652=VECTOR('',#3157,9.8);
#653=VECTOR('',#3160,9.8);
#654=VECTOR('',#3161,9.8);
#655=VECTOR('',#3164,9.8);
#656=VECTOR('',#3165,9.8);
#657=VECTOR('',#3168,9.8);
#658=VECTOR('',#3169,9.8);
#659=VECTOR('',#3172,9.8);
#660=VECTOR('',#3173,9.8);
#661=VECTOR('',#3174,9.8);
#662=VECTOR('',#3177,9.8);
#663=VECTOR('',#3178,9.8);
#664=VECTOR('',#3181,9.8);
#665=VECTOR('',#3184,9.8);
#666=VECTOR('',#3185,9.8);
#667=VECTOR('',#3188,9.8);
#668=VECTOR('',#3189,9.8);
#669=VECTOR('',#3192,9.8);
#670=VECTOR('',#3193,9.8);
#671=VECTOR('',#3196,9.8);
#672=VECTOR('',#3197,9.8);
#673=VECTOR('',#3200,9.8);
#674=VECTOR('',#3201,9.8);
#675=VECTOR('',#3204,9.8);
#676=VECTOR('',#3205,9.8);
#677=VECTOR('',#3208,9.8);
#678=VECTOR('',#3209,9.8);
#679=VECTOR('',#3212,9.8);
#680=VECTOR('',#3213,9.8);
#681=VECTOR('',#3216,9.8);
#682=VECTOR('',#3217,9.8);
#683=VECTOR('',#3220,9.8);
#684=VECTOR('',#3221,9.8);
#685=VECTOR('',#3224,9.8);
#686=VECTOR('',#3225,9.8);
#687=VECTOR('',#3228,9.8);
#688=VECTOR('',#3229,9.8);
#689=VECTOR('',#3232,9.8);
#690=VECTOR('',#3233,9.8);
#691=VECTOR('',#3236,9.8);
#692=VECTOR('',#3237,9.8);
#693=VECTOR('',#3240,9.8);
#694=VECTOR('',#3241,9.8);
#695=VECTOR('',#3244,9.8);
#696=VECTOR('',#3245,9.8);
#697=VECTOR('',#3248,9.8);
#698=VECTOR('',#3249,9.8);
#699=VECTOR('',#3252,9.8);
#700=VECTOR('',#3253,9.8);
#701=VECTOR('',#3256,9.8);
#702=VECTOR('',#3257,9.8);
#703=VECTOR('',#3260,9.8);
#704=VECTOR('',#3261,9.8);
#705=VECTOR('',#3264,9.8);
#706=VECTOR('',#3265,9.8);
#707=VECTOR('',#3268,9.8);
#708=FACE_OUTER_BOUND('',#830,.T.);
#709=FACE_OUTER_BOUND('',#831,.T.);
#710=FACE_OUTER_BOUND('',#835,.T.);
#711=FACE_OUTER_BOUND('',#836,.T.);
#712=FACE_OUTER_BOUND('',#837,.T.);
#713=FACE_OUTER_BOUND('',#838,.T.);
#714=FACE_OUTER_BOUND('',#839,.T.);
#715=FACE_OUTER_BOUND('',#840,.T.);
#716=FACE_OUTER_BOUND('',#841,.T.);
#717=FACE_OUTER_BOUND('',#842,.T.);
#718=FACE_OUTER_BOUND('',#843,.T.);
#719=FACE_OUTER_BOUND('',#844,.T.);
#720=FACE_OUTER_BOUND('',#845,.T.);
#721=FACE_OUTER_BOUND('',#846,.T.);
#722=FACE_OUTER_BOUND('',#847,.T.);
#723=FACE_OUTER_BOUND('',#848,.T.);
#724=FACE_OUTER_BOUND('',#849,.T.);
#725=FACE_OUTER_BOUND('',#850,.T.);
#726=FACE_OUTER_BOUND('',#851,.T.);
#727=FACE_OUTER_BOUND('',#852,.T.);
#728=FACE_OUTER_BOUND('',#853,.T.);
#729=FACE_OUTER_BOUND('',#854,.T.);
#730=FACE_OUTER_BOUND('',#855,.T.);
#731=FACE_OUTER_BOUND('',#856,.T.);
#732=FACE_OUTER_BOUND('',#857,.T.);
#733=FACE_OUTER_BOUND('',#858,.T.);
#734=FACE_OUTER_BOUND('',#859,.T.);
#735=FACE_OUTER_BOUND('',#860,.T.);
#736=FACE_OUTER_BOUND('',#861,.T.);
#737=FACE_OUTER_BOUND('',#862,.T.);
#738=FACE_OUTER_BOUND('',#863,.T.);
#739=FACE_OUTER_BOUND('',#864,.T.);
#740=FACE_OUTER_BOUND('',#865,.T.);
#741=FACE_OUTER_BOUND('',#866,.T.);
#742=FACE_OUTER_BOUND('',#867,.T.);
#743=FACE_OUTER_BOUND('',#868,.T.);
#744=FACE_OUTER_BOUND('',#869,.T.);
#745=FACE_OUTER_BOUND('',#870,.T.);
#746=FACE_OUTER_BOUND('',#871,.T.);
#747=FACE_OUTER_BOUND('',#872,.T.);
#748=FACE_OUTER_BOUND('',#873,.T.);
#749=FACE_OUTER_BOUND('',#877,.T.);
#750=FACE_OUTER_BOUND('',#878,.T.);
#751=FACE_OUTER_BOUND('',#879,.T.);
#752=FACE_OUTER_BOUND('',#880,.T.);
#753=FACE_OUTER_BOUND('',#881,.T.);
#754=FACE_OUTER_BOUND('',#882,.T.);
#755=FACE_OUTER_BOUND('',#883,.T.);
#756=FACE_OUTER_BOUND('',#884,.T.);
#757=FACE_OUTER_BOUND('',#885,.T.);
#758=FACE_OUTER_BOUND('',#886,.T.);
#759=FACE_OUTER_BOUND('',#887,.T.);
#760=FACE_OUTER_BOUND('',#888,.T.);
#761=FACE_OUTER_BOUND('',#889,.T.);
#762=FACE_OUTER_BOUND('',#890,.T.);
#763=FACE_OUTER_BOUND('',#891,.T.);
#764=FACE_OUTER_BOUND('',#892,.T.);
#765=FACE_OUTER_BOUND('',#893,.T.);
#766=FACE_OUTER_BOUND('',#894,.T.);
#767=FACE_OUTER_BOUND('',#895,.T.);
#768=FACE_OUTER_BOUND('',#896,.T.);
#769=FACE_OUTER_BOUND('',#897,.T.);
#770=FACE_OUTER_BOUND('',#898,.T.);
#771=FACE_OUTER_BOUND('',#899,.T.);
#772=FACE_OUTER_BOUND('',#900,.T.);
#773=FACE_OUTER_BOUND('',#901,.T.);
#774=FACE_OUTER_BOUND('',#902,.T.);
#775=FACE_OUTER_BOUND('',#903,.T.);
#776=FACE_OUTER_BOUND('',#904,.T.);
#777=FACE_OUTER_BOUND('',#905,.T.);
#778=FACE_OUTER_BOUND('',#906,.T.);
#779=FACE_OUTER_BOUND('',#907,.T.);
#780=FACE_OUTER_BOUND('',#908,.T.);
#781=FACE_OUTER_BOUND('',#909,.T.);
#782=FACE_OUTER_BOUND('',#910,.T.);
#783=FACE_OUTER_BOUND('',#911,.T.);
#784=FACE_OUTER_BOUND('',#912,.T.);
#785=FACE_OUTER_BOUND('',#913,.T.);
#786=FACE_OUTER_BOUND('',#914,.T.);
#787=FACE_OUTER_BOUND('',#915,.T.);
#788=FACE_OUTER_BOUND('',#916,.T.);
#789=FACE_OUTER_BOUND('',#917,.T.);
#790=FACE_OUTER_BOUND('',#918,.T.);
#791=FACE_OUTER_BOUND('',#919,.T.);
#792=FACE_OUTER_BOUND('',#920,.T.);
#793=FACE_OUTER_BOUND('',#921,.T.);
#794=FACE_OUTER_BOUND('',#922,.T.);
#795=FACE_OUTER_BOUND('',#923,.T.);
#796=FACE_OUTER_BOUND('',#924,.T.);
#797=FACE_OUTER_BOUND('',#925,.T.);
#798=FACE_OUTER_BOUND('',#926,.T.);
#799=FACE_OUTER_BOUND('',#927,.T.);
#800=FACE_OUTER_BOUND('',#928,.T.);
#801=FACE_OUTER_BOUND('',#929,.T.);
#802=FACE_OUTER_BOUND('',#930,.T.);
#803=FACE_OUTER_BOUND('',#931,.T.);
#804=FACE_OUTER_BOUND('',#932,.T.);
#805=FACE_OUTER_BOUND('',#933,.T.);
#806=FACE_OUTER_BOUND('',#934,.T.);
#807=FACE_OUTER_BOUND('',#935,.T.);
#808=FACE_OUTER_BOUND('',#936,.T.);
#809=FACE_OUTER_BOUND('',#937,.T.);
#810=FACE_OUTER_BOUND('',#938,.T.);
#811=FACE_OUTER_BOUND('',#939,.T.);
#812=FACE_OUTER_BOUND('',#940,.T.);
#813=FACE_OUTER_BOUND('',#941,.T.);
#814=FACE_OUTER_BOUND('',#942,.T.);
#815=FACE_OUTER_BOUND('',#943,.T.);
#816=FACE_OUTER_BOUND('',#944,.T.);
#817=FACE_OUTER_BOUND('',#945,.T.);
#818=FACE_OUTER_BOUND('',#946,.T.);
#819=FACE_OUTER_BOUND('',#947,.T.);
#820=FACE_OUTER_BOUND('',#948,.T.);
#821=FACE_OUTER_BOUND('',#949,.T.);
#822=FACE_OUTER_BOUND('',#950,.T.);
#823=FACE_OUTER_BOUND('',#951,.T.);
#824=FACE_OUTER_BOUND('',#952,.T.);
#825=FACE_OUTER_BOUND('',#953,.T.);
#826=FACE_OUTER_BOUND('',#954,.T.);
#827=FACE_OUTER_BOUND('',#955,.T.);
#828=FACE_OUTER_BOUND('',#956,.T.);
#829=FACE_OUTER_BOUND('',#957,.T.);
#830=EDGE_LOOP('',(#1562));
#831=EDGE_LOOP('',(#1563,#1564,#1565,#1566,#1567,#1568,#1569,#1570,#1571,
#1572,#1573,#1574,#1575,#1576,#1577,#1578));
#832=EDGE_LOOP('',(#1579,#1580,#1581,#1582,#1583,#1584,#1585,#1586,#1587,
#1588,#1589,#1590,#1591,#1592,#1593,#1594,#1595,#1596,#1597,#1598,#1599,
#1600,#1601,#1602,#1603,#1604,#1605));
#833=EDGE_LOOP('',(#1606,#1607,#1608,#1609,#1610,#1611,#1612,#1613,#1614,
#1615,#1616,#1617,#1618,#1619,#1620,#1621,#1622,#1623,#1624,#1625,#1626,
#1627,#1628,#1629,#1630,#1631,#1632));
#834=EDGE_LOOP('',(#1633));
#835=EDGE_LOOP('',(#1634,#1635,#1636,#1637));
#836=EDGE_LOOP('',(#1638,#1639,#1640,#1641));
#837=EDGE_LOOP('',(#1642,#1643,#1644,#1645));
#838=EDGE_LOOP('',(#1646,#1647,#1648,#1649));
#839=EDGE_LOOP('',(#1650,#1651,#1652,#1653));
#840=EDGE_LOOP('',(#1654,#1655,#1656,#1657));
#841=EDGE_LOOP('',(#1658,#1659,#1660,#1661));
#842=EDGE_LOOP('',(#1662,#1663,#1664,#1665));
#843=EDGE_LOOP('',(#1666,#1667,#1668,#1669));
#844=EDGE_LOOP('',(#1670,#1671,#1672,#1673));
#845=EDGE_LOOP('',(#1674,#1675,#1676,#1677));
#846=EDGE_LOOP('',(#1678,#1679,#1680,#1681));
#847=EDGE_LOOP('',(#1682,#1683,#1684,#1685));
#848=EDGE_LOOP('',(#1686,#1687,#1688,#1689));
#849=EDGE_LOOP('',(#1690,#1691,#1692,#1693));
#850=EDGE_LOOP('',(#1694,#1695,#1696,#1697));
#851=EDGE_LOOP('',(#1698,#1699,#1700,#1701));
#852=EDGE_LOOP('',(#1702,#1703,#1704,#1705));
#853=EDGE_LOOP('',(#1706,#1707,#1708,#1709));
#854=EDGE_LOOP('',(#1710,#1711,#1712,#1713));
#855=EDGE_LOOP('',(#1714,#1715,#1716,#1717));
#856=EDGE_LOOP('',(#1718,#1719,#1720,#1721));
#857=EDGE_LOOP('',(#1722,#1723,#1724,#1725));
#858=EDGE_LOOP('',(#1726,#1727,#1728,#1729));
#859=EDGE_LOOP('',(#1730,#1731,#1732,#1733));
#860=EDGE_LOOP('',(#1734,#1735,#1736,#1737));
#861=EDGE_LOOP('',(#1738,#1739,#1740,#1741));
#862=EDGE_LOOP('',(#1742,#1743,#1744,#1745));
#863=EDGE_LOOP('',(#1746,#1747,#1748,#1749,#1750));
#864=EDGE_LOOP('',(#1751,#1752,#1753,#1754));
#865=EDGE_LOOP('',(#1755,#1756,#1757,#1758,#1759));
#866=EDGE_LOOP('',(#1760,#1761,#1762,#1763));
#867=EDGE_LOOP('',(#1764,#1765,#1766,#1767,#1768));
#868=EDGE_LOOP('',(#1769,#1770,#1771,#1772));
#869=EDGE_LOOP('',(#1773,#1774,#1775,#1776,#1777));
#870=EDGE_LOOP('',(#1778,#1779,#1780,#1781));
#871=EDGE_LOOP('',(#1782,#1783,#1784,#1785));
#872=EDGE_LOOP('',(#1786,#1787,#1788,#1789,#1790));
#873=EDGE_LOOP('',(#1791,#1792,#1793,#1794,#1795,#1796,#1797,#1798,#1799,
#1800,#1801,#1802,#1803,#1804,#1805,#1806));
#874=EDGE_LOOP('',(#1807,#1808,#1809,#1810,#1811,#1812,#1813,#1814,#1815,
#1816,#1817,#1818,#1819,#1820,#1821,#1822,#1823,#1824,#1825,#1826,#1827,
#1828,#1829,#1830,#1831,#1832,#1833,#1834,#1835,#1836,#1837,#1838,#1839,
#1840,#1841,#1842,#1843,#1844,#1845,#1846,#1847,#1848,#1849));
#875=EDGE_LOOP('',(#1850,#1851,#1852,#1853,#1854,#1855,#1856,#1857,#1858,
#1859,#1860,#1861,#1862,#1863,#1864,#1865,#1866,#1867,#1868,#1869,#1870,
#1871,#1872,#1873,#1874,#1875,#1876));
#876=EDGE_LOOP('',(#1877,#1878,#1879,#1880,#1881,#1882,#1883,#1884,#1885,
#1886,#1887,#1888,#1889,#1890,#1891,#1892,#1893,#1894,#1895,#1896,#1897,
#1898,#1899,#1900,#1901,#1902,#1903));
#877=EDGE_LOOP('',(#1904,#1905,#1906,#1907));
#878=EDGE_LOOP('',(#1908,#1909,#1910,#1911));
#879=EDGE_LOOP('',(#1912,#1913,#1914,#1915,#1916));
#880=EDGE_LOOP('',(#1917,#1918,#1919,#1920));
#881=EDGE_LOOP('',(#1921,#1922,#1923,#1924));
#882=EDGE_LOOP('',(#1925,#1926,#1927,#1928));
#883=EDGE_LOOP('',(#1929,#1930,#1931,#1932));
#884=EDGE_LOOP('',(#1933,#1934,#1935,#1936));
#885=EDGE_LOOP('',(#1937,#1938,#1939,#1940,#1941));
#886=EDGE_LOOP('',(#1942,#1943,#1944,#1945));
#887=EDGE_LOOP('',(#1946,#1947,#1948,#1949,#1950));
#888=EDGE_LOOP('',(#1951,#1952,#1953,#1954));
#889=EDGE_LOOP('',(#1955,#1956,#1957,#1958));
#890=EDGE_LOOP('',(#1959,#1960,#1961,#1962));
#891=EDGE_LOOP('',(#1963,#1964,#1965,#1966));
#892=EDGE_LOOP('',(#1967,#1968,#1969,#1970));
#893=EDGE_LOOP('',(#1971,#1972,#1973,#1974));
#894=EDGE_LOOP('',(#1975,#1976,#1977,#1978));
#895=EDGE_LOOP('',(#1979,#1980,#1981,#1982));
#896=EDGE_LOOP('',(#1983,#1984,#1985,#1986));
#897=EDGE_LOOP('',(#1987,#1988,#1989,#1990));
#898=EDGE_LOOP('',(#1991,#1992,#1993,#1994));
#899=EDGE_LOOP('',(#1995,#1996,#1997,#1998));
#900=EDGE_LOOP('',(#1999,#2000,#2001,#2002));
#901=EDGE_LOOP('',(#2003,#2004,#2005,#2006));
#902=EDGE_LOOP('',(#2007,#2008,#2009,#2010));
#903=EDGE_LOOP('',(#2011,#2012,#2013,#2014));
#904=EDGE_LOOP('',(#2015,#2016,#2017,#2018));
#905=EDGE_LOOP('',(#2019,#2020,#2021,#2022));
#906=EDGE_LOOP('',(#2023,#2024,#2025,#2026));
#907=EDGE_LOOP('',(#2027,#2028,#2029,#2030));
#908=EDGE_LOOP('',(#2031,#2032,#2033,#2034));
#909=EDGE_LOOP('',(#2035,#2036,#2037,#2038));
#910=EDGE_LOOP('',(#2039,#2040,#2041,#2042));
#911=EDGE_LOOP('',(#2043,#2044,#2045,#2046));
#912=EDGE_LOOP('',(#2047,#2048,#2049,#2050));
#913=EDGE_LOOP('',(#2051,#2052,#2053,#2054));
#914=EDGE_LOOP('',(#2055,#2056,#2057,#2058));
#915=EDGE_LOOP('',(#2059,#2060,#2061,#2062));
#916=EDGE_LOOP('',(#2063,#2064,#2065,#2066));
#917=EDGE_LOOP('',(#2067,#2068,#2069,#2070));
#918=EDGE_LOOP('',(#2071,#2072,#2073,#2074));
#919=EDGE_LOOP('',(#2075,#2076,#2077,#2078));
#920=EDGE_LOOP('',(#2079,#2080,#2081,#2082));
#921=EDGE_LOOP('',(#2083,#2084,#2085,#2086));
#922=EDGE_LOOP('',(#2087,#2088,#2089,#2090));
#923=EDGE_LOOP('',(#2091,#2092,#2093,#2094));
#924=EDGE_LOOP('',(#2095,#2096,#2097,#2098));
#925=EDGE_LOOP('',(#2099,#2100,#2101,#2102));
#926=EDGE_LOOP('',(#2103,#2104,#2105,#2106));
#927=EDGE_LOOP('',(#2107,#2108,#2109,#2110));
#928=EDGE_LOOP('',(#2111,#2112,#2113,#2114));
#929=EDGE_LOOP('',(#2115,#2116,#2117,#2118));
#930=EDGE_LOOP('',(#2119,#2120,#2121,#2122));
#931=EDGE_LOOP('',(#2123,#2124,#2125,#2126));
#932=EDGE_LOOP('',(#2127,#2128,#2129,#2130));
#933=EDGE_LOOP('',(#2131,#2132,#2133,#2134));
#934=EDGE_LOOP('',(#2135,#2136,#2137,#2138));
#935=EDGE_LOOP('',(#2139,#2140,#2141,#2142));
#936=EDGE_LOOP('',(#2143,#2144,#2145,#2146));
#937=EDGE_LOOP('',(#2147,#2148,#2149,#2150));
#938=EDGE_LOOP('',(#2151,#2152,#2153,#2154));
#939=EDGE_LOOP('',(#2155,#2156,#2157,#2158));
#940=EDGE_LOOP('',(#2159,#2160,#2161,#2162));
#941=EDGE_LOOP('',(#2163,#2164,#2165,#2166));
#942=EDGE_LOOP('',(#2167,#2168,#2169,#2170));
#943=EDGE_LOOP('',(#2171,#2172,#2173,#2174));
#944=EDGE_LOOP('',(#2175,#2176,#2177,#2178));
#945=EDGE_LOOP('',(#2179,#2180,#2181,#2182));
#946=EDGE_LOOP('',(#2183,#2184,#2185,#2186));
#947=EDGE_LOOP('',(#2187,#2188,#2189,#2190));
#948=EDGE_LOOP('',(#2191,#2192,#2193,#2194));
#949=EDGE_LOOP('',(#2195,#2196,#2197,#2198));
#950=EDGE_LOOP('',(#2199,#2200,#2201,#2202));
#951=EDGE_LOOP('',(#2203,#2204,#2205,#2206));
#952=EDGE_LOOP('',(#2207,#2208,#2209,#2210));
#953=EDGE_LOOP('',(#2211,#2212,#2213,#2214));
#954=EDGE_LOOP('',(#2215,#2216,#2217,#2218));
#955=EDGE_LOOP('',(#2219,#2220,#2221,#2222));
#956=EDGE_LOOP('',(#2223,#2224,#2225,#2226));
#957=EDGE_LOOP('',(#2227,#2228,#2229,#2230,#2231,#2232,#2233,#2234,#2235,
#2236,#2237,#2238,#2239,#2240,#2241,#2242,#2243,#2244,#2245,#2246,#2247,
#2248,#2249,#2250,#2251,#2252,#2253,#2254,#2255,#2256,#2257,#2258,#2259,
#2260,#2261,#2262,#2263,#2264,#2265,#2266,#2267,#2268,#2269));
#958=CIRCLE('',#2522,1.5);
#959=CIRCLE('',#2524,17.);
#960=CIRCLE('',#2525,17.);
#961=CIRCLE('',#2526,17.);
#962=CIRCLE('',#2527,17.);
#963=CIRCLE('',#2528,8.5);
#964=CIRCLE('',#2529,8.5);
#965=CIRCLE('',#2530,1.5);
#966=CIRCLE('',#2558,8.5);
#967=CIRCLE('',#2564,17.);
#968=CIRCLE('',#2569,17.);
#969=CIRCLE('',#2573,17.);
#970=CIRCLE('',#2574,17.);
#971=CIRCLE('',#2575,8.5);
#972=VERTEX_POINT('',#3273);
#973=VERTEX_POINT('',#3276);
#974=VERTEX_POINT('',#3277);
#975=VERTEX_POINT('',#3279);
#976=VERTEX_POINT('',#3281);
#977=VERTEX_POINT('',#3283);
#978=VERTEX_POINT('',#3285);
#979=VERTEX_POINT('',#3287);
#980=VERTEX_POINT('',#3289);
#981=VERTEX_POINT('',#3291);
#982=VERTEX_POINT('',#3293);
#983=VERTEX_POINT('',#3295);
#984=VERTEX_POINT('',#3297);
#985=VERTEX_POINT('',#3299);
#986=VERTEX_POINT('',#3301);
#987=VERTEX_POINT('',#3303);
#988=VERTEX_POINT('',#3305);
#989=VERTEX_POINT('',#3308);
#990=VERTEX_POINT('',#3309);
#991=VERTEX_POINT('',#3311);
#992=VERTEX_POINT('',#3313);
#993=VERTEX_POINT('',#3315);
#994=VERTEX_POINT('',#3317);
#995=VERTEX_POINT('',#3319);
#996=VERTEX_POINT('',#3321);
#997=VERTEX_POINT('',#3323);
#998=VERTEX_POINT('',#3325);
#999=VERTEX_POINT('',#3327);
#1000=VERTEX_POINT('',#3329);
#1001=VERTEX_POINT('',#3331);
#1002=VERTEX_POINT('',#3333);
#1003=VERTEX_POINT('',#3335);
#1004=VERTEX_POINT('',#3337);
#1005=VERTEX_POINT('',#3339);
#1006=VERTEX_POINT('',#3341);
#1007=VERTEX_POINT('',#3343);
#1008=VERTEX_POINT('',#3345);
#1009=VERTEX_POINT('',#3347);
#1010=VERTEX_POINT('',#3349);
#1011=VERTEX_POINT('',#3351);
#1012=VERTEX_POINT('',#3353);
#1013=VERTEX_POINT('',#3355);
#1014=VERTEX_POINT('',#3357);
#1015=VERTEX_POINT('',#3359);
#1016=VERTEX_POINT('',#3362);
#1017=VERTEX_POINT('',#3363);
#1018=VERTEX_POINT('',#3365);
#1019=VERTEX_POINT('',#3367);
#1020=VERTEX_POINT('',#3369);
#1021=VERTEX_POINT('',#3371);
#1022=VERTEX_POINT('',#3373);
#1023=VERTEX_POINT('',#3375);
#1024=VERTEX_POINT('',#3377);
#1025=VERTEX_POINT('',#3379);
#1026=VERTEX_POINT('',#3381);
#1027=VERTEX_POINT('',#3383);
#1028=VERTEX_POINT('',#3385);
#1029=VERTEX_POINT('',#3387);
#1030=VERTEX_POINT('',#3389);
#1031=VERTEX_POINT('',#3391);
#1032=VERTEX_POINT('',#3393);
#1033=VERTEX_POINT('',#3395);
#1034=VERTEX_POINT('',#3397);
#1035=VERTEX_POINT('',#3399);
#1036=VERTEX_POINT('',#3401);
#1037=VERTEX_POINT('',#3403);
#1038=VERTEX_POINT('',#3405);
#1039=VERTEX_POINT('',#3407);
#1040=VERTEX_POINT('',#3409);
#1041=VERTEX_POINT('',#3411);
#1042=VERTEX_POINT('',#3413);
#1043=VERTEX_POINT('',#3416);
#1044=VERTEX_POINT('',#3419);
#1045=VERTEX_POINT('',#3421);
#1046=VERTEX_POINT('',#3425);
#1047=VERTEX_POINT('',#3429);
#1048=VERTEX_POINT('',#3433);
#1049=VERTEX_POINT('',#3437);
#1050=VERTEX_POINT('',#3441);
#1051=VERTEX_POINT('',#3445);
#1052=VERTEX_POINT('',#3449);
#1053=VERTEX_POINT('',#3453);
#1054=VERTEX_POINT('',#3457);
#1055=VERTEX_POINT('',#3461);
#1056=VERTEX_POINT('',#3465);
#1057=VERTEX_POINT('',#3469);
#1058=VERTEX_POINT('',#3473);
#1059=VERTEX_POINT('',#3477);
#1060=VERTEX_POINT('',#3479);
#1061=VERTEX_POINT('',#3483);
#1062=VERTEX_POINT('',#3487);
#1063=VERTEX_POINT('',#3491);
#1064=VERTEX_POINT('',#3495);
#1065=VERTEX_POINT('',#3499);
#1066=VERTEX_POINT('',#3503);
#1067=VERTEX_POINT('',#3507);
#1068=VERTEX_POINT('',#3511);
#1069=VERTEX_POINT('',#3515);
#1070=VERTEX_POINT('',#3519);
#1071=VERTEX_POINT('',#3523);
#1072=VERTEX_POINT('',#3527);
#1073=VERTEX_POINT('',#3531);
#1074=VERTEX_POINT('',#3535);
#1075=VERTEX_POINT('',#3537);
#1076=VERTEX_POINT('',#3539);
#1077=VERTEX_POINT('',#3543);
#1078=VERTEX_POINT('',#3547);
#1079=VERTEX_POINT('',#3549);
#1080=VERTEX_POINT('',#3553);
#1081=VERTEX_POINT('',#3557);
#1082=VERTEX_POINT('',#3559);
#1083=VERTEX_POINT('',#3563);
#1084=VERTEX_POINT('',#3567);
#1085=VERTEX_POINT('',#3569);
#1086=VERTEX_POINT('',#3573);
#1087=VERTEX_POINT('',#3577);
#1088=VERTEX_POINT('',#3578);
#1089=VERTEX_POINT('',#3580);
#1090=VERTEX_POINT('',#3582);
#1091=VERTEX_POINT('',#3589);
#1092=VERTEX_POINT('',#3591);
#1093=VERTEX_POINT('',#3593);
#1094=VERTEX_POINT('',#3595);
#1095=VERTEX_POINT('',#3597);
#1096=VERTEX_POINT('',#3602);
#1097=VERTEX_POINT('',#3603);
#1098=VERTEX_POINT('',#3605);
#1099=VERTEX_POINT('',#3607);
#1100=VERTEX_POINT('',#3609);
#1101=VERTEX_POINT('',#3611);
#1102=VERTEX_POINT('',#3613);
#1103=VERTEX_POINT('',#3615);
#1104=VERTEX_POINT('',#3617);
#1105=VERTEX_POINT('',#3619);
#1106=VERTEX_POINT('',#3621);
#1107=VERTEX_POINT('',#3623);
#1108=VERTEX_POINT('',#3625);
#1109=VERTEX_POINT('',#3627);
#1110=VERTEX_POINT('',#3629);
#1111=VERTEX_POINT('',#3631);
#1112=VERTEX_POINT('',#3633);
#1113=VERTEX_POINT('',#3635);
#1114=VERTEX_POINT('',#3637);
#1115=VERTEX_POINT('',#3639);
#1116=VERTEX_POINT('',#3641);
#1117=VERTEX_POINT('',#3643);
#1118=VERTEX_POINT('',#3645);
#1119=VERTEX_POINT('',#3647);
#1120=VERTEX_POINT('',#3649);
#1121=VERTEX_POINT('',#3651);
#1122=VERTEX_POINT('',#3653);
#1123=VERTEX_POINT('',#3655);
#1124=VERTEX_POINT('',#3657);
#1125=VERTEX_POINT('',#3659);
#1126=VERTEX_POINT('',#3661);
#1127=VERTEX_POINT('',#3663);
#1128=VERTEX_POINT('',#3665);
#1129=VERTEX_POINT('',#3667);
#1130=VERTEX_POINT('',#3669);
#1131=VERTEX_POINT('',#3671);
#1132=VERTEX_POINT('',#3673);
#1133=VERTEX_POINT('',#3675);
#1134=VERTEX_POINT('',#3677);
#1135=VERTEX_POINT('',#3679);
#1136=VERTEX_POINT('',#3681);
#1137=VERTEX_POINT('',#3683);
#1138=VERTEX_POINT('',#3685);
#1139=VERTEX_POINT('',#3688);
#1140=VERTEX_POINT('',#3690);
#1141=VERTEX_POINT('',#3692);
#1142=VERTEX_POINT('',#3694);
#1143=VERTEX_POINT('',#3696);
#1144=VERTEX_POINT('',#3698);
#1145=VERTEX_POINT('',#3700);
#1146=VERTEX_POINT('',#3702);
#1147=VERTEX_POINT('',#3704);
#1148=VERTEX_POINT('',#3706);
#1149=VERTEX_POINT('',#3708);
#1150=VERTEX_POINT('',#3710);
#1151=VERTEX_POINT('',#3713);
#1152=VERTEX_POINT('',#3715);
#1153=VERTEX_POINT('',#3717);
#1154=VERTEX_POINT('',#3719);
#1155=VERTEX_POINT('',#3721);
#1156=VERTEX_POINT('',#3723);
#1157=VERTEX_POINT('',#3725);
#1158=VERTEX_POINT('',#3727);
#1159=VERTEX_POINT('',#3729);
#1160=VERTEX_POINT('',#3731);
#1161=VERTEX_POINT('',#3733);
#1162=VERTEX_POINT('',#3735);
#1163=VERTEX_POINT('',#3741);
#1164=VERTEX_POINT('',#3743);
#1165=VERTEX_POINT('',#3766);
#1166=VERTEX_POINT('',#3768);
#1167=VERTEX_POINT('',#3772);
#1168=VERTEX_POINT('',#3776);
#1169=VERTEX_POINT('',#3826);
#1170=VERTEX_POINT('',#3828);
#1171=VERTEX_POINT('',#3832);
#1172=VERTEX_POINT('',#3836);
#1173=VERTEX_POINT('',#3840);
#1174=VERTEX_POINT('',#3844);
#1175=VERTEX_POINT('',#3850);
#1176=VERTEX_POINT('',#3854);
#1177=VERTEX_POINT('',#3858);
#1178=VERTEX_POINT('',#3862);
#1179=VERTEX_POINT('',#3866);
#1180=VERTEX_POINT('',#3870);
#1181=VERTEX_POINT('',#3874);
#1182=VERTEX_POINT('',#3878);
#1183=VERTEX_POINT('',#3882);
#1184=VERTEX_POINT('',#3886);
#1185=VERTEX_POINT('',#3888);
#1186=VERTEX_POINT('',#3892);
#1187=VERTEX_POINT('',#3898);
#1188=VERTEX_POINT('',#3902);
#1189=VERTEX_POINT('',#3906);
#1190=VERTEX_POINT('',#3910);
#1191=VERTEX_POINT('',#3914);
#1192=VERTEX_POINT('',#3918);
#1193=VERTEX_POINT('',#3922);
#1194=VERTEX_POINT('',#3926);
#1195=VERTEX_POINT('',#3930);
#1196=VERTEX_POINT('',#3934);
#1197=VERTEX_POINT('',#3938);
#1198=VERTEX_POINT('',#3942);
#1199=VERTEX_POINT('',#3946);
#1200=VERTEX_POINT('',#3950);
#1201=VERTEX_POINT('',#3954);
#1202=VERTEX_POINT('',#3958);
#1203=VERTEX_POINT('',#3962);
#1204=VERTEX_POINT('',#3966);
#1205=VERTEX_POINT('',#3970);
#1206=VERTEX_POINT('',#3974);
#1207=VERTEX_POINT('',#3978);
#1208=EDGE_CURVE('',#972,#972,#958,.T.);
#1209=EDGE_CURVE('',#973,#974,#28,.T.);
#1210=EDGE_CURVE('',#975,#973,#29,.T.);
#1211=EDGE_CURVE('',#976,#975,#959,.T.);
#1212=EDGE_CURVE('',#977,#976,#30,.T.);
#1213=EDGE_CURVE('',#978,#977,#31,.T.);
#1214=EDGE_CURVE('',#979,#978,#32,.T.);
#1215=EDGE_CURVE('',#980,#979,#960,.T.);
#1216=EDGE_CURVE('',#981,#980,#33,.T.);
#1217=EDGE_CURVE('',#982,#981,#34,.T.);
#1218=EDGE_CURVE('',#983,#982,#35,.T.);
#1219=EDGE_CURVE('',#984,#983,#961,.T.);
#1220=EDGE_CURVE('',#985,#984,#36,.T.);
#1221=EDGE_CURVE('',#986,#985,#37,.T.);
#1222=EDGE_CURVE('',#987,#986,#38,.T.);
#1223=EDGE_CURVE('',#988,#987,#962,.T.);
#1224=EDGE_CURVE('',#974,#988,#39,.T.);
#1225=EDGE_CURVE('',#989,#990,#963,.T.);
#1226=EDGE_CURVE('',#991,#989,#40,.T.);
#1227=EDGE_CURVE('',#992,#991,#41,.T.);
#1228=EDGE_CURVE('',#993,#992,#42,.T.);
#1229=EDGE_CURVE('',#994,#993,#43,.T.);
#1230=EDGE_CURVE('',#995,#994,#44,.T.);
#1231=EDGE_CURVE('',#996,#995,#45,.T.);
#1232=EDGE_CURVE('',#997,#996,#46,.T.);
#1233=EDGE_CURVE('',#998,#997,#47,.T.);
#1234=EDGE_CURVE('',#999,#998,#48,.T.);
#1235=EDGE_CURVE('',#1000,#999,#49,.T.);
#1236=EDGE_CURVE('',#1001,#1000,#50,.T.);
#1237=EDGE_CURVE('',#1002,#1001,#51,.T.);
#1238=EDGE_CURVE('',#1003,#1002,#52,.T.);
#1239=EDGE_CURVE('',#1004,#1003,#53,.T.);
#1240=EDGE_CURVE('',#1005,#1004,#54,.T.);
#1241=EDGE_CURVE('',#1006,#1005,#55,.T.);
#1242=EDGE_CURVE('',#1007,#1006,#56,.T.);
#1243=EDGE_CURVE('',#1008,#1007,#57,.T.);
#1244=EDGE_CURVE('',#1009,#1008,#58,.T.);
#1245=EDGE_CURVE('',#1010,#1009,#59,.T.);
#1246=EDGE_CURVE('',#1011,#1010,#60,.T.);
#1247=EDGE_CURVE('',#1012,#1011,#61,.T.);
#1248=EDGE_CURVE('',#1013,#1012,#62,.T.);
#1249=EDGE_CURVE('',#1014,#1013,#63,.T.);
#1250=EDGE_CURVE('',#1015,#1014,#64,.T.);
#1251=EDGE_CURVE('',#990,#1015,#65,.T.);
#1252=EDGE_CURVE('',#1016,#1017,#66,.T.);
#1253=EDGE_CURVE('',#1018,#1016,#67,.T.);
#1254=EDGE_CURVE('',#1019,#1018,#68,.T.);
#1255=EDGE_CURVE('',#1020,#1019,#69,.T.);
#1256=EDGE_CURVE('',#1021,#1020,#70,.T.);
#1257=EDGE_CURVE('',#1022,#1021,#71,.T.);
#1258=EDGE_CURVE('',#1023,#1022,#72,.T.);
#1259=EDGE_CURVE('',#1024,#1023,#73,.T.);
#1260=EDGE_CURVE('',#1025,#1024,#74,.T.);
#1261=EDGE_CURVE('',#1026,#1025,#75,.T.);
#1262=EDGE_CURVE('',#1027,#1026,#76,.T.);
#1263=EDGE_CURVE('',#1028,#1027,#77,.T.);
#1264=EDGE_CURVE('',#1029,#1028,#78,.T.);
#1265=EDGE_CURVE('',#1030,#1029,#79,.T.);
#1266=EDGE_CURVE('',#1031,#1030,#80,.T.);
#1267=EDGE_CURVE('',#1032,#1031,#81,.T.);
#1268=EDGE_CURVE('',#1033,#1032,#82,.T.);
#1269=EDGE_CURVE('',#1034,#1033,#83,.T.);
#1270=EDGE_CURVE('',#1035,#1034,#84,.T.);
#1271=EDGE_CURVE('',#1036,#1035,#85,.T.);
#1272=EDGE_CURVE('',#1037,#1036,#86,.T.);
#1273=EDGE_CURVE('',#1038,#1037,#87,.T.);
#1274=EDGE_CURVE('',#1039,#1038,#88,.T.);
#1275=EDGE_CURVE('',#1040,#1039,#89,.T.);
#1276=EDGE_CURVE('',#1041,#1040,#90,.T.);
#1277=EDGE_CURVE('',#1042,#1041,#91,.T.);
#1278=EDGE_CURVE('',#1017,#1042,#964,.T.);
#1279=EDGE_CURVE('',#1043,#1043,#965,.T.);
#1280=EDGE_CURVE('',#1044,#1029,#92,.T.);
#1281=EDGE_CURVE('',#1044,#1045,#93,.T.);
#1282=EDGE_CURVE('',#1045,#1030,#94,.T.);
#1283=EDGE_CURVE('',#1046,#1028,#95,.T.);
#1284=EDGE_CURVE('',#1046,#1044,#96,.T.);
#1285=EDGE_CURVE('',#1047,#1027,#97,.T.);
#1286=EDGE_CURVE('',#1047,#1046,#98,.T.);
#1287=EDGE_CURVE('',#1048,#1026,#99,.T.);
#1288=EDGE_CURVE('',#1048,#1047,#100,.T.);
#1289=EDGE_CURVE('',#1049,#1025,#101,.T.);
#1290=EDGE_CURVE('',#1049,#1048,#102,.T.);
#1291=EDGE_CURVE('',#1050,#1024,#103,.T.);
#1292=EDGE_CURVE('',#1050,#1049,#104,.T.);
#1293=EDGE_CURVE('',#1051,#1023,#105,.T.);
#1294=EDGE_CURVE('',#1051,#1050,#106,.T.);
#1295=EDGE_CURVE('',#1052,#1022,#107,.T.);
#1296=EDGE_CURVE('',#1052,#1051,#108,.T.);
#1297=EDGE_CURVE('',#1053,#1021,#109,.T.);
#1298=EDGE_CURVE('',#1053,#1052,#110,.T.);
#1299=EDGE_CURVE('',#1054,#1020,#111,.T.);
#1300=EDGE_CURVE('',#1054,#1053,#112,.T.);
#1301=EDGE_CURVE('',#1055,#1019,#113,.T.);
#1302=EDGE_CURVE('',#1055,#1054,#114,.T.);
#1303=EDGE_CURVE('',#1056,#1018,#115,.T.);
#1304=EDGE_CURVE('',#1056,#1055,#116,.T.);
#1305=EDGE_CURVE('',#1016,#1057,#117,.T.);
#1306=EDGE_CURVE('',#1057,#1056,#118,.T.);
#1307=EDGE_CURVE('',#1058,#1017,#119,.T.);
#1308=EDGE_CURVE('',#1058,#1057,#120,.T.);
#1309=EDGE_CURVE('',#1059,#1001,#121,.T.);
#1310=EDGE_CURVE('',#1059,#1060,#122,.T.);
#1311=EDGE_CURVE('',#1060,#1002,#123,.T.);
#1312=EDGE_CURVE('',#1061,#1000,#124,.T.);
#1313=EDGE_CURVE('',#1061,#1059,#125,.T.);
#1314=EDGE_CURVE('',#1062,#999,#126,.T.);
#1315=EDGE_CURVE('',#1062,#1061,#127,.T.);
#1316=EDGE_CURVE('',#1063,#998,#128,.T.);
#1317=EDGE_CURVE('',#1063,#1062,#129,.T.);
#1318=EDGE_CURVE('',#1064,#997,#130,.T.);
#1319=EDGE_CURVE('',#1064,#1063,#131,.T.);
#1320=EDGE_CURVE('',#1065,#996,#132,.T.);
#1321=EDGE_CURVE('',#1065,#1064,#133,.T.);
#1322=EDGE_CURVE('',#1066,#995,#134,.T.);
#1323=EDGE_CURVE('',#1066,#1065,#135,.T.);
#1324=EDGE_CURVE('',#1067,#994,#136,.T.);
#1325=EDGE_CURVE('',#1067,#1066,#137,.T.);
#1326=EDGE_CURVE('',#1068,#993,#138,.T.);
#1327=EDGE_CURVE('',#1068,#1067,#139,.T.);
#1328=EDGE_CURVE('',#1069,#992,#140,.T.);
#1329=EDGE_CURVE('',#1069,#1068,#141,.T.);
#1330=EDGE_CURVE('',#991,#1070,#142,.T.);
#1331=EDGE_CURVE('',#1070,#1069,#143,.T.);
#1332=EDGE_CURVE('',#1071,#989,#144,.T.);
#1333=EDGE_CURVE('',#1070,#1071,#145,.T.);
#1334=EDGE_CURVE('',#990,#1072,#146,.T.);
#1335=EDGE_CURVE('',#1071,#1072,#966,.T.);
#1336=EDGE_CURVE('',#1073,#1015,#147,.T.);
#1337=EDGE_CURVE('',#1072,#1073,#148,.T.);
#1338=EDGE_CURVE('',#1074,#982,#149,.T.);
#1339=EDGE_CURVE('',#1075,#1074,#150,.T.);
#1340=EDGE_CURVE('',#1075,#1076,#151,.T.);
#1341=EDGE_CURVE('',#1076,#983,#152,.T.);
#1342=EDGE_CURVE('',#981,#1077,#153,.T.);
#1343=EDGE_CURVE('',#1074,#1077,#154,.T.);
#1344=EDGE_CURVE('',#1078,#980,#155,.T.);
#1345=EDGE_CURVE('',#1078,#1079,#156,.T.);
#1346=EDGE_CURVE('',#1077,#1079,#157,.T.);
#1347=EDGE_CURVE('',#979,#1080,#158,.T.);
#1348=EDGE_CURVE('',#1080,#1078,#967,.T.);
#1349=EDGE_CURVE('',#1081,#978,#159,.T.);
#1350=EDGE_CURVE('',#1082,#1081,#160,.T.);
#1351=EDGE_CURVE('',#1082,#1080,#161,.T.);
#1352=EDGE_CURVE('',#977,#1083,#162,.T.);
#1353=EDGE_CURVE('',#1081,#1083,#163,.T.);
#1354=EDGE_CURVE('',#1084,#976,#164,.T.);
#1355=EDGE_CURVE('',#1084,#1085,#165,.T.);
#1356=EDGE_CURVE('',#1083,#1085,#166,.T.);
#1357=EDGE_CURVE('',#1086,#975,#167,.T.);
#1358=EDGE_CURVE('',#1086,#1084,#968,.T.);
#1359=EDGE_CURVE('',#1087,#1088,#168,.T.);
#1360=EDGE_CURVE('',#1088,#1089,#169,.T.);
#1361=EDGE_CURVE('',#1089,#1090,#170,.T.);
#1362=EDGE_CURVE('',#1090,#1087,#171,.T.);
#1363=EDGE_CURVE('',#973,#1088,#172,.T.);
#1364=EDGE_CURVE('',#1087,#1086,#173,.T.);
#1365=EDGE_CURVE('',#1091,#1090,#174,.T.);
#1366=EDGE_CURVE('',#1092,#1091,#969,.T.);
#1367=EDGE_CURVE('',#1093,#1092,#175,.T.);
#1368=EDGE_CURVE('',#1094,#1093,#176,.T.);
#1369=EDGE_CURVE('',#1095,#1094,#177,.T.);
#1370=EDGE_CURVE('',#1076,#1095,#970,.T.);
#1371=EDGE_CURVE('',#1079,#1075,#178,.T.);
#1372=EDGE_CURVE('',#1085,#1082,#179,.T.);
#1373=EDGE_CURVE('',#1096,#1097,#180,.T.);
#1374=EDGE_CURVE('',#1097,#1098,#181,.T.);
#1375=EDGE_CURVE('',#1098,#1099,#182,.T.);
#1376=EDGE_CURVE('',#1099,#1100,#183,.T.);
#1377=EDGE_CURVE('',#1100,#1101,#184,.T.);
#1378=EDGE_CURVE('',#1101,#1102,#185,.T.);
#1379=EDGE_CURVE('',#1102,#1103,#186,.T.);
#1380=EDGE_CURVE('',#1103,#1104,#187,.T.);
#1381=EDGE_CURVE('',#1104,#1105,#188,.T.);
#1382=EDGE_CURVE('',#1105,#1106,#189,.T.);
#1383=EDGE_CURVE('',#1106,#1107,#190,.T.);
#1384=EDGE_CURVE('',#1107,#1108,#191,.T.);
#1385=EDGE_CURVE('',#1109,#1108,#192,.T.);
#1386=EDGE_CURVE('',#1110,#1109,#193,.T.);
#1387=EDGE_CURVE('',#1111,#1110,#194,.T.);
#1388=EDGE_CURVE('',#1112,#1111,#195,.T.);
#1389=EDGE_CURVE('',#1113,#1112,#196,.T.);
#1390=EDGE_CURVE('',#1114,#1113,#197,.T.);
#1391=EDGE_CURVE('',#1115,#1114,#198,.T.);
#1392=EDGE_CURVE('',#1116,#1115,#199,.T.);
#1393=EDGE_CURVE('',#1117,#1116,#200,.T.);
#1394=EDGE_CURVE('',#1118,#1117,#201,.T.);
#1395=EDGE_CURVE('',#1119,#1118,#202,.T.);
#1396=EDGE_CURVE('',#1120,#1119,#203,.T.);
#1397=EDGE_CURVE('',#1121,#1120,#204,.T.);
#1398=EDGE_CURVE('',#1122,#1121,#205,.T.);
#1399=EDGE_CURVE('',#1123,#1122,#206,.T.);
#1400=EDGE_CURVE('',#1124,#1123,#207,.T.);
#1401=EDGE_CURVE('',#1125,#1124,#208,.T.);
#1402=EDGE_CURVE('',#1126,#1125,#209,.T.);
#1403=EDGE_CURVE('',#1126,#1127,#210,.T.);
#1404=EDGE_CURVE('',#1127,#1128,#211,.T.);
#1405=EDGE_CURVE('',#1128,#1129,#212,.T.);
#1406=EDGE_CURVE('',#1129,#1130,#213,.T.);
#1407=EDGE_CURVE('',#1130,#1131,#214,.T.);
#1408=EDGE_CURVE('',#1131,#1132,#215,.T.);
#1409=EDGE_CURVE('',#1132,#1133,#216,.T.);
#1410=EDGE_CURVE('',#1133,#1134,#217,.T.);
#1411=EDGE_CURVE('',#1134,#1135,#218,.T.);
#1412=EDGE_CURVE('',#1135,#1136,#219,.T.);
#1413=EDGE_CURVE('',#1136,#1137,#220,.T.);
#1414=EDGE_CURVE('',#1138,#1137,#221,.T.);
#1415=EDGE_CURVE('',#1096,#1138,#222,.T.);
#1416=EDGE_CURVE('',#1139,#1073,#223,.T.);
#1417=EDGE_CURVE('',#1140,#1139,#224,.T.);
#1418=EDGE_CURVE('',#1141,#1140,#225,.T.);
#1419=EDGE_CURVE('',#1142,#1141,#226,.T.);
#1420=EDGE_CURVE('',#1143,#1142,#227,.T.);
#1421=EDGE_CURVE('',#1144,#1143,#228,.T.);
#1422=EDGE_CURVE('',#1145,#1144,#229,.T.);
#1423=EDGE_CURVE('',#1146,#1145,#230,.T.);
#1424=EDGE_CURVE('',#1147,#1146,#231,.T.);
#1425=EDGE_CURVE('',#1148,#1147,#232,.T.);
#1426=EDGE_CURVE('',#1149,#1148,#233,.T.);
#1427=EDGE_CURVE('',#1150,#1149,#234,.T.);
#1428=EDGE_CURVE('',#1060,#1150,#235,.T.);
#1429=EDGE_CURVE('',#1058,#1151,#971,.T.);
#1430=EDGE_CURVE('',#1152,#1151,#236,.T.);
#1431=EDGE_CURVE('',#1153,#1152,#237,.T.);
#1432=EDGE_CURVE('',#1154,#1153,#238,.T.);
#1433=EDGE_CURVE('',#1155,#1154,#239,.T.);
#1434=EDGE_CURVE('',#1156,#1155,#240,.T.);
#1435=EDGE_CURVE('',#1157,#1156,#241,.T.);
#1436=EDGE_CURVE('',#1158,#1157,#242,.T.);
#1437=EDGE_CURVE('',#1159,#1158,#243,.T.);
#1438=EDGE_CURVE('',#1160,#1159,#244,.T.);
#1439=EDGE_CURVE('',#1161,#1160,#245,.T.);
#1440=EDGE_CURVE('',#1162,#1161,#246,.T.);
#1441=EDGE_CURVE('',#1045,#1162,#247,.T.);
#1442=EDGE_CURVE('',#1042,#1151,#248,.T.);
#1443=EDGE_CURVE('',#1093,#1163,#249,.T.);
#1444=EDGE_CURVE('',#1163,#1164,#250,.T.);
#1445=EDGE_CURVE('',#1164,#1094,#251,.T.);
#1446=EDGE_CURVE('',#1095,#984,#252,.T.);
#1447=EDGE_CURVE('',#985,#1164,#253,.T.);
#1448=EDGE_CURVE('',#1152,#1041,#254,.T.);
#1449=EDGE_CURVE('',#1163,#986,#255,.T.);
#1450=EDGE_CURVE('',#987,#1092,#256,.T.);
#1451=EDGE_CURVE('',#1091,#988,#257,.T.);
#1452=EDGE_CURVE('',#1089,#974,#258,.T.);
#1453=EDGE_CURVE('',#1153,#1040,#259,.T.);
#1454=EDGE_CURVE('',#1096,#1165,#260,.T.);
#1455=EDGE_CURVE('',#1166,#1165,#261,.T.);
#1456=EDGE_CURVE('',#1097,#1166,#262,.T.);
#1457=EDGE_CURVE('',#1138,#1167,#263,.T.);
#1458=EDGE_CURVE('',#1165,#1167,#264,.T.);
#1459=EDGE_CURVE('',#1137,#1168,#265,.T.);
#1460=EDGE_CURVE('',#1167,#1168,#266,.T.);
#1461=EDGE_CURVE('',#1043,#972,#267,.T.);
#1462=EDGE_CURVE('',#1150,#1003,#268,.T.);
#1463=EDGE_CURVE('',#1004,#1149,#269,.T.);
#1464=EDGE_CURVE('',#1148,#1005,#270,.T.);
#1465=EDGE_CURVE('',#1147,#1006,#271,.T.);
#1466=EDGE_CURVE('',#1146,#1007,#272,.T.);
#1467=EDGE_CURVE('',#1145,#1008,#273,.T.);
#1468=EDGE_CURVE('',#1144,#1009,#274,.T.);
#1469=EDGE_CURVE('',#1143,#1010,#275,.T.);
#1470=EDGE_CURVE('',#1142,#1011,#276,.T.);
#1471=EDGE_CURVE('',#1141,#1012,#277,.T.);
#1472=EDGE_CURVE('',#1140,#1013,#278,.T.);
#1473=EDGE_CURVE('',#1139,#1014,#279,.T.);
#1474=EDGE_CURVE('',#1154,#1039,#280,.T.);
#1475=EDGE_CURVE('',#1155,#1038,#281,.T.);
#1476=EDGE_CURVE('',#1156,#1037,#282,.T.);
#1477=EDGE_CURVE('',#1157,#1036,#283,.T.);
#1478=EDGE_CURVE('',#1158,#1035,#284,.T.);
#1479=EDGE_CURVE('',#1159,#1034,#285,.T.);
#1480=EDGE_CURVE('',#1160,#1033,#286,.T.);
#1481=EDGE_CURVE('',#1161,#1032,#287,.T.);
#1482=EDGE_CURVE('',#1162,#1031,#288,.T.);
#1483=EDGE_CURVE('',#1103,#1169,#289,.T.);
#1484=EDGE_CURVE('',#1102,#1170,#290,.T.);
#1485=EDGE_CURVE('',#1169,#1170,#291,.T.);
#1486=EDGE_CURVE('',#1101,#1171,#292,.T.);
#1487=EDGE_CURVE('',#1170,#1171,#293,.T.);
#1488=EDGE_CURVE('',#1100,#1172,#294,.T.);
#1489=EDGE_CURVE('',#1171,#1172,#295,.T.);
#1490=EDGE_CURVE('',#1099,#1173,#296,.T.);
#1491=EDGE_CURVE('',#1172,#1173,#297,.T.);
#1492=EDGE_CURVE('',#1098,#1174,#298,.T.);
#1493=EDGE_CURVE('',#1173,#1174,#299,.T.);
#1494=EDGE_CURVE('',#1174,#1166,#300,.T.);
#1495=EDGE_CURVE('',#1136,#1175,#301,.T.);
#1496=EDGE_CURVE('',#1168,#1175,#302,.T.);
#1497=EDGE_CURVE('',#1135,#1176,#303,.T.);
#1498=EDGE_CURVE('',#1175,#1176,#304,.T.);
#1499=EDGE_CURVE('',#1134,#1177,#305,.T.);
#1500=EDGE_CURVE('',#1176,#1177,#306,.T.);
#1501=EDGE_CURVE('',#1133,#1178,#307,.T.);
#1502=EDGE_CURVE('',#1177,#1178,#308,.T.);
#1503=EDGE_CURVE('',#1132,#1179,#309,.T.);
#1504=EDGE_CURVE('',#1178,#1179,#310,.T.);
#1505=EDGE_CURVE('',#1131,#1180,#311,.T.);
#1506=EDGE_CURVE('',#1179,#1180,#312,.T.);
#1507=EDGE_CURVE('',#1130,#1181,#313,.T.);
#1508=EDGE_CURVE('',#1180,#1181,#314,.T.);
#1509=EDGE_CURVE('',#1129,#1182,#315,.T.);
#1510=EDGE_CURVE('',#1181,#1182,#316,.T.);
#1511=EDGE_CURVE('',#1128,#1183,#317,.T.);
#1512=EDGE_CURVE('',#1182,#1183,#318,.T.);
#1513=EDGE_CURVE('',#1106,#1184,#319,.T.);
#1514=EDGE_CURVE('',#1105,#1185,#320,.T.);
#1515=EDGE_CURVE('',#1184,#1185,#321,.T.);
#1516=EDGE_CURVE('',#1104,#1186,#322,.T.);
#1517=EDGE_CURVE('',#1185,#1186,#323,.T.);
#1518=EDGE_CURVE('',#1186,#1169,#324,.T.);
#1519=EDGE_CURVE('',#1127,#1187,#325,.T.);
#1520=EDGE_CURVE('',#1183,#1187,#326,.T.);
#1521=EDGE_CURVE('',#1126,#1188,#327,.T.);
#1522=EDGE_CURVE('',#1187,#1188,#328,.T.);
#1523=EDGE_CURVE('',#1125,#1189,#329,.T.);
#1524=EDGE_CURVE('',#1188,#1189,#330,.T.);
#1525=EDGE_CURVE('',#1124,#1190,#331,.T.);
#1526=EDGE_CURVE('',#1189,#1190,#332,.T.);
#1527=EDGE_CURVE('',#1123,#1191,#333,.T.);
#1528=EDGE_CURVE('',#1190,#1191,#334,.T.);
#1529=EDGE_CURVE('',#1122,#1192,#335,.T.);
#1530=EDGE_CURVE('',#1191,#1192,#336,.T.);
#1531=EDGE_CURVE('',#1121,#1193,#337,.T.);
#1532=EDGE_CURVE('',#1192,#1193,#338,.T.);
#1533=EDGE_CURVE('',#1120,#1194,#339,.T.);
#1534=EDGE_CURVE('',#1193,#1194,#340,.T.);
#1535=EDGE_CURVE('',#1119,#1195,#341,.T.);
#1536=EDGE_CURVE('',#1194,#1195,#342,.T.);
#1537=EDGE_CURVE('',#1118,#1196,#343,.T.);
#1538=EDGE_CURVE('',#1195,#1196,#344,.T.);
#1539=EDGE_CURVE('',#1117,#1197,#345,.T.);
#1540=EDGE_CURVE('',#1196,#1197,#346,.T.);
#1541=EDGE_CURVE('',#1116,#1198,#347,.T.);
#1542=EDGE_CURVE('',#1197,#1198,#348,.T.);
#1543=EDGE_CURVE('',#1115,#1199,#349,.T.);
#1544=EDGE_CURVE('',#1198,#1199,#350,.T.);
#1545=EDGE_CURVE('',#1114,#1200,#351,.T.);
#1546=EDGE_CURVE('',#1199,#1200,#352,.T.);
#1547=EDGE_CURVE('',#1113,#1201,#353,.T.);
#1548=EDGE_CURVE('',#1200,#1201,#354,.T.);
#1549=EDGE_CURVE('',#1112,#1202,#355,.T.);
#1550=EDGE_CURVE('',#1201,#1202,#356,.T.);
#1551=EDGE_CURVE('',#1111,#1203,#357,.T.);
#1552=EDGE_CURVE('',#1202,#1203,#358,.T.);
#1553=EDGE_CURVE('',#1110,#1204,#359,.T.);
#1554=EDGE_CURVE('',#1203,#1204,#360,.T.);
#1555=EDGE_CURVE('',#1109,#1205,#361,.T.);
#1556=EDGE_CURVE('',#1204,#1205,#362,.T.);
#1557=EDGE_CURVE('',#1108,#1206,#363,.T.);
#1558=EDGE_CURVE('',#1205,#1206,#364,.T.);
#1559=EDGE_CURVE('',#1107,#1207,#365,.T.);
#1560=EDGE_CURVE('',#1206,#1207,#366,.T.);
#1561=EDGE_CURVE('',#1207,#1184,#367,.T.);
#1562=ORIENTED_EDGE('',*,*,#1208,.F.);
#1563=ORIENTED_EDGE('',*,*,#1209,.F.);
#1564=ORIENTED_EDGE('',*,*,#1210,.F.);
#1565=ORIENTED_EDGE('',*,*,#1211,.F.);
#1566=ORIENTED_EDGE('',*,*,#1212,.F.);
#1567=ORIENTED_EDGE('',*,*,#1213,.F.);
#1568=ORIENTED_EDGE('',*,*,#1214,.F.);
#1569=ORIENTED_EDGE('',*,*,#1215,.F.);
#1570=ORIENTED_EDGE('',*,*,#1216,.F.);
#1571=ORIENTED_EDGE('',*,*,#1217,.F.);
#1572=ORIENTED_EDGE('',*,*,#1218,.F.);
#1573=ORIENTED_EDGE('',*,*,#1219,.F.);
#1574=ORIENTED_EDGE('',*,*,#1220,.F.);
#1575=ORIENTED_EDGE('',*,*,#1221,.F.);
#1576=ORIENTED_EDGE('',*,*,#1222,.F.);
#1577=ORIENTED_EDGE('',*,*,#1223,.F.);
#1578=ORIENTED_EDGE('',*,*,#1224,.F.);
#1579=ORIENTED_EDGE('',*,*,#1225,.F.);
#1580=ORIENTED_EDGE('',*,*,#1226,.F.);
#1581=ORIENTED_EDGE('',*,*,#1227,.F.);
#1582=ORIENTED_EDGE('',*,*,#1228,.F.);
#1583=ORIENTED_EDGE('',*,*,#1229,.F.);
#1584=ORIENTED_EDGE('',*,*,#1230,.F.);
#1585=ORIENTED_EDGE('',*,*,#1231,.F.);
#1586=ORIENTED_EDGE('',*,*,#1232,.F.);
#1587=ORIENTED_EDGE('',*,*,#1233,.F.);
#1588=ORIENTED_EDGE('',*,*,#1234,.F.);
#1589=ORIENTED_EDGE('',*,*,#1235,.F.);
#1590=ORIENTED_EDGE('',*,*,#1236,.F.);
#1591=ORIENTED_EDGE('',*,*,#1237,.F.);
#1592=ORIENTED_EDGE('',*,*,#1238,.F.);
#1593=ORIENTED_EDGE('',*,*,#1239,.F.);
#1594=ORIENTED_EDGE('',*,*,#1240,.F.);
#1595=ORIENTED_EDGE('',*,*,#1241,.F.);
#1596=ORIENTED_EDGE('',*,*,#1242,.F.);
#1597=ORIENTED_EDGE('',*,*,#1243,.F.);
#1598=ORIENTED_EDGE('',*,*,#1244,.F.);
#1599=ORIENTED_EDGE('',*,*,#1245,.F.);
#1600=ORIENTED_EDGE('',*,*,#1246,.F.);
#1601=ORIENTED_EDGE('',*,*,#1247,.F.);
#1602=ORIENTED_EDGE('',*,*,#1248,.F.);
#1603=ORIENTED_EDGE('',*,*,#1249,.F.);
#1604=ORIENTED_EDGE('',*,*,#1250,.F.);
#1605=ORIENTED_EDGE('',*,*,#1251,.F.);
#1606=ORIENTED_EDGE('',*,*,#1252,.F.);
#1607=ORIENTED_EDGE('',*,*,#1253,.F.);
#1608=ORIENTED_EDGE('',*,*,#1254,.F.);
#1609=ORIENTED_EDGE('',*,*,#1255,.F.);
#1610=ORIENTED_EDGE('',*,*,#1256,.F.);
#1611=ORIENTED_EDGE('',*,*,#1257,.F.);
#1612=ORIENTED_EDGE('',*,*,#1258,.F.);
#1613=ORIENTED_EDGE('',*,*,#1259,.F.);
#1614=ORIENTED_EDGE('',*,*,#1260,.F.);
#1615=ORIENTED_EDGE('',*,*,#1261,.F.);
#1616=ORIENTED_EDGE('',*,*,#1262,.F.);
#1617=ORIENTED_EDGE('',*,*,#1263,.F.);
#1618=ORIENTED_EDGE('',*,*,#1264,.F.);
#1619=ORIENTED_EDGE('',*,*,#1265,.F.);
#1620=ORIENTED_EDGE('',*,*,#1266,.F.);
#1621=ORIENTED_EDGE('',*,*,#1267,.F.);
#1622=ORIENTED_EDGE('',*,*,#1268,.F.);
#1623=ORIENTED_EDGE('',*,*,#1269,.F.);
#1624=ORIENTED_EDGE('',*,*,#1270,.F.);
#1625=ORIENTED_EDGE('',*,*,#1271,.F.);
#1626=ORIENTED_EDGE('',*,*,#1272,.F.);
#1627=ORIENTED_EDGE('',*,*,#1273,.F.);
#1628=ORIENTED_EDGE('',*,*,#1274,.F.);
#1629=ORIENTED_EDGE('',*,*,#1275,.F.);
#1630=ORIENTED_EDGE('',*,*,#1276,.F.);
#1631=ORIENTED_EDGE('',*,*,#1277,.F.);
#1632=ORIENTED_EDGE('',*,*,#1278,.F.);
#1633=ORIENTED_EDGE('',*,*,#1279,.F.);
#1634=ORIENTED_EDGE('',*,*,#1265,.T.);
#1635=ORIENTED_EDGE('',*,*,#1280,.F.);
#1636=ORIENTED_EDGE('',*,*,#1281,.T.);
#1637=ORIENTED_EDGE('',*,*,#1282,.T.);
#1638=ORIENTED_EDGE('',*,*,#1264,.T.);
#1639=ORIENTED_EDGE('',*,*,#1283,.F.);
#1640=ORIENTED_EDGE('',*,*,#1284,.T.);
#1641=ORIENTED_EDGE('',*,*,#1280,.T.);
#1642=ORIENTED_EDGE('',*,*,#1263,.T.);
#1643=ORIENTED_EDGE('',*,*,#1285,.F.);
#1644=ORIENTED_EDGE('',*,*,#1286,.T.);
#1645=ORIENTED_EDGE('',*,*,#1283,.T.);
#1646=ORIENTED_EDGE('',*,*,#1262,.T.);
#1647=ORIENTED_EDGE('',*,*,#1287,.F.);
#1648=ORIENTED_EDGE('',*,*,#1288,.T.);
#1649=ORIENTED_EDGE('',*,*,#1285,.T.);
#1650=ORIENTED_EDGE('',*,*,#1261,.T.);
#1651=ORIENTED_EDGE('',*,*,#1289,.F.);
#1652=ORIENTED_EDGE('',*,*,#1290,.T.);
#1653=ORIENTED_EDGE('',*,*,#1287,.T.);
#1654=ORIENTED_EDGE('',*,*,#1260,.T.);
#1655=ORIENTED_EDGE('',*,*,#1291,.F.);
#1656=ORIENTED_EDGE('',*,*,#1292,.T.);
#1657=ORIENTED_EDGE('',*,*,#1289,.T.);
#1658=ORIENTED_EDGE('',*,*,#1259,.T.);
#1659=ORIENTED_EDGE('',*,*,#1293,.F.);
#1660=ORIENTED_EDGE('',*,*,#1294,.T.);
#1661=ORIENTED_EDGE('',*,*,#1291,.T.);
#1662=ORIENTED_EDGE('',*,*,#1258,.T.);
#1663=ORIENTED_EDGE('',*,*,#1295,.F.);
#1664=ORIENTED_EDGE('',*,*,#1296,.T.);
#1665=ORIENTED_EDGE('',*,*,#1293,.T.);
#1666=ORIENTED_EDGE('',*,*,#1257,.T.);
#1667=ORIENTED_EDGE('',*,*,#1297,.F.);
#1668=ORIENTED_EDGE('',*,*,#1298,.T.);
#1669=ORIENTED_EDGE('',*,*,#1295,.T.);
#1670=ORIENTED_EDGE('',*,*,#1256,.T.);
#1671=ORIENTED_EDGE('',*,*,#1299,.F.);
#1672=ORIENTED_EDGE('',*,*,#1300,.T.);
#1673=ORIENTED_EDGE('',*,*,#1297,.T.);
#1674=ORIENTED_EDGE('',*,*,#1255,.T.);
#1675=ORIENTED_EDGE('',*,*,#1301,.F.);
#1676=ORIENTED_EDGE('',*,*,#1302,.T.);
#1677=ORIENTED_EDGE('',*,*,#1299,.T.);
#1678=ORIENTED_EDGE('',*,*,#1254,.T.);
#1679=ORIENTED_EDGE('',*,*,#1303,.F.);
#1680=ORIENTED_EDGE('',*,*,#1304,.T.);
#1681=ORIENTED_EDGE('',*,*,#1301,.T.);
#1682=ORIENTED_EDGE('',*,*,#1253,.T.);
#1683=ORIENTED_EDGE('',*,*,#1305,.T.);
#1684=ORIENTED_EDGE('',*,*,#1306,.T.);
#1685=ORIENTED_EDGE('',*,*,#1303,.T.);
#1686=ORIENTED_EDGE('',*,*,#1252,.T.);
#1687=ORIENTED_EDGE('',*,*,#1307,.F.);
#1688=ORIENTED_EDGE('',*,*,#1308,.T.);
#1689=ORIENTED_EDGE('',*,*,#1305,.F.);
#1690=ORIENTED_EDGE('',*,*,#1237,.T.);
#1691=ORIENTED_EDGE('',*,*,#1309,.F.);
#1692=ORIENTED_EDGE('',*,*,#1310,.T.);
#1693=ORIENTED_EDGE('',*,*,#1311,.T.);
#1694=ORIENTED_EDGE('',*,*,#1236,.T.);
#1695=ORIENTED_EDGE('',*,*,#1312,.F.);
#1696=ORIENTED_EDGE('',*,*,#1313,.T.);
#1697=ORIENTED_EDGE('',*,*,#1309,.T.);
#1698=ORIENTED_EDGE('',*,*,#1235,.T.);
#1699=ORIENTED_EDGE('',*,*,#1314,.F.);
#1700=ORIENTED_EDGE('',*,*,#1315,.T.);
#1701=ORIENTED_EDGE('',*,*,#1312,.T.);
#1702=ORIENTED_EDGE('',*,*,#1234,.T.);
#1703=ORIENTED_EDGE('',*,*,#1316,.F.);
#1704=ORIENTED_EDGE('',*,*,#1317,.T.);
#1705=ORIENTED_EDGE('',*,*,#1314,.T.);
#1706=ORIENTED_EDGE('',*,*,#1233,.T.);
#1707=ORIENTED_EDGE('',*,*,#1318,.F.);
#1708=ORIENTED_EDGE('',*,*,#1319,.T.);
#1709=ORIENTED_EDGE('',*,*,#1316,.T.);
#1710=ORIENTED_EDGE('',*,*,#1232,.T.);
#1711=ORIENTED_EDGE('',*,*,#1320,.F.);
#1712=ORIENTED_EDGE('',*,*,#1321,.T.);
#1713=ORIENTED_EDGE('',*,*,#1318,.T.);
#1714=ORIENTED_EDGE('',*,*,#1231,.T.);
#1715=ORIENTED_EDGE('',*,*,#1322,.F.);
#1716=ORIENTED_EDGE('',*,*,#1323,.T.);
#1717=ORIENTED_EDGE('',*,*,#1320,.T.);
#1718=ORIENTED_EDGE('',*,*,#1230,.T.);
#1719=ORIENTED_EDGE('',*,*,#1324,.F.);
#1720=ORIENTED_EDGE('',*,*,#1325,.T.);
#1721=ORIENTED_EDGE('',*,*,#1322,.T.);
#1722=ORIENTED_EDGE('',*,*,#1229,.T.);
#1723=ORIENTED_EDGE('',*,*,#1326,.F.);
#1724=ORIENTED_EDGE('',*,*,#1327,.T.);
#1725=ORIENTED_EDGE('',*,*,#1324,.T.);
#1726=ORIENTED_EDGE('',*,*,#1228,.T.);
#1727=ORIENTED_EDGE('',*,*,#1328,.F.);
#1728=ORIENTED_EDGE('',*,*,#1329,.T.);
#1729=ORIENTED_EDGE('',*,*,#1326,.T.);
#1730=ORIENTED_EDGE('',*,*,#1227,.T.);
#1731=ORIENTED_EDGE('',*,*,#1330,.T.);
#1732=ORIENTED_EDGE('',*,*,#1331,.T.);
#1733=ORIENTED_EDGE('',*,*,#1328,.T.);
#1734=ORIENTED_EDGE('',*,*,#1226,.T.);
#1735=ORIENTED_EDGE('',*,*,#1332,.F.);
#1736=ORIENTED_EDGE('',*,*,#1333,.F.);
#1737=ORIENTED_EDGE('',*,*,#1330,.F.);
#1738=ORIENTED_EDGE('',*,*,#1225,.T.);
#1739=ORIENTED_EDGE('',*,*,#1334,.T.);
#1740=ORIENTED_EDGE('',*,*,#1335,.F.);
#1741=ORIENTED_EDGE('',*,*,#1332,.T.);
#1742=ORIENTED_EDGE('',*,*,#1251,.T.);
#1743=ORIENTED_EDGE('',*,*,#1336,.F.);
#1744=ORIENTED_EDGE('',*,*,#1337,.F.);
#1745=ORIENTED_EDGE('',*,*,#1334,.F.);
#1746=ORIENTED_EDGE('',*,*,#1218,.T.);
#1747=ORIENTED_EDGE('',*,*,#1338,.F.);
#1748=ORIENTED_EDGE('',*,*,#1339,.F.);
#1749=ORIENTED_EDGE('',*,*,#1340,.T.);
#1750=ORIENTED_EDGE('',*,*,#1341,.T.);
#1751=ORIENTED_EDGE('',*,*,#1217,.T.);
#1752=ORIENTED_EDGE('',*,*,#1342,.T.);
#1753=ORIENTED_EDGE('',*,*,#1343,.F.);
#1754=ORIENTED_EDGE('',*,*,#1338,.T.);
#1755=ORIENTED_EDGE('',*,*,#1216,.T.);
#1756=ORIENTED_EDGE('',*,*,#1344,.F.);
#1757=ORIENTED_EDGE('',*,*,#1345,.T.);
#1758=ORIENTED_EDGE('',*,*,#1346,.F.);
#1759=ORIENTED_EDGE('',*,*,#1342,.F.);
#1760=ORIENTED_EDGE('',*,*,#1215,.T.);
#1761=ORIENTED_EDGE('',*,*,#1347,.T.);
#1762=ORIENTED_EDGE('',*,*,#1348,.T.);
#1763=ORIENTED_EDGE('',*,*,#1344,.T.);
#1764=ORIENTED_EDGE('',*,*,#1214,.T.);
#1765=ORIENTED_EDGE('',*,*,#1349,.F.);
#1766=ORIENTED_EDGE('',*,*,#1350,.F.);
#1767=ORIENTED_EDGE('',*,*,#1351,.T.);
#1768=ORIENTED_EDGE('',*,*,#1347,.F.);
#1769=ORIENTED_EDGE('',*,*,#1213,.T.);
#1770=ORIENTED_EDGE('',*,*,#1352,.T.);
#1771=ORIENTED_EDGE('',*,*,#1353,.F.);
#1772=ORIENTED_EDGE('',*,*,#1349,.T.);
#1773=ORIENTED_EDGE('',*,*,#1212,.T.);
#1774=ORIENTED_EDGE('',*,*,#1354,.F.);
#1775=ORIENTED_EDGE('',*,*,#1355,.T.);
#1776=ORIENTED_EDGE('',*,*,#1356,.F.);
#1777=ORIENTED_EDGE('',*,*,#1352,.F.);
#1778=ORIENTED_EDGE('',*,*,#1211,.T.);
#1779=ORIENTED_EDGE('',*,*,#1357,.F.);
#1780=ORIENTED_EDGE('',*,*,#1358,.T.);
#1781=ORIENTED_EDGE('',*,*,#1354,.T.);
#1782=ORIENTED_EDGE('',*,*,#1359,.T.);
#1783=ORIENTED_EDGE('',*,*,#1360,.T.);
#1784=ORIENTED_EDGE('',*,*,#1361,.T.);
#1785=ORIENTED_EDGE('',*,*,#1362,.T.);
#1786=ORIENTED_EDGE('',*,*,#1210,.T.);
#1787=ORIENTED_EDGE('',*,*,#1363,.T.);
#1788=ORIENTED_EDGE('',*,*,#1359,.F.);
#1789=ORIENTED_EDGE('',*,*,#1364,.T.);
#1790=ORIENTED_EDGE('',*,*,#1357,.T.);
#1791=ORIENTED_EDGE('',*,*,#1362,.F.);
#1792=ORIENTED_EDGE('',*,*,#1365,.F.);
#1793=ORIENTED_EDGE('',*,*,#1366,.F.);
#1794=ORIENTED_EDGE('',*,*,#1367,.F.);
#1795=ORIENTED_EDGE('',*,*,#1368,.F.);
#1796=ORIENTED_EDGE('',*,*,#1369,.F.);
#1797=ORIENTED_EDGE('',*,*,#1370,.F.);
#1798=ORIENTED_EDGE('',*,*,#1340,.F.);
#1799=ORIENTED_EDGE('',*,*,#1371,.F.);
#1800=ORIENTED_EDGE('',*,*,#1345,.F.);
#1801=ORIENTED_EDGE('',*,*,#1348,.F.);
#1802=ORIENTED_EDGE('',*,*,#1351,.F.);
#1803=ORIENTED_EDGE('',*,*,#1372,.F.);
#1804=ORIENTED_EDGE('',*,*,#1355,.F.);
#1805=ORIENTED_EDGE('',*,*,#1358,.F.);
#1806=ORIENTED_EDGE('',*,*,#1364,.F.);
#1807=ORIENTED_EDGE('',*,*,#1373,.T.);
#1808=ORIENTED_EDGE('',*,*,#1374,.T.);
#1809=ORIENTED_EDGE('',*,*,#1375,.T.);
#1810=ORIENTED_EDGE('',*,*,#1376,.T.);
#1811=ORIENTED_EDGE('',*,*,#1377,.T.);
#1812=ORIENTED_EDGE('',*,*,#1378,.T.);
#1813=ORIENTED_EDGE('',*,*,#1379,.T.);
#1814=ORIENTED_EDGE('',*,*,#1380,.T.);
#1815=ORIENTED_EDGE('',*,*,#1381,.T.);
#1816=ORIENTED_EDGE('',*,*,#1382,.T.);
#1817=ORIENTED_EDGE('',*,*,#1383,.T.);
#1818=ORIENTED_EDGE('',*,*,#1384,.T.);
#1819=ORIENTED_EDGE('',*,*,#1385,.F.);
#1820=ORIENTED_EDGE('',*,*,#1386,.F.);
#1821=ORIENTED_EDGE('',*,*,#1387,.F.);
#1822=ORIENTED_EDGE('',*,*,#1388,.F.);
#1823=ORIENTED_EDGE('',*,*,#1389,.F.);
#1824=ORIENTED_EDGE('',*,*,#1390,.F.);
#1825=ORIENTED_EDGE('',*,*,#1391,.F.);
#1826=ORIENTED_EDGE('',*,*,#1392,.F.);
#1827=ORIENTED_EDGE('',*,*,#1393,.F.);
#1828=ORIENTED_EDGE('',*,*,#1394,.F.);
#1829=ORIENTED_EDGE('',*,*,#1395,.F.);
#1830=ORIENTED_EDGE('',*,*,#1396,.F.);
#1831=ORIENTED_EDGE('',*,*,#1397,.F.);
#1832=ORIENTED_EDGE('',*,*,#1398,.F.);
#1833=ORIENTED_EDGE('',*,*,#1399,.F.);
#1834=ORIENTED_EDGE('',*,*,#1400,.F.);
#1835=ORIENTED_EDGE('',*,*,#1401,.F.);
#1836=ORIENTED_EDGE('',*,*,#1402,.F.);
#1837=ORIENTED_EDGE('',*,*,#1403,.T.);
#1838=ORIENTED_EDGE('',*,*,#1404,.T.);
#1839=ORIENTED_EDGE('',*,*,#1405,.T.);
#1840=ORIENTED_EDGE('',*,*,#1406,.T.);
#1841=ORIENTED_EDGE('',*,*,#1407,.T.);
#1842=ORIENTED_EDGE('',*,*,#1408,.T.);
#1843=ORIENTED_EDGE('',*,*,#1409,.T.);
#1844=ORIENTED_EDGE('',*,*,#1410,.T.);
#1845=ORIENTED_EDGE('',*,*,#1411,.T.);
#1846=ORIENTED_EDGE('',*,*,#1412,.T.);
#1847=ORIENTED_EDGE('',*,*,#1413,.T.);
#1848=ORIENTED_EDGE('',*,*,#1414,.F.);
#1849=ORIENTED_EDGE('',*,*,#1415,.F.);
#1850=ORIENTED_EDGE('',*,*,#1337,.T.);
#1851=ORIENTED_EDGE('',*,*,#1416,.F.);
#1852=ORIENTED_EDGE('',*,*,#1417,.F.);
#1853=ORIENTED_EDGE('',*,*,#1418,.F.);
#1854=ORIENTED_EDGE('',*,*,#1419,.F.);
#1855=ORIENTED_EDGE('',*,*,#1420,.F.);
#1856=ORIENTED_EDGE('',*,*,#1421,.F.);
#1857=ORIENTED_EDGE('',*,*,#1422,.F.);
#1858=ORIENTED_EDGE('',*,*,#1423,.F.);
#1859=ORIENTED_EDGE('',*,*,#1424,.F.);
#1860=ORIENTED_EDGE('',*,*,#1425,.F.);
#1861=ORIENTED_EDGE('',*,*,#1426,.F.);
#1862=ORIENTED_EDGE('',*,*,#1427,.F.);
#1863=ORIENTED_EDGE('',*,*,#1428,.F.);
#1864=ORIENTED_EDGE('',*,*,#1310,.F.);
#1865=ORIENTED_EDGE('',*,*,#1313,.F.);
#1866=ORIENTED_EDGE('',*,*,#1315,.F.);
#1867=ORIENTED_EDGE('',*,*,#1317,.F.);
#1868=ORIENTED_EDGE('',*,*,#1319,.F.);
#1869=ORIENTED_EDGE('',*,*,#1321,.F.);
#1870=ORIENTED_EDGE('',*,*,#1323,.F.);
#1871=ORIENTED_EDGE('',*,*,#1325,.F.);
#1872=ORIENTED_EDGE('',*,*,#1327,.F.);
#1873=ORIENTED_EDGE('',*,*,#1329,.F.);
#1874=ORIENTED_EDGE('',*,*,#1331,.F.);
#1875=ORIENTED_EDGE('',*,*,#1333,.T.);
#1876=ORIENTED_EDGE('',*,*,#1335,.T.);
#1877=ORIENTED_EDGE('',*,*,#1429,.T.);
#1878=ORIENTED_EDGE('',*,*,#1430,.F.);
#1879=ORIENTED_EDGE('',*,*,#1431,.F.);
#1880=ORIENTED_EDGE('',*,*,#1432,.F.);
#1881=ORIENTED_EDGE('',*,*,#1433,.F.);
#1882=ORIENTED_EDGE('',*,*,#1434,.F.);
#1883=ORIENTED_EDGE('',*,*,#1435,.F.);
#1884=ORIENTED_EDGE('',*,*,#1436,.F.);
#1885=ORIENTED_EDGE('',*,*,#1437,.F.);
#1886=ORIENTED_EDGE('',*,*,#1438,.F.);
#1887=ORIENTED_EDGE('',*,*,#1439,.F.);
#1888=ORIENTED_EDGE('',*,*,#1440,.F.);
#1889=ORIENTED_EDGE('',*,*,#1441,.F.);
#1890=ORIENTED_EDGE('',*,*,#1281,.F.);
#1891=ORIENTED_EDGE('',*,*,#1284,.F.);
#1892=ORIENTED_EDGE('',*,*,#1286,.F.);
#1893=ORIENTED_EDGE('',*,*,#1288,.F.);
#1894=ORIENTED_EDGE('',*,*,#1290,.F.);
#1895=ORIENTED_EDGE('',*,*,#1292,.F.);
#1896=ORIENTED_EDGE('',*,*,#1294,.F.);
#1897=ORIENTED_EDGE('',*,*,#1296,.F.);
#1898=ORIENTED_EDGE('',*,*,#1298,.F.);
#1899=ORIENTED_EDGE('',*,*,#1300,.F.);
#1900=ORIENTED_EDGE('',*,*,#1302,.F.);
#1901=ORIENTED_EDGE('',*,*,#1304,.F.);
#1902=ORIENTED_EDGE('',*,*,#1306,.F.);
#1903=ORIENTED_EDGE('',*,*,#1308,.F.);
#1904=ORIENTED_EDGE('',*,*,#1278,.T.);
#1905=ORIENTED_EDGE('',*,*,#1442,.T.);
#1906=ORIENTED_EDGE('',*,*,#1429,.F.);
#1907=ORIENTED_EDGE('',*,*,#1307,.T.);
#1908=ORIENTED_EDGE('',*,*,#1443,.T.);
#1909=ORIENTED_EDGE('',*,*,#1444,.T.);
#1910=ORIENTED_EDGE('',*,*,#1445,.T.);
#1911=ORIENTED_EDGE('',*,*,#1368,.T.);
#1912=ORIENTED_EDGE('',*,*,#1220,.T.);
#1913=ORIENTED_EDGE('',*,*,#1446,.F.);
#1914=ORIENTED_EDGE('',*,*,#1369,.T.);
#1915=ORIENTED_EDGE('',*,*,#1445,.F.);
#1916=ORIENTED_EDGE('',*,*,#1447,.F.);
#1917=ORIENTED_EDGE('',*,*,#1339,.T.);
#1918=ORIENTED_EDGE('',*,*,#1343,.T.);
#1919=ORIENTED_EDGE('',*,*,#1346,.T.);
#1920=ORIENTED_EDGE('',*,*,#1371,.T.);
#1921=ORIENTED_EDGE('',*,*,#1350,.T.);
#1922=ORIENTED_EDGE('',*,*,#1353,.T.);
#1923=ORIENTED_EDGE('',*,*,#1356,.T.);
#1924=ORIENTED_EDGE('',*,*,#1372,.T.);
#1925=ORIENTED_EDGE('',*,*,#1277,.T.);
#1926=ORIENTED_EDGE('',*,*,#1448,.F.);
#1927=ORIENTED_EDGE('',*,*,#1430,.T.);
#1928=ORIENTED_EDGE('',*,*,#1442,.F.);
#1929=ORIENTED_EDGE('',*,*,#1219,.T.);
#1930=ORIENTED_EDGE('',*,*,#1341,.F.);
#1931=ORIENTED_EDGE('',*,*,#1370,.T.);
#1932=ORIENTED_EDGE('',*,*,#1446,.T.);
#1933=ORIENTED_EDGE('',*,*,#1221,.T.);
#1934=ORIENTED_EDGE('',*,*,#1447,.T.);
#1935=ORIENTED_EDGE('',*,*,#1444,.F.);
#1936=ORIENTED_EDGE('',*,*,#1449,.T.);
#1937=ORIENTED_EDGE('',*,*,#1222,.T.);
#1938=ORIENTED_EDGE('',*,*,#1449,.F.);
#1939=ORIENTED_EDGE('',*,*,#1443,.F.);
#1940=ORIENTED_EDGE('',*,*,#1367,.T.);
#1941=ORIENTED_EDGE('',*,*,#1450,.F.);
#1942=ORIENTED_EDGE('',*,*,#1223,.T.);
#1943=ORIENTED_EDGE('',*,*,#1450,.T.);
#1944=ORIENTED_EDGE('',*,*,#1366,.T.);
#1945=ORIENTED_EDGE('',*,*,#1451,.T.);
#1946=ORIENTED_EDGE('',*,*,#1224,.T.);
#1947=ORIENTED_EDGE('',*,*,#1451,.F.);
#1948=ORIENTED_EDGE('',*,*,#1365,.T.);
#1949=ORIENTED_EDGE('',*,*,#1361,.F.);
#1950=ORIENTED_EDGE('',*,*,#1452,.T.);
#1951=ORIENTED_EDGE('',*,*,#1209,.T.);
#1952=ORIENTED_EDGE('',*,*,#1452,.F.);
#1953=ORIENTED_EDGE('',*,*,#1360,.F.);
#1954=ORIENTED_EDGE('',*,*,#1363,.F.);
#1955=ORIENTED_EDGE('',*,*,#1276,.T.);
#1956=ORIENTED_EDGE('',*,*,#1453,.F.);
#1957=ORIENTED_EDGE('',*,*,#1431,.T.);
#1958=ORIENTED_EDGE('',*,*,#1448,.T.);
#1959=ORIENTED_EDGE('',*,*,#1373,.F.);
#1960=ORIENTED_EDGE('',*,*,#1454,.T.);
#1961=ORIENTED_EDGE('',*,*,#1455,.F.);
#1962=ORIENTED_EDGE('',*,*,#1456,.F.);
#1963=ORIENTED_EDGE('',*,*,#1457,.T.);
#1964=ORIENTED_EDGE('',*,*,#1458,.F.);
#1965=ORIENTED_EDGE('',*,*,#1454,.F.);
#1966=ORIENTED_EDGE('',*,*,#1415,.T.);
#1967=ORIENTED_EDGE('',*,*,#1414,.T.);
#1968=ORIENTED_EDGE('',*,*,#1459,.T.);
#1969=ORIENTED_EDGE('',*,*,#1460,.F.);
#1970=ORIENTED_EDGE('',*,*,#1457,.F.);
#1971=ORIENTED_EDGE('',*,*,#1279,.T.);
#1972=ORIENTED_EDGE('',*,*,#1461,.T.);
#1973=ORIENTED_EDGE('',*,*,#1208,.T.);
#1974=ORIENTED_EDGE('',*,*,#1461,.F.);
#1975=ORIENTED_EDGE('',*,*,#1239,.T.);
#1976=ORIENTED_EDGE('',*,*,#1462,.F.);
#1977=ORIENTED_EDGE('',*,*,#1427,.T.);
#1978=ORIENTED_EDGE('',*,*,#1463,.F.);
#1979=ORIENTED_EDGE('',*,*,#1238,.T.);
#1980=ORIENTED_EDGE('',*,*,#1311,.F.);
#1981=ORIENTED_EDGE('',*,*,#1428,.T.);
#1982=ORIENTED_EDGE('',*,*,#1462,.T.);
#1983=ORIENTED_EDGE('',*,*,#1240,.T.);
#1984=ORIENTED_EDGE('',*,*,#1463,.T.);
#1985=ORIENTED_EDGE('',*,*,#1426,.T.);
#1986=ORIENTED_EDGE('',*,*,#1464,.T.);
#1987=ORIENTED_EDGE('',*,*,#1241,.T.);
#1988=ORIENTED_EDGE('',*,*,#1464,.F.);
#1989=ORIENTED_EDGE('',*,*,#1425,.T.);
#1990=ORIENTED_EDGE('',*,*,#1465,.T.);
#1991=ORIENTED_EDGE('',*,*,#1242,.T.);
#1992=ORIENTED_EDGE('',*,*,#1465,.F.);
#1993=ORIENTED_EDGE('',*,*,#1424,.T.);
#1994=ORIENTED_EDGE('',*,*,#1466,.T.);
#1995=ORIENTED_EDGE('',*,*,#1243,.T.);
#1996=ORIENTED_EDGE('',*,*,#1466,.F.);
#1997=ORIENTED_EDGE('',*,*,#1423,.T.);
#1998=ORIENTED_EDGE('',*,*,#1467,.T.);
#1999=ORIENTED_EDGE('',*,*,#1244,.T.);
#2000=ORIENTED_EDGE('',*,*,#1467,.F.);
#2001=ORIENTED_EDGE('',*,*,#1422,.T.);
#2002=ORIENTED_EDGE('',*,*,#1468,.T.);
#2003=ORIENTED_EDGE('',*,*,#1245,.T.);
#2004=ORIENTED_EDGE('',*,*,#1468,.F.);
#2005=ORIENTED_EDGE('',*,*,#1421,.T.);
#2006=ORIENTED_EDGE('',*,*,#1469,.T.);
#2007=ORIENTED_EDGE('',*,*,#1246,.T.);
#2008=ORIENTED_EDGE('',*,*,#1469,.F.);
#2009=ORIENTED_EDGE('',*,*,#1420,.T.);
#2010=ORIENTED_EDGE('',*,*,#1470,.T.);
#2011=ORIENTED_EDGE('',*,*,#1247,.T.);
#2012=ORIENTED_EDGE('',*,*,#1470,.F.);
#2013=ORIENTED_EDGE('',*,*,#1419,.T.);
#2014=ORIENTED_EDGE('',*,*,#1471,.T.);
#2015=ORIENTED_EDGE('',*,*,#1248,.T.);
#2016=ORIENTED_EDGE('',*,*,#1471,.F.);
#2017=ORIENTED_EDGE('',*,*,#1418,.T.);
#2018=ORIENTED_EDGE('',*,*,#1472,.T.);
#2019=ORIENTED_EDGE('',*,*,#1249,.T.);
#2020=ORIENTED_EDGE('',*,*,#1472,.F.);
#2021=ORIENTED_EDGE('',*,*,#1417,.T.);
#2022=ORIENTED_EDGE('',*,*,#1473,.T.);
#2023=ORIENTED_EDGE('',*,*,#1250,.T.);
#2024=ORIENTED_EDGE('',*,*,#1473,.F.);
#2025=ORIENTED_EDGE('',*,*,#1416,.T.);
#2026=ORIENTED_EDGE('',*,*,#1336,.T.);
#2027=ORIENTED_EDGE('',*,*,#1275,.T.);
#2028=ORIENTED_EDGE('',*,*,#1474,.F.);
#2029=ORIENTED_EDGE('',*,*,#1432,.T.);
#2030=ORIENTED_EDGE('',*,*,#1453,.T.);
#2031=ORIENTED_EDGE('',*,*,#1274,.T.);
#2032=ORIENTED_EDGE('',*,*,#1475,.F.);
#2033=ORIENTED_EDGE('',*,*,#1433,.T.);
#2034=ORIENTED_EDGE('',*,*,#1474,.T.);
#2035=ORIENTED_EDGE('',*,*,#1273,.T.);
#2036=ORIENTED_EDGE('',*,*,#1476,.F.);
#2037=ORIENTED_EDGE('',*,*,#1434,.T.);
#2038=ORIENTED_EDGE('',*,*,#1475,.T.);
#2039=ORIENTED_EDGE('',*,*,#1272,.T.);
#2040=ORIENTED_EDGE('',*,*,#1477,.F.);
#2041=ORIENTED_EDGE('',*,*,#1435,.T.);
#2042=ORIENTED_EDGE('',*,*,#1476,.T.);
#2043=ORIENTED_EDGE('',*,*,#1271,.T.);
#2044=ORIENTED_EDGE('',*,*,#1478,.F.);
#2045=ORIENTED_EDGE('',*,*,#1436,.T.);
#2046=ORIENTED_EDGE('',*,*,#1477,.T.);
#2047=ORIENTED_EDGE('',*,*,#1270,.T.);
#2048=ORIENTED_EDGE('',*,*,#1479,.F.);
#2049=ORIENTED_EDGE('',*,*,#1437,.T.);
#2050=ORIENTED_EDGE('',*,*,#1478,.T.);
#2051=ORIENTED_EDGE('',*,*,#1269,.T.);
#2052=ORIENTED_EDGE('',*,*,#1480,.F.);
#2053=ORIENTED_EDGE('',*,*,#1438,.T.);
#2054=ORIENTED_EDGE('',*,*,#1479,.T.);
#2055=ORIENTED_EDGE('',*,*,#1268,.T.);
#2056=ORIENTED_EDGE('',*,*,#1481,.F.);
#2057=ORIENTED_EDGE('',*,*,#1439,.T.);
#2058=ORIENTED_EDGE('',*,*,#1480,.T.);
#2059=ORIENTED_EDGE('',*,*,#1267,.T.);
#2060=ORIENTED_EDGE('',*,*,#1482,.F.);
#2061=ORIENTED_EDGE('',*,*,#1440,.T.);
#2062=ORIENTED_EDGE('',*,*,#1481,.T.);
#2063=ORIENTED_EDGE('',*,*,#1266,.T.);
#2064=ORIENTED_EDGE('',*,*,#1282,.F.);
#2065=ORIENTED_EDGE('',*,*,#1441,.T.);
#2066=ORIENTED_EDGE('',*,*,#1482,.T.);
#2067=ORIENTED_EDGE('',*,*,#1483,.F.);
#2068=ORIENTED_EDGE('',*,*,#1379,.F.);
#2069=ORIENTED_EDGE('',*,*,#1484,.T.);
#2070=ORIENTED_EDGE('',*,*,#1485,.F.);
#2071=ORIENTED_EDGE('',*,*,#1484,.F.);
#2072=ORIENTED_EDGE('',*,*,#1378,.F.);
#2073=ORIENTED_EDGE('',*,*,#1486,.T.);
#2074=ORIENTED_EDGE('',*,*,#1487,.F.);
#2075=ORIENTED_EDGE('',*,*,#1486,.F.);
#2076=ORIENTED_EDGE('',*,*,#1377,.F.);
#2077=ORIENTED_EDGE('',*,*,#1488,.T.);
#2078=ORIENTED_EDGE('',*,*,#1489,.F.);
#2079=ORIENTED_EDGE('',*,*,#1488,.F.);
#2080=ORIENTED_EDGE('',*,*,#1376,.F.);
#2081=ORIENTED_EDGE('',*,*,#1490,.T.);
#2082=ORIENTED_EDGE('',*,*,#1491,.F.);
#2083=ORIENTED_EDGE('',*,*,#1490,.F.);
#2084=ORIENTED_EDGE('',*,*,#1375,.F.);
#2085=ORIENTED_EDGE('',*,*,#1492,.T.);
#2086=ORIENTED_EDGE('',*,*,#1493,.F.);
#2087=ORIENTED_EDGE('',*,*,#1492,.F.);
#2088=ORIENTED_EDGE('',*,*,#1374,.F.);
#2089=ORIENTED_EDGE('',*,*,#1456,.T.);
#2090=ORIENTED_EDGE('',*,*,#1494,.F.);
#2091=ORIENTED_EDGE('',*,*,#1459,.F.);
#2092=ORIENTED_EDGE('',*,*,#1413,.F.);
#2093=ORIENTED_EDGE('',*,*,#1495,.T.);
#2094=ORIENTED_EDGE('',*,*,#1496,.F.);
#2095=ORIENTED_EDGE('',*,*,#1495,.F.);
#2096=ORIENTED_EDGE('',*,*,#1412,.F.);
#2097=ORIENTED_EDGE('',*,*,#1497,.T.);
#2098=ORIENTED_EDGE('',*,*,#1498,.F.);
#2099=ORIENTED_EDGE('',*,*,#1497,.F.);
#2100=ORIENTED_EDGE('',*,*,#1411,.F.);
#2101=ORIENTED_EDGE('',*,*,#1499,.T.);
#2102=ORIENTED_EDGE('',*,*,#1500,.F.);
#2103=ORIENTED_EDGE('',*,*,#1499,.F.);
#2104=ORIENTED_EDGE('',*,*,#1410,.F.);
#2105=ORIENTED_EDGE('',*,*,#1501,.T.);
#2106=ORIENTED_EDGE('',*,*,#1502,.F.);
#2107=ORIENTED_EDGE('',*,*,#1501,.F.);
#2108=ORIENTED_EDGE('',*,*,#1409,.F.);
#2109=ORIENTED_EDGE('',*,*,#1503,.T.);
#2110=ORIENTED_EDGE('',*,*,#1504,.F.);
#2111=ORIENTED_EDGE('',*,*,#1503,.F.);
#2112=ORIENTED_EDGE('',*,*,#1408,.F.);
#2113=ORIENTED_EDGE('',*,*,#1505,.T.);
#2114=ORIENTED_EDGE('',*,*,#1506,.F.);
#2115=ORIENTED_EDGE('',*,*,#1505,.F.);
#2116=ORIENTED_EDGE('',*,*,#1407,.F.);
#2117=ORIENTED_EDGE('',*,*,#1507,.T.);
#2118=ORIENTED_EDGE('',*,*,#1508,.F.);
#2119=ORIENTED_EDGE('',*,*,#1507,.F.);
#2120=ORIENTED_EDGE('',*,*,#1406,.F.);
#2121=ORIENTED_EDGE('',*,*,#1509,.T.);
#2122=ORIENTED_EDGE('',*,*,#1510,.F.);
#2123=ORIENTED_EDGE('',*,*,#1509,.F.);
#2124=ORIENTED_EDGE('',*,*,#1405,.F.);
#2125=ORIENTED_EDGE('',*,*,#1511,.T.);
#2126=ORIENTED_EDGE('',*,*,#1512,.F.);
#2127=ORIENTED_EDGE('',*,*,#1513,.F.);
#2128=ORIENTED_EDGE('',*,*,#1382,.F.);
#2129=ORIENTED_EDGE('',*,*,#1514,.T.);
#2130=ORIENTED_EDGE('',*,*,#1515,.F.);
#2131=ORIENTED_EDGE('',*,*,#1514,.F.);
#2132=ORIENTED_EDGE('',*,*,#1381,.F.);
#2133=ORIENTED_EDGE('',*,*,#1516,.T.);
#2134=ORIENTED_EDGE('',*,*,#1517,.F.);
#2135=ORIENTED_EDGE('',*,*,#1516,.F.);
#2136=ORIENTED_EDGE('',*,*,#1380,.F.);
#2137=ORIENTED_EDGE('',*,*,#1483,.T.);
#2138=ORIENTED_EDGE('',*,*,#1518,.F.);
#2139=ORIENTED_EDGE('',*,*,#1511,.F.);
#2140=ORIENTED_EDGE('',*,*,#1404,.F.);
#2141=ORIENTED_EDGE('',*,*,#1519,.T.);
#2142=ORIENTED_EDGE('',*,*,#1520,.F.);
#2143=ORIENTED_EDGE('',*,*,#1519,.F.);
#2144=ORIENTED_EDGE('',*,*,#1403,.F.);
#2145=ORIENTED_EDGE('',*,*,#1521,.T.);
#2146=ORIENTED_EDGE('',*,*,#1522,.F.);
#2147=ORIENTED_EDGE('',*,*,#1521,.F.);
#2148=ORIENTED_EDGE('',*,*,#1402,.T.);
#2149=ORIENTED_EDGE('',*,*,#1523,.T.);
#2150=ORIENTED_EDGE('',*,*,#1524,.F.);
#2151=ORIENTED_EDGE('',*,*,#1523,.F.);
#2152=ORIENTED_EDGE('',*,*,#1401,.T.);
#2153=ORIENTED_EDGE('',*,*,#1525,.T.);
#2154=ORIENTED_EDGE('',*,*,#1526,.F.);
#2155=ORIENTED_EDGE('',*,*,#1525,.F.);
#2156=ORIENTED_EDGE('',*,*,#1400,.T.);
#2157=ORIENTED_EDGE('',*,*,#1527,.T.);
#2158=ORIENTED_EDGE('',*,*,#1528,.F.);
#2159=ORIENTED_EDGE('',*,*,#1527,.F.);
#2160=ORIENTED_EDGE('',*,*,#1399,.T.);
#2161=ORIENTED_EDGE('',*,*,#1529,.T.);
#2162=ORIENTED_EDGE('',*,*,#1530,.F.);
#2163=ORIENTED_EDGE('',*,*,#1529,.F.);
#2164=ORIENTED_EDGE('',*,*,#1398,.T.);
#2165=ORIENTED_EDGE('',*,*,#1531,.T.);
#2166=ORIENTED_EDGE('',*,*,#1532,.F.);
#2167=ORIENTED_EDGE('',*,*,#1531,.F.);
#2168=ORIENTED_EDGE('',*,*,#1397,.T.);
#2169=ORIENTED_EDGE('',*,*,#1533,.T.);
#2170=ORIENTED_EDGE('',*,*,#1534,.F.);
#2171=ORIENTED_EDGE('',*,*,#1533,.F.);
#2172=ORIENTED_EDGE('',*,*,#1396,.T.);
#2173=ORIENTED_EDGE('',*,*,#1535,.T.);
#2174=ORIENTED_EDGE('',*,*,#1536,.F.);
#2175=ORIENTED_EDGE('',*,*,#1535,.F.);
#2176=ORIENTED_EDGE('',*,*,#1395,.T.);
#2177=ORIENTED_EDGE('',*,*,#1537,.T.);
#2178=ORIENTED_EDGE('',*,*,#1538,.F.);
#2179=ORIENTED_EDGE('',*,*,#1539,.T.);
#2180=ORIENTED_EDGE('',*,*,#1540,.F.);
#2181=ORIENTED_EDGE('',*,*,#1537,.F.);
#2182=ORIENTED_EDGE('',*,*,#1394,.T.);
#2183=ORIENTED_EDGE('',*,*,#1393,.T.);
#2184=ORIENTED_EDGE('',*,*,#1541,.T.);
#2185=ORIENTED_EDGE('',*,*,#1542,.F.);
#2186=ORIENTED_EDGE('',*,*,#1539,.F.);
#2187=ORIENTED_EDGE('',*,*,#1541,.F.);
#2188=ORIENTED_EDGE('',*,*,#1392,.T.);
#2189=ORIENTED_EDGE('',*,*,#1543,.T.);
#2190=ORIENTED_EDGE('',*,*,#1544,.F.);
#2191=ORIENTED_EDGE('',*,*,#1543,.F.);
#2192=ORIENTED_EDGE('',*,*,#1391,.T.);
#2193=ORIENTED_EDGE('',*,*,#1545,.T.);
#2194=ORIENTED_EDGE('',*,*,#1546,.F.);
#2195=ORIENTED_EDGE('',*,*,#1545,.F.);
#2196=ORIENTED_EDGE('',*,*,#1390,.T.);
#2197=ORIENTED_EDGE('',*,*,#1547,.T.);
#2198=ORIENTED_EDGE('',*,*,#1548,.F.);
#2199=ORIENTED_EDGE('',*,*,#1547,.F.);
#2200=ORIENTED_EDGE('',*,*,#1389,.T.);
#2201=ORIENTED_EDGE('',*,*,#1549,.T.);
#2202=ORIENTED_EDGE('',*,*,#1550,.F.);
#2203=ORIENTED_EDGE('',*,*,#1549,.F.);
#2204=ORIENTED_EDGE('',*,*,#1388,.T.);
#2205=ORIENTED_EDGE('',*,*,#1551,.T.);
#2206=ORIENTED_EDGE('',*,*,#1552,.F.);
#2207=ORIENTED_EDGE('',*,*,#1551,.F.);
#2208=ORIENTED_EDGE('',*,*,#1387,.T.);
#2209=ORIENTED_EDGE('',*,*,#1553,.T.);
#2210=ORIENTED_EDGE('',*,*,#1554,.F.);
#2211=ORIENTED_EDGE('',*,*,#1553,.F.);
#2212=ORIENTED_EDGE('',*,*,#1386,.T.);
#2213=ORIENTED_EDGE('',*,*,#1555,.T.);
#2214=ORIENTED_EDGE('',*,*,#1556,.F.);
#2215=ORIENTED_EDGE('',*,*,#1555,.F.);
#2216=ORIENTED_EDGE('',*,*,#1385,.T.);
#2217=ORIENTED_EDGE('',*,*,#1557,.T.);
#2218=ORIENTED_EDGE('',*,*,#1558,.F.);
#2219=ORIENTED_EDGE('',*,*,#1557,.F.);
#2220=ORIENTED_EDGE('',*,*,#1384,.F.);
#2221=ORIENTED_EDGE('',*,*,#1559,.T.);
#2222=ORIENTED_EDGE('',*,*,#1560,.F.);
#2223=ORIENTED_EDGE('',*,*,#1559,.F.);
#2224=ORIENTED_EDGE('',*,*,#1383,.F.);
#2225=ORIENTED_EDGE('',*,*,#1513,.T.);
#2226=ORIENTED_EDGE('',*,*,#1561,.F.);
#2227=ORIENTED_EDGE('',*,*,#1510,.T.);
#2228=ORIENTED_EDGE('',*,*,#1512,.T.);
#2229=ORIENTED_EDGE('',*,*,#1520,.T.);
#2230=ORIENTED_EDGE('',*,*,#1522,.T.);
#2231=ORIENTED_EDGE('',*,*,#1524,.T.);
#2232=ORIENTED_EDGE('',*,*,#1526,.T.);
#2233=ORIENTED_EDGE('',*,*,#1528,.T.);
#2234=ORIENTED_EDGE('',*,*,#1530,.T.);
#2235=ORIENTED_EDGE('',*,*,#1532,.T.);
#2236=ORIENTED_EDGE('',*,*,#1534,.T.);
#2237=ORIENTED_EDGE('',*,*,#1536,.T.);
#2238=ORIENTED_EDGE('',*,*,#1538,.T.);
#2239=ORIENTED_EDGE('',*,*,#1540,.T.);
#2240=ORIENTED_EDGE('',*,*,#1542,.T.);
#2241=ORIENTED_EDGE('',*,*,#1544,.T.);
#2242=ORIENTED_EDGE('',*,*,#1546,.T.);
#2243=ORIENTED_EDGE('',*,*,#1548,.T.);
#2244=ORIENTED_EDGE('',*,*,#1550,.T.);
#2245=ORIENTED_EDGE('',*,*,#1552,.T.);
#2246=ORIENTED_EDGE('',*,*,#1554,.T.);
#2247=ORIENTED_EDGE('',*,*,#1556,.T.);
#2248=ORIENTED_EDGE('',*,*,#1558,.T.);
#2249=ORIENTED_EDGE('',*,*,#1560,.T.);
#2250=ORIENTED_EDGE('',*,*,#1561,.T.);
#2251=ORIENTED_EDGE('',*,*,#1515,.T.);
#2252=ORIENTED_EDGE('',*,*,#1517,.T.);
#2253=ORIENTED_EDGE('',*,*,#1518,.T.);
#2254=ORIENTED_EDGE('',*,*,#1485,.T.);
#2255=ORIENTED_EDGE('',*,*,#1487,.T.);
#2256=ORIENTED_EDGE('',*,*,#1489,.T.);
#2257=ORIENTED_EDGE('',*,*,#1491,.T.);
#2258=ORIENTED_EDGE('',*,*,#1493,.T.);
#2259=ORIENTED_EDGE('',*,*,#1494,.T.);
#2260=ORIENTED_EDGE('',*,*,#1455,.T.);
#2261=ORIENTED_EDGE('',*,*,#1458,.T.);
#2262=ORIENTED_EDGE('',*,*,#1460,.T.);
#2263=ORIENTED_EDGE('',*,*,#1496,.T.);
#2264=ORIENTED_EDGE('',*,*,#1498,.T.);
#2265=ORIENTED_EDGE('',*,*,#1500,.T.);
#2266=ORIENTED_EDGE('',*,*,#1502,.T.);
#2267=ORIENTED_EDGE('',*,*,#1504,.T.);
#2268=ORIENTED_EDGE('',*,*,#1506,.T.);
#2269=ORIENTED_EDGE('',*,*,#1508,.T.);
#2270=PLANE('',#2521);
#2271=PLANE('',#2523);
#2272=PLANE('',#2531);
#2273=PLANE('',#2532);
#2274=PLANE('',#2533);
#2275=PLANE('',#2534);
#2276=PLANE('',#2535);
#2277=PLANE('',#2536);
#2278=PLANE('',#2537);
#2279=PLANE('',#2538);
#2280=PLANE('',#2539);
#2281=PLANE('',#2540);
#2282=PLANE('',#2541);
#2283=PLANE('',#2542);
#2284=PLANE('',#2543);
#2285=PLANE('',#2544);
#2286=PLANE('',#2545);
#2287=PLANE('',#2546);
#2288=PLANE('',#2547);
#2289=PLANE('',#2548);
#2290=PLANE('',#2549);
#2291=PLANE('',#2550);
#2292=PLANE('',#2551);
#2293=PLANE('',#2552);
#2294=PLANE('',#2553);
#2295=PLANE('',#2554);
#2296=PLANE('',#2555);
#2297=PLANE('',#2556);
#2298=PLANE('',#2559);
#2299=PLANE('',#2560);
#2300=PLANE('',#2561);
#2301=PLANE('',#2562);
#2302=PLANE('',#2565);
#2303=PLANE('',#2566);
#2304=PLANE('',#2567);
#2305=PLANE('',#2570);
#2306=PLANE('',#2571);
#2307=PLANE('',#2572);
#2308=PLANE('',#2577);
#2309=PLANE('',#2578);
#2310=PLANE('',#2579);
#2311=PLANE('',#2580);
#2312=PLANE('',#2581);
#2313=PLANE('',#2583);
#2314=PLANE('',#2584);
#2315=PLANE('',#2586);
#2316=PLANE('',#2587);
#2317=PLANE('',#2588);
#2318=PLANE('',#2589);
#2319=PLANE('',#2590);
#2320=PLANE('',#2591);
#2321=PLANE('',#2593);
#2322=PLANE('',#2594);
#2323=PLANE('',#2595);
#2324=PLANE('',#2596);
#2325=PLANE('',#2597);
#2326=PLANE('',#2598);
#2327=PLANE('',#2599);
#2328=PLANE('',#2600);
#2329=PLANE('',#2601);
#2330=PLANE('',#2602);
#2331=PLANE('',#2603);
#2332=PLANE('',#2604);
#2333=PLANE('',#2605);
#2334=PLANE('',#2606);
#2335=PLANE('',#2607);
#2336=PLANE('',#2608);
#2337=PLANE('',#2609);
#2338=PLANE('',#2610);
#2339=PLANE('',#2611);
#2340=PLANE('',#2612);
#2341=PLANE('',#2613);
#2342=PLANE('',#2614);
#2343=PLANE('',#2615);
#2344=PLANE('',#2616);
#2345=PLANE('',#2617);
#2346=PLANE('',#2618);
#2347=PLANE('',#2619);
#2348=PLANE('',#2620);
#2349=PLANE('',#2621);
#2350=PLANE('',#2622);
#2351=PLANE('',#2623);
#2352=PLANE('',#2624);
#2353=PLANE('',#2625);
#2354=PLANE('',#2626);
#2355=PLANE('',#2627);
#2356=PLANE('',#2628);
#2357=PLANE('',#2629);
#2358=PLANE('',#2630);
#2359=PLANE('',#2631);
#2360=PLANE('',#2632);
#2361=PLANE('',#2633);
#2362=PLANE('',#2634);
#2363=PLANE('',#2635);
#2364=PLANE('',#2636);
#2365=PLANE('',#2637);
#2366=PLANE('',#2638);
#2367=PLANE('',#2639);
#2368=PLANE('',#2640);
#2369=PLANE('',#2641);
#2370=PLANE('',#2642);
#2371=PLANE('',#2643);
#2372=PLANE('',#2644);
#2373=PLANE('',#2645);
#2374=PLANE('',#2646);
#2375=PLANE('',#2647);
#2376=PLANE('',#2648);
#2377=PLANE('',#2649);
#2378=PLANE('',#2650);
#2379=PLANE('',#2651);
#2380=PLANE('',#2652);
#2381=PLANE('',#2653);
#2382=PLANE('',#2654);
#2383=PLANE('',#2655);
#2384=PLANE('',#2656);
#2385=ADVANCED_FACE('',(#708),#2270,.F.);
#2386=ADVANCED_FACE('',(#709,#22,#23,#24),#2271,.F.);
#2387=ADVANCED_FACE('',(#710),#2272,.T.);
#2388=ADVANCED_FACE('',(#711),#2273,.T.);
#2389=ADVANCED_FACE('',(#712),#2274,.T.);
#2390=ADVANCED_FACE('',(#713),#2275,.T.);
#2391=ADVANCED_FACE('',(#714),#2276,.T.);
#2392=ADVANCED_FACE('',(#715),#2277,.T.);
#2393=ADVANCED_FACE('',(#716),#2278,.T.);
#2394=ADVANCED_FACE('',(#717),#2279,.T.);
#2395=ADVANCED_FACE('',(#718),#2280,.T.);
#2396=ADVANCED_FACE('',(#719),#2281,.T.);
#2397=ADVANCED_FACE('',(#720),#2282,.T.);
#2398=ADVANCED_FACE('',(#721),#2283,.T.);
#2399=ADVANCED_FACE('',(#722),#2284,.T.);
#2400=ADVANCED_FACE('',(#723),#2285,.T.);
#2401=ADVANCED_FACE('',(#724),#2286,.T.);
#2402=ADVANCED_FACE('',(#725),#2287,.T.);
#2403=ADVANCED_FACE('',(#726),#2288,.T.);
#2404=ADVANCED_FACE('',(#727),#2289,.T.);
#2405=ADVANCED_FACE('',(#728),#2290,.T.);
#2406=ADVANCED_FACE('',(#729),#2291,.T.);
#2407=ADVANCED_FACE('',(#730),#2292,.T.);
#2408=ADVANCED_FACE('',(#731),#2293,.T.);
#2409=ADVANCED_FACE('',(#732),#2294,.T.);
#2410=ADVANCED_FACE('',(#733),#2295,.T.);
#2411=ADVANCED_FACE('',(#734),#2296,.T.);
#2412=ADVANCED_FACE('',(#735),#2297,.T.);
#2413=ADVANCED_FACE('',(#736),#15,.F.);
#2414=ADVANCED_FACE('',(#737),#2298,.T.);
#2415=ADVANCED_FACE('',(#738),#2299,.T.);
#2416=ADVANCED_FACE('',(#739),#2300,.T.);
#2417=ADVANCED_FACE('',(#740),#2301,.T.);
#2418=ADVANCED_FACE('',(#741),#16,.T.);
#2419=ADVANCED_FACE('',(#742),#2302,.T.);
#2420=ADVANCED_FACE('',(#743),#2303,.T.);
#2421=ADVANCED_FACE('',(#744),#2304,.T.);
#2422=ADVANCED_FACE('',(#745),#17,.T.);
#2423=ADVANCED_FACE('',(#746),#2305,.T.);
#2424=ADVANCED_FACE('',(#747),#2306,.T.);
#2425=ADVANCED_FACE('',(#748,#25,#26,#27),#2307,.T.);
#2426=ADVANCED_FACE('',(#749),#18,.F.);
#2427=ADVANCED_FACE('',(#750),#2308,.T.);
#2428=ADVANCED_FACE('',(#751),#2309,.T.);
#2429=ADVANCED_FACE('',(#752),#2310,.T.);
#2430=ADVANCED_FACE('',(#753),#2311,.T.);
#2431=ADVANCED_FACE('',(#754),#2312,.T.);
#2432=ADVANCED_FACE('',(#755),#19,.T.);
#2433=ADVANCED_FACE('',(#756),#2313,.T.);
#2434=ADVANCED_FACE('',(#757),#2314,.T.);
#2435=ADVANCED_FACE('',(#758),#20,.T.);
#2436=ADVANCED_FACE('',(#759),#2315,.T.);
#2437=ADVANCED_FACE('',(#760),#2316,.F.);
#2438=ADVANCED_FACE('',(#761),#2317,.T.);
#2439=ADVANCED_FACE('',(#762),#2318,.F.);
#2440=ADVANCED_FACE('',(#763),#2319,.F.);
#2441=ADVANCED_FACE('',(#764),#2320,.F.);
#2442=ADVANCED_FACE('',(#765),#21,.T.);
#2443=ADVANCED_FACE('',(#766),#2321,.T.);
#2444=ADVANCED_FACE('',(#767),#2322,.T.);
#2445=ADVANCED_FACE('',(#768),#2323,.T.);
#2446=ADVANCED_FACE('',(#769),#2324,.T.);
#2447=ADVANCED_FACE('',(#770),#2325,.T.);
#2448=ADVANCED_FACE('',(#771),#2326,.T.);
#2449=ADVANCED_FACE('',(#772),#2327,.T.);
#2450=ADVANCED_FACE('',(#773),#2328,.T.);
#2451=ADVANCED_FACE('',(#774),#2329,.T.);
#2452=ADVANCED_FACE('',(#775),#2330,.T.);
#2453=ADVANCED_FACE('',(#776),#2331,.T.);
#2454=ADVANCED_FACE('',(#777),#2332,.T.);
#2455=ADVANCED_FACE('',(#778),#2333,.T.);
#2456=ADVANCED_FACE('',(#779),#2334,.T.);
#2457=ADVANCED_FACE('',(#780),#2335,.T.);
#2458=ADVANCED_FACE('',(#781),#2336,.T.);
#2459=ADVANCED_FACE('',(#782),#2337,.T.);
#2460=ADVANCED_FACE('',(#783),#2338,.T.);
#2461=ADVANCED_FACE('',(#784),#2339,.T.);
#2462=ADVANCED_FACE('',(#785),#2340,.T.);
#2463=ADVANCED_FACE('',(#786),#2341,.T.);
#2464=ADVANCED_FACE('',(#787),#2342,.T.);
#2465=ADVANCED_FACE('',(#788),#2343,.T.);
#2466=ADVANCED_FACE('',(#789),#2344,.F.);
#2467=ADVANCED_FACE('',(#790),#2345,.F.);
#2468=ADVANCED_FACE('',(#791),#2346,.F.);
#2469=ADVANCED_FACE('',(#792),#2347,.F.);
#2470=ADVANCED_FACE('',(#793),#2348,.F.);
#2471=ADVANCED_FACE('',(#794),#2349,.F.);
#2472=ADVANCED_FACE('',(#795),#2350,.F.);
#2473=ADVANCED_FACE('',(#796),#2351,.F.);
#2474=ADVANCED_FACE('',(#797),#2352,.F.);
#2475=ADVANCED_FACE('',(#798),#2353,.F.);
#2476=ADVANCED_FACE('',(#799),#2354,.F.);
#2477=ADVANCED_FACE('',(#800),#2355,.F.);
#2478=ADVANCED_FACE('',(#801),#2356,.F.);
#2479=ADVANCED_FACE('',(#802),#2357,.F.);
#2480=ADVANCED_FACE('',(#803),#2358,.F.);
#2481=ADVANCED_FACE('',(#804),#2359,.F.);
#2482=ADVANCED_FACE('',(#805),#2360,.F.);
#2483=ADVANCED_FACE('',(#806),#2361,.F.);
#2484=ADVANCED_FACE('',(#807),#2362,.F.);
#2485=ADVANCED_FACE('',(#808),#2363,.F.);
#2486=ADVANCED_FACE('',(#809),#2364,.F.);
#2487=ADVANCED_FACE('',(#810),#2365,.F.);
#2488=ADVANCED_FACE('',(#811),#2366,.F.);
#2489=ADVANCED_FACE('',(#812),#2367,.F.);
#2490=ADVANCED_FACE('',(#813),#2368,.F.);
#2491=ADVANCED_FACE('',(#814),#2369,.F.);
#2492=ADVANCED_FACE('',(#815),#2370,.F.);
#2493=ADVANCED_FACE('',(#816),#2371,.F.);
#2494=ADVANCED_FACE('',(#817),#2372,.F.);
#2495=ADVANCED_FACE('',(#818),#2373,.F.);
#2496=ADVANCED_FACE('',(#819),#2374,.F.);
#2497=ADVANCED_FACE('',(#820),#2375,.F.);
#2498=ADVANCED_FACE('',(#821),#2376,.F.);
#2499=ADVANCED_FACE('',(#822),#2377,.F.);
#2500=ADVANCED_FACE('',(#823),#2378,.F.);
#2501=ADVANCED_FACE('',(#824),#2379,.F.);
#2502=ADVANCED_FACE('',(#825),#2380,.F.);
#2503=ADVANCED_FACE('',(#826),#2381,.F.);
#2504=ADVANCED_FACE('',(#827),#2382,.F.);
#2505=ADVANCED_FACE('',(#828),#2383,.F.);
#2506=ADVANCED_FACE('',(#829),#2384,.T.);
#2507=CLOSED_SHELL('',(#2385,#2386,#2387,#2388,#2389,#2390,#2391,#2392,
#2393,#2394,#2395,#2396,#2397,#2398,#2399,#2400,#2401,#2402,#2403,#2404,
#2405,#2406,#2407,#2408,#2409,#2410,#2411,#2412,#2413,#2414,#2415,#2416,
#2417,#2418,#2419,#2420,#2421,#2422,#2423,#2424,#2425,#2426,#2427,#2428,
#2429,#2430,#2431,#2432,#2433,#2434,#2435,#2436,#2437,#2438,#2439,#2440,
#2441,#2442,#2443,#2444,#2445,#2446,#2447,#2448,#2449,#2450,#2451,#2452,
#2453,#2454,#2455,#2456,#2457,#2458,#2459,#2460,#2461,#2462,#2463,#2464,
#2465,#2466,#2467,#2468,#2469,#2470,#2471,#2472,#2473,#2474,#2475,#2476,
#2477,#2478,#2479,#2480,#2481,#2482,#2483,#2484,#2485,#2486,#2487,#2488,
#2489,#2490,#2491,#2492,#2493,#2494,#2495,#2496,#2497,#2498,#2499,#2500,
#2501,#2502,#2503,#2504,#2505,#2506));
#2508=DERIVED_UNIT_ELEMENT(#2510,1.);
#2509=DERIVED_UNIT_ELEMENT(#3989,-3.);
#2510=(
MASS_UNIT()
NAMED_UNIT(*)
SI_UNIT(.KILO.,.GRAM.)
);
#2511=DERIVED_UNIT((#2508,#2509));
#2512=MEASURE_REPRESENTATION_ITEM('density measure',
POSITIVE_RATIO_MEASURE(1060.),#2511);
#2513=PROPERTY_DEFINITION_REPRESENTATION(#2518,#2515);
#2514=PROPERTY_DEFINITION_REPRESENTATION(#2519,#2516);
#2515=REPRESENTATION('material name',(#2517),#3986);
#2516=REPRESENTATION('density',(#2512),#3986);
#2517=DESCRIPTIVE_REPRESENTATION_ITEM('ABS Plastic','ABS Plastic');
#2518=PROPERTY_DEFINITION('material property','material name',#3996);
#2519=PROPERTY_DEFINITION('material property','density of part',#3996);
#2520=AXIS2_PLACEMENT_3D('',#3271,#2657,#2658);
#2521=AXIS2_PLACEMENT_3D('',#3272,#2659,#2660);
#2522=AXIS2_PLACEMENT_3D('',#3274,#2661,#2662);
#2523=AXIS2_PLACEMENT_3D('',#3275,#2663,#2664);
#2524=AXIS2_PLACEMENT_3D('',#3282,#2667,#2668);
#2525=AXIS2_PLACEMENT_3D('',#3290,#2672,#2673);
#2526=AXIS2_PLACEMENT_3D('',#3298,#2677,#2678);
#2527=AXIS2_PLACEMENT_3D('',#3306,#2682,#2683);
#2528=AXIS2_PLACEMENT_3D('',#3310,#2685,#2686);
#2529=AXIS2_PLACEMENT_3D('',#3415,#2739,#2740);
#2530=AXIS2_PLACEMENT_3D('',#3417,#2741,#2742);
#2531=AXIS2_PLACEMENT_3D('',#3418,#2743,#2744);
#2532=AXIS2_PLACEMENT_3D('',#3424,#2748,#2749);
#2533=AXIS2_PLACEMENT_3D('',#3428,#2752,#2753);
#2534=AXIS2_PLACEMENT_3D('',#3432,#2756,#2757);
#2535=AXIS2_PLACEMENT_3D('',#3436,#2760,#2761);
#2536=AXIS2_PLACEMENT_3D('',#3440,#2764,#2765);
#2537=AXIS2_PLACEMENT_3D('',#3444,#2768,#2769);
#2538=AXIS2_PLACEMENT_3D('',#3448,#2772,#2773);
#2539=AXIS2_PLACEMENT_3D('',#3452,#2776,#2777);
#2540=AXIS2_PLACEMENT_3D('',#3456,#2780,#2781);
#2541=AXIS2_PLACEMENT_3D('',#3460,#2784,#2785);
#2542=AXIS2_PLACEMENT_3D('',#3464,#2788,#2789);
#2543=AXIS2_PLACEMENT_3D('',#3468,#2792,#2793);
#2544=AXIS2_PLACEMENT_3D('',#3472,#2796,#2797);
#2545=AXIS2_PLACEMENT_3D('',#3476,#2800,#2801);
#2546=AXIS2_PLACEMENT_3D('',#3482,#2805,#2806);
#2547=AXIS2_PLACEMENT_3D('',#3486,#2809,#2810);
#2548=AXIS2_PLACEMENT_3D('',#3490,#2813,#2814);
#2549=AXIS2_PLACEMENT_3D('',#3494,#2817,#2818);
#2550=AXIS2_PLACEMENT_3D('',#3498,#2821,#2822);
#2551=AXIS2_PLACEMENT_3D('',#3502,#2825,#2826);
#2552=AXIS2_PLACEMENT_3D('',#3506,#2829,#2830);
#2553=AXIS2_PLACEMENT_3D('',#3510,#2833,#2834);
#2554=AXIS2_PLACEMENT_3D('',#3514,#2837,#2838);
#2555=AXIS2_PLACEMENT_3D('',#3518,#2841,#2842);
#2556=AXIS2_PLACEMENT_3D('',#3522,#2845,#2846);
#2557=AXIS2_PLACEMENT_3D('',#3526,#2849,#2850);
#2558=AXIS2_PLACEMENT_3D('',#3529,#2852,#2853);
#2559=AXIS2_PLACEMENT_3D('',#3530,#2854,#2855);
#2560=AXIS2_PLACEMENT_3D('',#3534,#2858,#2859);
#2561=AXIS2_PLACEMENT_3D('',#3542,#2864,#2865);
#2562=AXIS2_PLACEMENT_3D('',#3546,#2868,#2869);
#2563=AXIS2_PLACEMENT_3D('',#3552,#2873,#2874);
#2564=AXIS2_PLACEMENT_3D('',#3555,#2876,#2877);
#2565=AXIS2_PLACEMENT_3D('',#3556,#2878,#2879);
#2566=AXIS2_PLACEMENT_3D('',#3562,#2883,#2884);
#2567=AXIS2_PLACEMENT_3D('',#3566,#2887,#2888);
#2568=AXIS2_PLACEMENT_3D('',#3572,#2892,#2893);
#2569=AXIS2_PLACEMENT_3D('',#3575,#2895,#2896);
#2570=AXIS2_PLACEMENT_3D('',#3576,#2897,#2898);
#2571=AXIS2_PLACEMENT_3D('',#3585,#2903,#2904);
#2572=AXIS2_PLACEMENT_3D('',#3588,#2907,#2908);
#2573=AXIS2_PLACEMENT_3D('',#3592,#2910,#2911);
#2574=AXIS2_PLACEMENT_3D('',#3599,#2915,#2916);
#2575=AXIS2_PLACEMENT_3D('',#3714,#2975,#2976);
#2576=AXIS2_PLACEMENT_3D('',#3738,#2989,#2990);
#2577=AXIS2_PLACEMENT_3D('',#3740,#2992,#2993);
#2578=AXIS2_PLACEMENT_3D('',#3746,#2997,#2998);
#2579=AXIS2_PLACEMENT_3D('',#3749,#3001,#3002);
#2580=AXIS2_PLACEMENT_3D('',#3750,#3003,#3004);
#2581=AXIS2_PLACEMENT_3D('',#3751,#3005,#3006);
#2582=AXIS2_PLACEMENT_3D('',#3753,#3008,#3009);
#2583=AXIS2_PLACEMENT_3D('',#3754,#3010,#3011);
#2584=AXIS2_PLACEMENT_3D('',#3756,#3013,#3014);
#2585=AXIS2_PLACEMENT_3D('',#3758,#3016,#3017);
#2586=AXIS2_PLACEMENT_3D('',#3760,#3019,#3020);
#2587=AXIS2_PLACEMENT_3D('',#3762,#3022,#3023);
#2588=AXIS2_PLACEMENT_3D('',#3763,#3024,#3025);
#2589=AXIS2_PLACEMENT_3D('',#3765,#3027,#3028);
#2590=AXIS2_PLACEMENT_3D('',#3771,#3032,#3033);
#2591=AXIS2_PLACEMENT_3D('',#3775,#3036,#3037);
#2592=AXIS2_PLACEMENT_3D('',#3779,#3040,#3041);
#2593=AXIS2_PLACEMENT_3D('',#3781,#3043,#3044);
#2594=AXIS2_PLACEMENT_3D('',#3784,#3047,#3048);
#2595=AXIS2_PLACEMENT_3D('',#3785,#3049,#3050);
#2596=AXIS2_PLACEMENT_3D('',#3787,#3052,#3053);
#2597=AXIS2_PLACEMENT_3D('',#3789,#3055,#3056);
#2598=AXIS2_PLACEMENT_3D('',#3791,#3058,#3059);
#2599=AXIS2_PLACEMENT_3D('',#3793,#3061,#3062);
#2600=AXIS2_PLACEMENT_3D('',#3795,#3064,#3065);
#2601=AXIS2_PLACEMENT_3D('',#3797,#3067,#3068);
#2602=AXIS2_PLACEMENT_3D('',#3799,#3070,#3071);
#2603=AXIS2_PLACEMENT_3D('',#3801,#3073,#3074);
#2604=AXIS2_PLACEMENT_3D('',#3803,#3076,#3077);
#2605=AXIS2_PLACEMENT_3D('',#3805,#3079,#3080);
#2606=AXIS2_PLACEMENT_3D('',#3806,#3081,#3082);
#2607=AXIS2_PLACEMENT_3D('',#3808,#3084,#3085);
#2608=AXIS2_PLACEMENT_3D('',#3810,#3087,#3088);
#2609=AXIS2_PLACEMENT_3D('',#3812,#3090,#3091);
#2610=AXIS2_PLACEMENT_3D('',#3814,#3093,#3094);
#2611=AXIS2_PLACEMENT_3D('',#3816,#3096,#3097);
#2612=AXIS2_PLACEMENT_3D('',#3818,#3099,#3100);
#2613=AXIS2_PLACEMENT_3D('',#3820,#3102,#3103);
#2614=AXIS2_PLACEMENT_3D('',#3822,#3105,#3106);
#2615=AXIS2_PLACEMENT_3D('',#3824,#3108,#3109);
#2616=AXIS2_PLACEMENT_3D('',#3825,#3110,#3111);
#2617=AXIS2_PLACEMENT_3D('',#3831,#3115,#3116);
#2618=AXIS2_PLACEMENT_3D('',#3835,#3119,#3120);
#2619=AXIS2_PLACEMENT_3D('',#3839,#3123,#3124);
#2620=AXIS2_PLACEMENT_3D('',#3843,#3127,#3128);
#2621=AXIS2_PLACEMENT_3D('',#3847,#3131,#3132);
#2622=AXIS2_PLACEMENT_3D('',#3849,#3134,#3135);
#2623=AXIS2_PLACEMENT_3D('',#3853,#3138,#3139);
#2624=AXIS2_PLACEMENT_3D('',#3857,#3142,#3143);
#2625=AXIS2_PLACEMENT_3D('',#3861,#3146,#3147);
#2626=AXIS2_PLACEMENT_3D('',#3865,#3150,#3151);
#2627=AXIS2_PLACEMENT_3D('',#3869,#3154,#3155);
#2628=AXIS2_PLACEMENT_3D('',#3873,#3158,#3159);
#2629=AXIS2_PLACEMENT_3D('',#3877,#3162,#3163);
#2630=AXIS2_PLACEMENT_3D('',#3881,#3166,#3167);
#2631=AXIS2_PLACEMENT_3D('',#3885,#3170,#3171);
#2632=AXIS2_PLACEMENT_3D('',#3891,#3175,#3176);
#2633=AXIS2_PLACEMENT_3D('',#3895,#3179,#3180);
#2634=AXIS2_PLACEMENT_3D('',#3897,#3182,#3183);
#2635=AXIS2_PLACEMENT_3D('',#3901,#3186,#3187);
#2636=AXIS2_PLACEMENT_3D('',#3905,#3190,#3191);
#2637=AXIS2_PLACEMENT_3D('',#3909,#3194,#3195);
#2638=AXIS2_PLACEMENT_3D('',#3913,#3198,#3199);
#2639=AXIS2_PLACEMENT_3D('',#3917,#3202,#3203);
#2640=AXIS2_PLACEMENT_3D('',#3921,#3206,#3207);
#2641=AXIS2_PLACEMENT_3D('',#3925,#3210,#3211);
#2642=AXIS2_PLACEMENT_3D('',#3929,#3214,#3215);
#2643=AXIS2_PLACEMENT_3D('',#3933,#3218,#3219);
#2644=AXIS2_PLACEMENT_3D('',#3937,#3222,#3223);
#2645=AXIS2_PLACEMENT_3D('',#3941,#3226,#3227);
#2646=AXIS2_PLACEMENT_3D('',#3945,#3230,#3231);
#2647=AXIS2_PLACEMENT_3D('',#3949,#3234,#3235);
#2648=AXIS2_PLACEMENT_3D('',#3953,#3238,#3239);
#2649=AXIS2_PLACEMENT_3D('',#3957,#3242,#3243);
#2650=AXIS2_PLACEMENT_3D('',#3961,#3246,#3247);
#2651=AXIS2_PLACEMENT_3D('',#3965,#3250,#3251);
#2652=AXIS2_PLACEMENT_3D('',#3969,#3254,#3255);
#2653=AXIS2_PLACEMENT_3D('',#3973,#3258,#3259);
#2654=AXIS2_PLACEMENT_3D('',#3977,#3262,#3263);
#2655=AXIS2_PLACEMENT_3D('',#3981,#3266,#3267);
#2656=AXIS2_PLACEMENT_3D('',#3983,#3269,#3270);
#2657=DIRECTION('axis',(0.,0.,1.));
#2658=DIRECTION('refdir',(1.,0.,0.));
#2659=DIRECTION('center_axis',(-5.3455294201844E-51,1.38777878078145E-17,
1.));
#2660=DIRECTION('ref_axis',(1.,3.85185988877447E-34,0.));
#2661=DIRECTION('center_axis',(-5.3455294201844E-51,1.38777878078145E-17,
1.));
#2662=DIRECTION('ref_axis',(-1.,-3.85185988877447E-34,0.));
#2663=DIRECTION('center_axis',(2.77555756156289E-17,6.16297582203915E-33,
1.));
#2664=DIRECTION('ref_axis',(-1.,-3.85185988877447E-34,2.77555756156289E-17));
#2665=DIRECTION('',(-1.,-3.85185988877447E-34,2.77555756156289E-17));
#2666=DIRECTION('',(7.41841230137484E-68,1.,-6.16297582203915E-33));
#2667=DIRECTION('center_axis',(2.77555756156289E-17,6.16297582203915E-33,
1.));
#2668=DIRECTION('ref_axis',(-1.,-3.85185988877447E-34,-5.34552942018439E-51));
#2669=DIRECTION('',(-1.,-3.85185988877447E-34,2.77555756156289E-17));
#2670=DIRECTION('',(7.41841230137484E-68,1.,-6.16297582203915E-33));
#2671=DIRECTION('',(1.,3.85185988877447E-34,-2.77555756156289E-17));
#2672=DIRECTION('center_axis',(2.77555756156289E-17,6.16297582203915E-33,
1.));
#2673=DIRECTION('ref_axis',(-1.,7.41841230137484E-68,2.53794183731565E-115));
#2674=DIRECTION('',(7.41841230137484E-68,1.,-6.16297582203915E-33));
#2675=DIRECTION('',(1.,3.85185988877447E-34,-2.77555756156289E-17));
#2676=DIRECTION('',(-7.41841230137484E-68,-1.,6.16297582203915E-33));
#2677=DIRECTION('center_axis',(2.77555756156289E-17,6.16297582203915E-33,
1.));
#2678=DIRECTION('ref_axis',(-1.,7.41841230137484E-68,2.53794183731565E-115));
#2679=DIRECTION('',(1.,3.85185988877447E-34,-2.77555756156289E-17));
#2680=DIRECTION('',(-7.41841230137484E-68,-1.,6.16297582203915E-33));
#2681=DIRECTION('',(-1.,-3.85185988877447E-34,2.77555756156289E-17));
#2682=DIRECTION('center_axis',(2.77555756156289E-17,6.16297582203915E-33,
1.));
#2683=DIRECTION('ref_axis',(-1.,7.41841230137484E-68,2.53794183731565E-115));
#2684=DIRECTION('',(-7.41841230137484E-68,-1.,6.16297582203915E-33));
#2685=DIRECTION('center_axis',(-2.77555756156289E-17,-6.16297582203915E-33,
-1.));
#2686=DIRECTION('ref_axis',(1.,-7.41841230137484E-68,-2.53794183731565E-115));
#2687=DIRECTION('',(1.68185313608339E-101,1.,-6.16297582203915E-33));
#2688=DIRECTION('',(-0.98762765975253,0.156817109053004,2.7412174190348E-17));
#2689=DIRECTION('',(-0.950816794565168,0.309753810586437,2.63904674381634E-17));
#2690=DIRECTION('',(-0.890477696745603,0.455026891071997,2.47157210460536E-17));
#2691=DIRECTION('',(-0.80810389107432,0.589039982709615,2.24293886539972E-17));
#2692=DIRECTION('',(-0.705735583389294,0.708475325144195,1.95880973494015E-17));
#2693=DIRECTION('',(-0.585903130786273,0.810381096358277,1.62620786499721E-17));
#2694=DIRECTION('',(-0.451570819350752,0.89223528013125,1.25336080223013E-17));
#2695=DIRECTION('',(-0.306064420927369,0.952010803637435,8.49499417830327E-18));
#2696=DIRECTION('',(-0.152987927658061,0.988228057682482,4.24626799439168E-18));
#2697=DIRECTION('',(0.00387753510078188,0.999992482332513,-1.07623218692013E-19));
#2698=DIRECTION('',(0.160642018417538,0.987012736452139,-4.45871168923525E-18));
#2699=DIRECTION('',(0.313436300939488,0.949609227658078,-8.69960495140898E-18));
#2700=DIRECTION('',(0.330778519564037,0.943708414180473,-9.18094821178543E-18));
#2701=DIRECTION('',(0.2146059021823,0.976700725272855,-5.9565103455811E-18));
#2702=DIRECTION('',(0.0953121591596247,0.99544743322605,-2.64544384064383E-18));
#2703=DIRECTION('',(0.120062875704271,0.992766289656141,-3.33241422523974E-18));
#2704=DIRECTION('',(0.286909149290755,0.957957796592969,-7.96332858795532E-18));
#2705=DIRECTION('',(0.445409970503887,0.895326732637715,-1.23626101162757E-17));
#2706=DIRECTION('',(0.590982868175101,0.806684107642844,-1.64030696851753E-17));
#2707=DIRECTION('',(0.719383804127617,0.694612800313152,-1.99669115721229E-17));
#2708=DIRECTION('',(0.826891982170407,0.562360782614057,-2.2950862937088E-17));
#2709=DIRECTION('',(0.910377775279174,0.413778088203981,-2.52680591805491E-17));
#2710=DIRECTION('',(0.967420600844932,0.253174605876717,-2.68513156388687E-17));
#2711=DIRECTION('',(0.996362502599496,0.0852159809758081,-2.76546147814776E-17));
#2712=DIRECTION('',(1.68185313608339E-101,1.,-6.16297582203915E-33));
#2713=DIRECTION('',(-1.68185313608339E-101,-1.,6.16297582203915E-33));
#2714=DIRECTION('',(0.996362468737794,-0.085216376892758,-2.76546138416265E-17));
#2715=DIRECTION('',(0.967420899729609,-0.253173463787882,-2.68513239345849E-17));
#2716=DIRECTION('',(0.910376976913763,-0.413779844730694,-2.52680370214576E-17));
#2717=DIRECTION('',(0.826891982170407,-0.562360782614057,-2.2950862937088E-17));
#2718=DIRECTION('',(0.719383804127618,-0.694612800313151,-1.99669115721229E-17));
#2719=DIRECTION('',(0.590982868175101,-0.806684107642844,-1.64030696851753E-17));
#2720=DIRECTION('',(0.445413708401243,-0.895324873087,-1.23627138637684E-17));
#2721=DIRECTION('',(0.286904870134302,-0.957959078193437,-7.96320981750481E-18));
#2722=DIRECTION('',(0.120067471480979,-0.992765733842665,-3.33254178366766E-18));
#2723=DIRECTION('',(0.0953074450908008,-0.995447884577723,-2.64531299895012E-18));
#2724=DIRECTION('',(0.2146059021823,-0.976700725272855,-5.95651034558109E-18));
#2725=DIRECTION('',(0.330778519564037,-0.943708414180473,-9.18094821178542E-18));
#2726=DIRECTION('',(0.313436300939487,-0.949609227658078,-8.69960495140896E-18));
#2727=DIRECTION('',(0.160646119904972,-0.987012068902644,-4.45882552837984E-18));
#2728=DIRECTION('',(0.00387332502814792,-0.999992498648478,-1.07506365702662E-19));
#2729=DIRECTION('',(-0.152987927658061,-0.988228057682482,4.24626799439169E-18));
#2730=DIRECTION('',(-0.30606442092737,-0.952010803637435,8.49499417830329E-18));
#2731=DIRECTION('',(-0.451570819350751,-0.89223528013125,1.25336080223013E-17));
#2732=DIRECTION('',(-0.585903130786273,-0.810381096358277,1.62620786499721E-17));
#2733=DIRECTION('',(-0.705733470158912,-0.708477430196234,1.95880386954759E-17));
#2734=DIRECTION('',(-0.808105351853315,-0.589037978661844,2.24294291987591E-17));
#2735=DIRECTION('',(-0.890477696745603,-0.455026891071997,2.47157210460537E-17));
#2736=DIRECTION('',(-0.950816794565168,-0.309753810586438,2.63904674381634E-17));
#2737=DIRECTION('',(-0.987627556218182,-0.156817761106651,2.74121713166925E-17));
#2738=DIRECTION('',(-1.68185313608339E-101,-1.,6.16297582203915E-33));
#2739=DIRECTION('center_axis',(-2.77555756156289E-17,-6.16297582203915E-33,
-1.));
#2740=DIRECTION('ref_axis',(1.,-7.41841230137484E-68,-2.53794183731565E-115));
#2741=DIRECTION('center_axis',(-2.77555756156289E-17,-6.16297582203915E-33,
-1.));
#2742=DIRECTION('ref_axis',(-1.,-3.85185988877447E-34,0.));
#2743=DIRECTION('center_axis',(-0.949609227658078,-0.313436300939487,-4.34980247570448E-18));
#2744=DIRECTION('ref_axis',(-0.313436300939487,0.949609227658078,2.18780803131903E-17));
#2745=DIRECTION('',(1.0295115178936E-84,1.38777878078145E-17,-1.));
#2746=DIRECTION('',(-0.313436300939487,0.949609227658078,0.));
#2747=DIRECTION('',(1.0295115178936E-84,1.38777878078145E-17,-1.));
#2748=DIRECTION('center_axis',(-0.943708414180473,-0.330778519564037,-4.59047410589271E-18));
#2749=DIRECTION('ref_axis',(-0.330778519564037,0.943708414180473,2.22775333362311E-17));
#2750=DIRECTION('',(1.0295115178936E-84,1.38777878078145E-17,-1.));
#2751=DIRECTION('',(-0.330778519564037,0.943708414180473,0.));
#2752=DIRECTION('center_axis',(-0.976700725272855,-0.2146059021823,-2.97825517279055E-18));
#2753=DIRECTION('ref_axis',(-0.2146059021823,0.976700725272855,1.95109557626563E-17));
#2754=DIRECTION('',(1.0295115178936E-84,1.38777878078145E-17,-1.));
#2755=DIRECTION('',(-0.2146059021823,0.976700725272855,0.));
#2756=DIRECTION('center_axis',(-0.995447884577723,-0.0953074450908008,-1.32265649947506E-18));
#2757=DIRECTION('ref_axis',(-0.0953074450908008,0.995447884577723,1.64599275148575E-17));
#2758=DIRECTION('',(1.0295115178936E-84,1.38777878078145E-17,-1.));
#2759=DIRECTION('',(-0.0953074450908008,0.995447884577723,0.));
#2760=DIRECTION('center_axis',(-0.992765733842665,-0.120067471480979,-1.66627089183383E-18));
#2761=DIRECTION('ref_axis',(-0.120067471480979,0.992765733842665,1.71099339808054E-17));
#2762=DIRECTION('',(1.0295115178936E-84,1.38777878078145E-17,-1.));
#2763=DIRECTION('',(-0.120067471480979,0.992765733842665,0.));
#2764=DIRECTION('center_axis',(-0.957959078193437,-0.286904870134302,-3.98160490875241E-18));
#2765=DIRECTION('ref_axis',(-0.286904870134302,0.957959078193437,2.12575626332429E-17));
#2766=DIRECTION('',(1.0295115178936E-84,1.38777878078145E-17,-1.));
#2767=DIRECTION('',(-0.286904870134302,0.957959078193437,0.));
#2768=DIRECTION('center_axis',(-0.895324873087,-0.445413708401243,-6.1813569318842E-18));
#2769=DIRECTION('ref_axis',(-0.445413708401243,0.895324873087,2.47878424715282E-17));
#2770=DIRECTION('',(1.0295115178936E-84,1.38777878078145E-17,-1.));
#2771=DIRECTION('',(-0.445413708401243,0.895324873087,0.));
#2772=DIRECTION('center_axis',(-0.806684107642844,-0.590982868175101,-8.20153484258763E-18));
#2773=DIRECTION('ref_axis',(-0.590982868175101,0.806684107642844,2.75980605589788E-17));
#2774=DIRECTION('',(1.0295115178936E-84,1.38777878078145E-17,-1.));
#2775=DIRECTION('',(-0.590982868175101,0.806684107642844,0.));
#2776=DIRECTION('center_axis',(-0.694612800313151,-0.719383804127618,-9.98345578606144E-18));
#2777=DIRECTION('ref_axis',(-0.719383804127618,0.694612800313151,2.96066006234606E-17));
#2778=DIRECTION('',(1.0295115178936E-84,1.38777878078145E-17,-1.));
#2779=DIRECTION('',(-0.719383804127618,0.694612800313151,0.));
#2780=DIRECTION('center_axis',(-0.562360782614057,-0.826891982170407,-1.1475431468544E-17));
#2781=DIRECTION('ref_axis',(-0.826891982170407,0.562360782614057,3.07551865496424E-17));
#2782=DIRECTION('',(1.0295115178936E-84,1.38777878078145E-17,-1.));
#2783=DIRECTION('',(-0.826891982170407,0.562360782614057,0.));
#2784=DIRECTION('center_axis',(-0.413779844730694,-0.910376976913763,-1.26340185107288E-17));
#2785=DIRECTION('ref_axis',(-0.910376976913763,0.413779844730694,3.10103859057806E-17));
#2786=DIRECTION('',(1.0295115178936E-84,1.38777878078145E-17,-1.));
#2787=DIRECTION('',(-0.910376976913763,0.413779844730694,0.));
#2788=DIRECTION('center_axis',(-0.253173463787882,-0.967420899729609,-1.34256619672925E-17));
#2789=DIRECTION('ref_axis',(-0.967420899729609,0.253173463787882,3.03648115436025E-17));
#2790=DIRECTION('',(1.0295115178936E-84,1.38777878078145E-17,-1.));
#2791=DIRECTION('',(-0.967420899729609,0.253173463787882,0.));
#2792=DIRECTION('center_axis',(-0.0852163768927581,-0.996362468737794,-1.38273069208133E-17));
#2793=DIRECTION('ref_axis',(-0.996362468737794,0.085216376892758,2.8837228637895E-17));
#2794=DIRECTION('',(-1.02951151789361E-84,-1.38777878078145E-17,1.));
#2795=DIRECTION('',(-0.996362468737794,0.085216376892758,0.));
#2796=DIRECTION('center_axis',(-1.,1.68185313608339E-101,-1.02951151789361E-84));
#2797=DIRECTION('ref_axis',(1.02951151789361E-84,1.38777878078145E-17,-1.));
#2798=DIRECTION('',(1.02951151789361E-84,1.38777878078145E-17,-1.));
#2799=DIRECTION('',(1.68185313608339E-101,1.,0.));
#2800=DIRECTION('center_axis',(0.987012736452139,-0.160642018417538,-2.22935584461762E-18));
#2801=DIRECTION('ref_axis',(-0.160642018417538,-0.987012736452139,-9.23884163085783E-18));
#2802=DIRECTION('',(1.0295115178936E-84,1.38777878078145E-17,-1.));
#2803=DIRECTION('',(-0.160642018417538,-0.987012736452139,0.));
#2804=DIRECTION('',(1.0295115178936E-84,1.38777878078145E-17,-1.));
#2805=DIRECTION('center_axis',(0.999992482332513,-0.00387753510078188,-5.38116093460034E-20));
#2806=DIRECTION('ref_axis',(-0.00387753510078188,-0.999992482332514,-1.37700602605283E-17));
#2807=DIRECTION('',(1.0295115178936E-84,1.38777878078145E-17,-1.));
#2808=DIRECTION('',(-0.00387753510078188,-0.999992482332514,0.));
#2809=DIRECTION('center_axis',(0.988228057682482,0.152987927658061,2.12313399719584E-18));
#2810=DIRECTION('ref_axis',(0.152987927658061,-0.988228057682482,-1.79606872846378E-17));
#2811=DIRECTION('',(1.0295115178936E-84,1.38777878078145E-17,-1.));
#2812=DIRECTION('',(0.152987927658061,-0.988228057682482,0.));
#2813=DIRECTION('center_axis',(0.952010803637435,0.306064420927369,4.24749708915164E-18));
#2814=DIRECTION('ref_axis',(0.306064420927369,-0.952010803637435,-2.17067981019305E-17));
#2815=DIRECTION('',(1.0295115178936E-84,1.38777878078145E-17,-1.));
#2816=DIRECTION('',(0.306064420927369,-0.952010803637435,0.));
#2817=DIRECTION('center_axis',(0.89223528013125,0.451570819350752,6.26680401115065E-18));
#2818=DIRECTION('ref_axis',(0.451570819350752,-0.89223528013125,-2.49158599146087E-17));
#2819=DIRECTION('',(1.0295115178936E-84,1.38777878078145E-17,-1.));
#2820=DIRECTION('',(0.451570819350752,-0.89223528013125,0.));
#2821=DIRECTION('center_axis',(0.810381096358277,0.585903130786273,8.13103932498606E-18));
#2822=DIRECTION('ref_axis',(0.585903130786273,-0.810381096358277,-2.75083755486963E-17));
#2823=DIRECTION('',(1.0295115178936E-84,1.38777878078145E-17,-1.));
#2824=DIRECTION('',(0.585903130786273,-0.810381096358277,0.));
#2825=DIRECTION('center_axis',(0.708475325144195,0.705735583389294,9.79404867470077E-18));
#2826=DIRECTION('ref_axis',(0.705735583389294,-0.708475325144195,-2.9420167578825E-17));
#2827=DIRECTION('',(1.0295115178936E-84,1.38777878078145E-17,-1.));
#2828=DIRECTION('',(0.705735583389294,-0.708475325144195,0.));
#2829=DIRECTION('center_axis',(0.589039982709615,0.80810389107432,1.12146943269986E-17));
#2830=DIRECTION('ref_axis',(0.80810389107432,-0.589039982709615,-3.060396054436E-17));
#2831=DIRECTION('',(1.0295115178936E-84,1.38777878078145E-17,-1.));
#2832=DIRECTION('',(0.80810389107432,-0.589039982709615,0.));
#2833=DIRECTION('center_axis',(0.455026891071997,0.890477696745602,1.23578605230268E-17));
#2834=DIRECTION('ref_axis',(0.890477696745603,-0.455026891071997,-3.10304876872003E-17));
#2835=DIRECTION('',(1.0295115178936E-84,1.38777878078145E-17,-1.));
#2836=DIRECTION('',(0.890477696745603,-0.455026891071997,0.));
#2837=DIRECTION('center_axis',(0.309753810586437,0.950816794565168,1.31952337190817E-17));
#2838=DIRECTION('ref_axis',(0.950816794565168,-0.309753810586437,-3.0689165094144E-17));
#2839=DIRECTION('',(1.0295115178936E-84,1.38777878078145E-17,-1.));
#2840=DIRECTION('',(0.950816794565168,-0.309753810586437,0.));
#2841=DIRECTION('center_axis',(0.156817109053004,0.98762765975253,1.3706087095174E-17));
#2842=DIRECTION('ref_axis',(0.98762765975253,-0.156817109053004,-2.95884487544204E-17));
#2843=DIRECTION('',(-1.02951151789361E-84,-1.38777878078145E-17,1.));
#2844=DIRECTION('',(0.98762765975253,-0.156817109053004,0.));
#2845=DIRECTION('center_axis',(1.,-1.68185313608339E-101,1.02951151789361E-84));
#2846=DIRECTION('ref_axis',(-1.02951151789361E-84,-1.38777878078145E-17,
1.));
#2847=DIRECTION('',(1.02951151789361E-84,1.38777878078145E-17,-1.));
#2848=DIRECTION('',(7.41841230137484E-68,1.,-6.16297582203915E-33));
#2849=DIRECTION('center_axis',(-1.02951151789361E-84,-1.38777878078145E-17,
1.));
#2850=DIRECTION('ref_axis',(1.,-7.41841230137484E-68,-2.53794183731565E-115));
#2851=DIRECTION('',(-1.02951151789361E-84,-1.38777878078145E-17,1.));
#2852=DIRECTION('center_axis',(-2.77555756156289E-17,-6.16297582203915E-33,
-1.));
#2853=DIRECTION('ref_axis',(1.,-7.41841230137484E-68,-2.53794183731565E-115));
#2854=DIRECTION('center_axis',(1.,-1.68185313608339E-101,1.02951151789361E-84));
#2855=DIRECTION('ref_axis',(-1.02951151789361E-84,-1.38777878078145E-17,
1.));
#2856=DIRECTION('',(1.02951151789361E-84,1.38777878078145E-17,-1.));
#2857=DIRECTION('',(7.41841230137484E-68,1.,-6.16297582203915E-33));
#2858=DIRECTION('center_axis',(-1.,7.41841230137484E-68,2.53794183731565E-115));
#2859=DIRECTION('ref_axis',(-7.41841230137484E-68,-1.,-1.38777878078145E-17));
#2860=DIRECTION('',(1.02951151789361E-84,1.38777878078145E-17,-1.));
#2861=DIRECTION('',(-5.24560964393985E-68,-0.707106781186548,-0.707106781186547));
#2862=DIRECTION('',(7.41841230137484E-68,1.,-6.16297582203915E-33));
#2863=DIRECTION('',(1.02951151789361E-84,1.38777878078145E-17,-1.));
#2864=DIRECTION('center_axis',(-7.41841230137484E-68,-1.,-1.38777878078145E-17));
#2865=DIRECTION('ref_axis',(1.02951151789361E-84,1.38777878078145E-17,-1.));
#2866=DIRECTION('',(-1.02951151789361E-84,-1.38777878078145E-17,1.));
#2867=DIRECTION('',(1.,3.85185988877447E-34,-2.77555756156289E-17));
#2868=DIRECTION('center_axis',(1.,-7.41841230137484E-68,-2.53794183731565E-115));
#2869=DIRECTION('ref_axis',(7.41841230137484E-68,1.,1.38777878078145E-17));
#2870=DIRECTION('',(1.02951151789361E-84,1.38777878078145E-17,-1.));
#2871=DIRECTION('',(-7.41841230137484E-68,-1.,6.16297582203915E-33));
#2872=DIRECTION('',(5.24560964393985E-68,0.707106781186548,0.707106781186547));
#2873=DIRECTION('center_axis',(1.02951151789361E-84,1.38777878078145E-17,
-1.));
#2874=DIRECTION('ref_axis',(-1.,7.41841230137484E-68,2.53794183731565E-115));
#2875=DIRECTION('',(-1.02951151789361E-84,-1.38777878078145E-17,1.));
#2876=DIRECTION('center_axis',(-2.77555756156289E-17,-6.16297582203915E-33,
-1.));
#2877=DIRECTION('ref_axis',(-1.,7.41841230137484E-68,2.53794183731565E-115));
#2878=DIRECTION('center_axis',(-7.41841230137484E-68,-1.,-1.38777878078145E-17));
#2879=DIRECTION('ref_axis',(1.02951151789361E-84,1.38777878078145E-17,-1.));
#2880=DIRECTION('',(1.02951151789361E-84,1.38777878078145E-17,-1.));
#2881=DIRECTION('',(0.707106781186547,9.8130778667736E-18,-0.707106781186548));
#2882=DIRECTION('',(-1.,-3.85185988877447E-34,2.77555756156289E-17));
#2883=DIRECTION('center_axis',(1.,-7.41841230137484E-68,-2.53794183731565E-115));
#2884=DIRECTION('ref_axis',(1.02951151789361E-84,1.38777878078145E-17,-1.));
#2885=DIRECTION('',(-1.02951151789361E-84,-1.38777878078145E-17,1.));
#2886=DIRECTION('',(7.41841230137484E-68,1.,-6.16297582203915E-33));
#2887=DIRECTION('center_axis',(7.41841230137484E-68,1.,1.38777878078145E-17));
#2888=DIRECTION('ref_axis',(-1.,7.41841230137484E-68,2.53794183731565E-115));
#2889=DIRECTION('',(-2.28597478256455E-100,-3.08148791101958E-33,-1.));
#2890=DIRECTION('',(1.,3.85185988877447E-34,-2.77555756156289E-17));
#2891=DIRECTION('',(-0.707106781186547,-9.8130778667736E-18,0.707106781186548));
#2892=DIRECTION('center_axis',(-2.28597478256455E-100,-3.08148791101958E-33,
-1.));
#2893=DIRECTION('ref_axis',(-1.,-3.85185988877447E-34,-5.34552942018439E-51));
#2894=DIRECTION('',(-2.28597478256455E-100,-3.08148791101958E-33,-1.));
#2895=DIRECTION('center_axis',(-2.77555756156289E-17,-6.16297582203915E-33,
-1.));
#2896=DIRECTION('ref_axis',(-1.,-3.85185988877447E-34,-5.34552942018439E-51));
#2897=DIRECTION('center_axis',(1.96261557335472E-17,0.707106781186546,0.707106781186549));
#2898=DIRECTION('ref_axis',(1.,0.,-2.77555756156289E-17));
#2899=DIRECTION('',(5.24560964393986E-68,0.707106781186549,-0.707106781186546));
#2900=DIRECTION('',(-1.,-3.85185988877447E-34,2.77555756156289E-17));
#2901=DIRECTION('',(-5.24560964393986E-68,-0.707106781186549,0.707106781186546));
#2902=DIRECTION('',(1.,3.85185988877447E-34,-2.77555756156289E-17));
#2903=DIRECTION('center_axis',(1.,-7.41841230137484E-68,-2.53794183731565E-115));
#2904=DIRECTION('ref_axis',(7.41841230137484E-68,1.,1.38777878078145E-17));
#2905=DIRECTION('',(-1.02951151789361E-84,-1.38777878078145E-17,1.));
#2906=DIRECTION('',(-7.41841230137484E-68,-1.,6.16297582203915E-33));
#2907=DIRECTION('center_axis',(2.77555756156289E-17,6.16297582203915E-33,
1.));
#2908=DIRECTION('ref_axis',(-1.,-3.85185988877447E-34,2.77555756156289E-17));
#2909=DIRECTION('',(7.41841230137484E-68,1.,-6.16297582203915E-33));
#2910=DIRECTION('center_axis',(-2.77555756156289E-17,-6.16297582203915E-33,
-1.));
#2911=DIRECTION('ref_axis',(-1.,7.41841230137484E-68,2.53794183731565E-115));
#2912=DIRECTION('',(1.,3.85185988877447E-34,-2.77555756156289E-17));
#2913=DIRECTION('',(7.41841230137484E-68,1.,-6.16297582203915E-33));
#2914=DIRECTION('',(-1.,-3.85185988877447E-34,2.77555756156289E-17));
#2915=DIRECTION('center_axis',(-2.77555756156289E-17,-6.16297582203915E-33,
-1.));
#2916=DIRECTION('ref_axis',(-1.,7.41841230137484E-68,2.53794183731565E-115));
#2917=DIRECTION('',(-1.,-3.85185988877447E-34,2.77555756156289E-17));
#2918=DIRECTION('',(-7.41841230137484E-68,-1.,6.16297582203915E-33));
#2919=DIRECTION('',(-0.979108269299538,0.203339609986011,0.));
#2920=DIRECTION('',(-0.917305374333079,0.398184442463099,0.));
#2921=DIRECTION('',(-0.817175080937348,0.576389527225329,0.));
#2922=DIRECTION('',(-0.682897952473338,0.73051378255836,0.));
#2923=DIRECTION('',(-0.520092021841956,0.854110232239578,0.));
#2924=DIRECTION('',(-0.3355466661349,0.942023585079351,0.));
#2925=DIRECTION('',(-0.136991505803285,0.990572222171482,0.));
#2926=DIRECTION('',(-0.0953061087568058,0.995448012521817,0.));
#2927=DIRECTION('',(-0.214607454003325,0.976700384297155,0.));
#2928=DIRECTION('',(-0.330777503203691,0.943708770423552,0.));
#2929=DIRECTION('',(-0.303225772411201,0.952918743097034,0.));
#2930=DIRECTION('',(-0.128774367480752,0.991673919330307,0.));
#2931=DIRECTION('',(-0.0497864727707756,-0.998759884621446,0.));
#2932=DIRECTION('',(-0.226755991138273,-0.973951600688093,0.));
#2933=DIRECTION('',(-0.396482775793551,-0.91804216052371,0.));
#2934=DIRECTION('',(-0.553555175942668,-0.832812504221137,0.));
#2935=DIRECTION('',(-0.692945266656943,-0.7209901923173,0.));
#2936=DIRECTION('',(-0.810207155392849,-0.586143638837979,0.));
#2937=DIRECTION('',(-0.901596957460487,-0.432577075557631,0.));
#2938=DIRECTION('',(-0.964193918487756,-0.265198204276022,0.));
#2939=DIRECTION('',(-0.996000190601871,-0.0893511069939096,0.));
#2940=DIRECTION('',(-0.996000229334571,0.0893506752379724,0.));
#2941=DIRECTION('',(-0.964193918487756,0.265198204276022,0.));
#2942=DIRECTION('',(-0.901596049623727,0.432578967707505,0.));
#2943=DIRECTION('',(-0.810208822199232,0.586141334859207,0.));
#2944=DIRECTION('',(-0.692945266656943,0.7209901923173,0.));
#2945=DIRECTION('',(-0.553551811018343,0.832814740814734,0.));
#2946=DIRECTION('',(-0.396486864670339,0.918040394614466,0.));
#2947=DIRECTION('',(-0.226755991138274,0.973951600688093,0.));
#2948=DIRECTION('',(-0.0497864727707759,0.998759884621446,0.));
#2949=DIRECTION('',(-0.128774367480752,-0.991673919330307,0.));
#2950=DIRECTION('',(-0.303225772411201,-0.952918743097034,0.));
#2951=DIRECTION('',(-0.330777503203691,-0.943708770423552,0.));
#2952=DIRECTION('',(-0.214607454003325,-0.976700384297155,0.));
#2953=DIRECTION('',(-0.0953100214371642,-0.995447637906509,0.));
#2954=DIRECTION('',(-0.136986182629639,-0.990572958326927,0.));
#2955=DIRECTION('',(-0.3355466661349,-0.942023585079351,0.));
#2956=DIRECTION('',(-0.520092021841955,-0.854110232239579,0.));
#2957=DIRECTION('',(-0.682897952473338,-0.73051378255836,0.));
#2958=DIRECTION('',(-0.817175080937348,-0.576389527225329,0.));
#2959=DIRECTION('',(-0.917305374333079,-0.398184442463099,0.));
#2960=DIRECTION('',(0.979108269299538,0.203339609986011,-2.3853872568163E-17));
#2961=DIRECTION('',(1.,1.22464679914735E-16,-2.77555756156289E-17));
#2962=DIRECTION('',(-0.996362502599496,-0.0852159809758081,0.));
#2963=DIRECTION('',(-0.967420600844932,-0.253174605876717,0.));
#2964=DIRECTION('',(-0.910377775279174,-0.413778088203981,0.));
#2965=DIRECTION('',(-0.826891982170407,-0.562360782614057,0.));
#2966=DIRECTION('',(-0.719383804127617,-0.694612800313152,0.));
#2967=DIRECTION('',(-0.590982868175101,-0.806684107642844,0.));
#2968=DIRECTION('',(-0.445409970503887,-0.895326732637715,0.));
#2969=DIRECTION('',(-0.286909149290755,-0.957957796592969,0.));
#2970=DIRECTION('',(-0.120062875704271,-0.992766289656141,0.));
#2971=DIRECTION('',(-0.0953121591596247,-0.99544743322605,0.));
#2972=DIRECTION('',(-0.2146059021823,-0.976700725272855,0.));
#2973=DIRECTION('',(-0.330778519564037,-0.943708414180473,0.));
#2974=DIRECTION('',(-0.313436300939488,-0.949609227658078,0.));
#2975=DIRECTION('center_axis',(-2.77555756156289E-17,-6.16297582203915E-33,
-1.));
#2976=DIRECTION('ref_axis',(1.,-7.41841230137484E-68,-2.53794183731565E-115));
#2977=DIRECTION('',(1.68185313608339E-101,1.,-6.16297582203915E-33));
#2978=DIRECTION('',(0.987627556218182,0.156817761106651,0.));
#2979=DIRECTION('',(0.950816794565168,0.309753810586438,0.));
#2980=DIRECTION('',(0.890477696745603,0.455026891071997,0.));
#2981=DIRECTION('',(0.808105351853315,0.589037978661844,0.));
#2982=DIRECTION('',(0.705733470158913,0.708477430196234,0.));
#2983=DIRECTION('',(0.585903130786273,0.810381096358277,0.));
#2984=DIRECTION('',(0.451570819350751,0.892235280131251,0.));
#2985=DIRECTION('',(0.30606442092737,0.952010803637435,0.));
#2986=DIRECTION('',(0.152987927658061,0.988228057682482,0.));
#2987=DIRECTION('',(-0.00387332502814792,0.999992498648478,0.));
#2988=DIRECTION('',(-0.160646119904972,0.987012068902644,0.));
#2989=DIRECTION('center_axis',(-1.02951151789361E-84,-1.38777878078145E-17,
1.));
#2990=DIRECTION('ref_axis',(-1.,1.22464679914735E-16,1.69953884180861E-33));
#2991=DIRECTION('',(-1.02951151789361E-84,-1.38777878078145E-17,1.));
#2992=DIRECTION('center_axis',(-0.707106781186549,4.35788199605262E-33,
0.707106781186546));
#2993=DIRECTION('ref_axis',(0.707106781186546,0.,0.707106781186549));
#2994=DIRECTION('',(-0.707106781186546,9.81307786677361E-18,-0.707106781186549));
#2995=DIRECTION('',(-7.41841230137484E-68,-1.,6.16297582203915E-33));
#2996=DIRECTION('',(0.707106781186546,-9.81307786677361E-18,0.707106781186549));
#2997=DIRECTION('center_axis',(-7.41841230137484E-68,-1.,-1.38777878078145E-17));
#2998=DIRECTION('ref_axis',(1.02951151789361E-84,1.38777878078145E-17,-1.));
#2999=DIRECTION('',(1.02951151789361E-84,1.38777878078145E-17,-1.));
#3000=DIRECTION('',(-1.02951151789361E-84,-1.38777878078145E-17,1.));
#3001=DIRECTION('center_axis',(1.96261557335472E-17,-0.707106781186547,
0.707106781186548));
#3002=DIRECTION('ref_axis',(1.,0.,-2.77555756156289E-17));
#3003=DIRECTION('center_axis',(0.707106781186548,4.35788199605262E-33,0.707106781186547));
#3004=DIRECTION('ref_axis',(0.707106781186547,0.,-0.707106781186548));
#3005=DIRECTION('center_axis',(-1.,1.68185313608339E-101,-1.02951151789361E-84));
#3006=DIRECTION('ref_axis',(1.02951151789361E-84,1.38777878078145E-17,-1.));
#3007=DIRECTION('',(1.02951151789361E-84,1.38777878078145E-17,-1.));
#3008=DIRECTION('center_axis',(1.02951151789361E-84,1.38777878078145E-17,
-1.));
#3009=DIRECTION('ref_axis',(-1.,7.41841230137484E-68,2.53794183731565E-115));
#3010=DIRECTION('center_axis',(-1.,7.41841230137484E-68,2.53794183731565E-115));
#3011=DIRECTION('ref_axis',(-1.02951151789361E-84,-1.38777878078145E-17,
1.));
#3012=DIRECTION('',(1.02951151789361E-84,1.38777878078145E-17,-1.));
#3013=DIRECTION('center_axis',(7.41841230137484E-68,1.,1.38777878078145E-17));
#3014=DIRECTION('ref_axis',(-1.,7.41841230137484E-68,2.53794183731565E-115));
#3015=DIRECTION('',(-1.02951151789361E-84,-1.38777878078145E-17,1.));
#3016=DIRECTION('center_axis',(1.02951151789361E-84,1.38777878078145E-17,
-1.));
#3017=DIRECTION('ref_axis',(-1.,7.41841230137484E-68,2.53794183731565E-115));
#3018=DIRECTION('',(1.02951151789361E-84,1.38777878078145E-17,-1.));
#3019=DIRECTION('center_axis',(-1.,7.41841230137484E-68,2.53794183731565E-115));
#3020=DIRECTION('ref_axis',(-7.41841230137484E-68,-1.,-1.38777878078145E-17));
#3021=DIRECTION('',(1.02951151789361E-84,1.38777878078145E-17,-1.));
#3022=DIRECTION('center_axis',(-7.41841230137484E-68,-1.,-1.38777878078145E-17));
#3023=DIRECTION('ref_axis',(1.02951151789361E-84,1.38777878078145E-17,-1.));
#3024=DIRECTION('center_axis',(-0.156817761106651,0.987627556218182,1.37060856583463E-17));
#3025=DIRECTION('ref_axis',(0.987627556218182,0.156817761106651,-2.52358877035579E-17));
#3026=DIRECTION('',(1.0295115178936E-84,1.38777878078145E-17,-1.));
#3027=DIRECTION('center_axis',(0.203339609986011,0.979108269299538,0.));
#3028=DIRECTION('ref_axis',(-5.34552942018439E-51,0.,-1.));
#3029=DIRECTION('',(5.34552942018439E-51,0.,1.));
#3030=DIRECTION('',(0.979108269299538,-0.203339609986011,-2.82190396030961E-18));
#3031=DIRECTION('',(5.34552942018439E-51,0.,1.));
#3032=DIRECTION('center_axis',(-1.22464679914735E-16,1.,0.));
#3033=DIRECTION('ref_axis',(-5.34552942018439E-51,0.,-1.));
#3034=DIRECTION('',(5.34552942018439E-51,0.,1.));
#3035=DIRECTION('',(1.,1.22464679914735E-16,1.69953884180861E-33));
#3036=DIRECTION('center_axis',(-0.203339609986011,0.979108269299538,0.));
#3037=DIRECTION('ref_axis',(-5.34552942018439E-51,0.,-1.));
#3038=DIRECTION('',(5.34552942018439E-51,0.,1.));
#3039=DIRECTION('',(0.979108269299538,0.203339609986011,2.82190396030961E-18));
#3040=DIRECTION('center_axis',(-5.3455294201844E-51,1.38777878078145E-17,
1.));
#3041=DIRECTION('ref_axis',(-1.,-3.85185988877447E-34,0.));
#3042=DIRECTION('',(5.3455294201844E-51,-1.38777878078145E-17,-1.));
#3043=DIRECTION('center_axis',(0.943708414180473,-0.330778519564037,-4.59047410589271E-18));
#3044=DIRECTION('ref_axis',(-0.330778519564037,-0.943708414180473,-3.91563691266025E-18));
#3045=DIRECTION('',(1.0295115178936E-84,1.38777878078145E-17,-1.));
#3046=DIRECTION('',(-1.0295115178936E-84,-1.38777878078145E-17,1.));
#3047=DIRECTION('center_axis',(0.949609227658078,-0.313436300939488,-4.34980247570448E-18));
#3048=DIRECTION('ref_axis',(-0.313436300939488,-0.949609227658078,-4.4788704103724E-18));
#3049=DIRECTION('center_axis',(0.976700725272855,-0.2146059021823,-2.97825517279054E-18));
#3050=DIRECTION('ref_axis',(-0.2146059021823,-0.976700725272855,-7.59793507149407E-18));
#3051=DIRECTION('',(1.0295115178936E-84,1.38777878078145E-17,-1.));
#3052=DIRECTION('center_axis',(0.99544743322605,-0.0953121591596247,-1.32272192032191E-18));
#3053=DIRECTION('ref_axis',(-0.0953121591596247,-0.99544743322605,-1.11691644115008E-17));
#3054=DIRECTION('',(1.0295115178936E-84,1.38777878078145E-17,-1.));
#3055=DIRECTION('center_axis',(0.992766289656141,-0.120062875704271,-1.66620711261987E-18));
#3056=DIRECTION('ref_axis',(-0.120062875704271,-0.992766289656141,-1.04449856853594E-17));
#3057=DIRECTION('',(1.0295115178936E-84,1.38777878078145E-17,-1.));
#3058=DIRECTION('center_axis',(0.957957796592969,-0.286909149290755,-3.98166429397766E-18));
#3059=DIRECTION('ref_axis',(-0.286909149290755,-0.957957796592969,-5.33100644200338E-18));
#3060=DIRECTION('',(1.0295115178936E-84,1.38777878078145E-17,-1.));
#3061=DIRECTION('center_axis',(0.895326732637715,-0.445409970503887,-6.18130505813784E-18));
#3062=DIRECTION('ref_axis',(-0.445409970503887,-0.895326732637715,-6.25442979343547E-20));
#3063=DIRECTION('',(1.0295115178936E-84,1.38777878078145E-17,-1.));
#3064=DIRECTION('center_axis',(0.806684107642844,-0.590982868175101,-8.20153484258763E-18));
#3065=DIRECTION('ref_axis',(-0.590982868175101,-0.806684107642844,5.20807881137172E-18));
#3066=DIRECTION('',(1.0295115178936E-84,1.38777878078145E-17,-1.));
#3067=DIRECTION('center_axis',(0.694612800313152,-0.719383804127617,-9.98345578606143E-18));
#3068=DIRECTION('ref_axis',(-0.719383804127617,-0.694612800313152,1.03272225207851E-17));
#3069=DIRECTION('',(1.0295115178936E-84,1.38777878078145E-17,-1.));
#3070=DIRECTION('center_axis',(0.562360782614057,-0.826891982170407,-1.1475431468544E-17));
#3071=DIRECTION('ref_axis',(-0.826891982170407,-0.562360782614057,1.51465393245337E-17));
#3072=DIRECTION('',(1.0295115178936E-84,1.38777878078145E-17,-1.));
#3073=DIRECTION('center_axis',(0.413778088203981,-0.910377775279174,-1.26340295902746E-17));
#3074=DIRECTION('ref_axis',(-0.910377775279174,-0.413778088203981,1.95257346729312E-17));
#3075=DIRECTION('',(1.0295115178936E-84,1.38777878078145E-17,-1.));
#3076=DIRECTION('center_axis',(0.253174605876717,-0.967420600844932,-1.34256578194343E-17));
#3077=DIRECTION('ref_axis',(-0.967420600844932,-0.253174605876717,2.33378121801845E-17));
#3078=DIRECTION('',(1.0295115178936E-84,1.38777878078145E-17,-1.));
#3079=DIRECTION('center_axis',(0.0852159809758081,-0.996362502599496,-1.38273073907388E-17));
#3080=DIRECTION('ref_axis',(-0.996362502599496,-0.0852159809758081,2.64720054796606E-17));
#3081=DIRECTION('center_axis',(-0.309753810586438,0.950816794565168,1.31952337190817E-17));
#3082=DIRECTION('ref_axis',(0.950816794565168,0.309753810586438,-2.20917697821829E-17));
#3083=DIRECTION('',(1.0295115178936E-84,1.38777878078145E-17,-1.));
#3084=DIRECTION('center_axis',(-0.455026891071997,0.890477696745603,1.23578605230268E-17));
#3085=DIRECTION('ref_axis',(0.890477696745603,0.455026891071997,-1.8400954404907E-17));
#3086=DIRECTION('',(1.0295115178936E-84,1.38777878078145E-17,-1.));
#3087=DIRECTION('center_axis',(-0.589037978661844,0.808105351853315,1.12147145993795E-17));
#3088=DIRECTION('ref_axis',(0.808105351853315,0.589037978661844,-1.42548851201461E-17));
#3089=DIRECTION('',(1.0295115178936E-84,1.38777878078145E-17,-1.));
#3090=DIRECTION('center_axis',(-0.708477430196234,0.705733470158913,9.79401934773794E-18));
#3091=DIRECTION('ref_axis',(0.705733470158913,0.708477430196234,-9.75593925258688E-18));
#3092=DIRECTION('',(1.0295115178936E-84,1.38777878078145E-17,-1.));
#3093=DIRECTION('center_axis',(-0.810381096358277,0.585903130786273,8.13103932498606E-18));
#3094=DIRECTION('ref_axis',(0.585903130786273,0.810381096358277,-5.01578175124792E-18));
#3095=DIRECTION('',(1.0295115178936E-84,1.38777878078145E-17,-1.));
#3096=DIRECTION('center_axis',(-0.89223528013125,0.451570819350751,6.26680401115064E-18));
#3097=DIRECTION('ref_axis',(0.451570819350751,0.892235280131251,-1.51356129993909E-19));
#3098=DIRECTION('',(1.0295115178936E-84,1.38777878078145E-17,-1.));
#3099=DIRECTION('center_axis',(-0.952010803637435,0.30606442092737,4.24749708915164E-18));
#3100=DIRECTION('ref_axis',(0.30606442092737,0.952010803637435,4.71680974532394E-18));
#3101=DIRECTION('',(1.0295115178936E-84,1.38777878078145E-17,-1.));
#3102=DIRECTION('center_axis',(-0.988228057682482,0.152987927658061,2.12313399719584E-18));
#3103=DIRECTION('ref_axis',(0.152987927658061,0.988228057682482,9.46815129585443E-18));
#3104=DIRECTION('',(1.0295115178936E-84,1.38777878078145E-17,-1.));
#3105=DIRECTION('center_axis',(-0.999992498648478,-0.00387332502814792,
-5.37531828513338E-20));
#3106=DIRECTION('ref_axis',(-0.00387332502814792,0.999992498648478,1.39851900713524E-17));
#3107=DIRECTION('',(1.0295115178936E-84,1.38777878078145E-17,-1.));
#3108=DIRECTION('center_axis',(-0.987012068902644,-0.160646119904972,-2.22941276418992E-18));
#3109=DIRECTION('ref_axis',(-0.160646119904972,0.987012068902644,1.81563695843627E-17));
#3110=DIRECTION('center_axis',(0.990572222171482,0.136991505803285,0.));
#3111=DIRECTION('ref_axis',(5.34552942018439E-51,0.,1.));
#3112=DIRECTION('',(-1.0295115178936E-84,-1.38777878078145E-17,1.));
#3113=DIRECTION('',(5.34552942018439E-51,0.,1.));
#3114=DIRECTION('',(0.136991505803285,-0.990572222171482,-1.37469511076111E-17));
#3115=DIRECTION('center_axis',(0.942023585079351,0.3355466661349,0.));
#3116=DIRECTION('ref_axis',(5.34552942018439E-51,0.,1.));
#3117=DIRECTION('',(5.34552942018439E-51,0.,1.));
#3118=DIRECTION('',(0.3355466661349,-0.942023585079351,-1.30732034236879E-17));
#3119=DIRECTION('center_axis',(0.854110232239578,0.520092021841956,0.));
#3120=DIRECTION('ref_axis',(5.34552942018439E-51,0.,1.));
#3121=DIRECTION('',(5.34552942018439E-51,0.,1.));
#3122=DIRECTION('',(0.520092021841956,-0.854110232239578,-1.1853160567504E-17));
#3123=DIRECTION('center_axis',(0.73051378255836,0.682897952473338,0.));
#3124=DIRECTION('ref_axis',(5.34552942018439E-51,0.,1.));
#3125=DIRECTION('',(5.34552942018439E-51,0.,1.));
#3126=DIRECTION('',(0.682897952473338,-0.73051378255836,-1.01379152650288E-17));
#3127=DIRECTION('center_axis',(0.576389527225329,0.817175080937348,0.));
#3128=DIRECTION('ref_axis',(5.34552942018439E-51,0.,1.));
#3129=DIRECTION('',(5.34552942018439E-51,0.,1.));
#3130=DIRECTION('',(0.817175080937348,-0.576389527225329,-7.99901155347961E-18));
#3131=DIRECTION('center_axis',(0.398184442463099,0.91730537433308,0.));
#3132=DIRECTION('ref_axis',(-5.34552942018439E-51,0.,-1.));
#3133=DIRECTION('',(0.91730537433308,-0.398184442463099,-5.52591920087579E-18));
#3134=DIRECTION('center_axis',(-0.398184442463099,0.917305374333079,0.));
#3135=DIRECTION('ref_axis',(-5.34552942018439E-51,0.,-1.));
#3136=DIRECTION('',(5.34552942018439E-51,0.,1.));
#3137=DIRECTION('',(0.917305374333079,0.398184442463099,5.52591920087579E-18));
#3138=DIRECTION('center_axis',(-0.576389527225329,0.817175080937348,0.));
#3139=DIRECTION('ref_axis',(-5.34552942018439E-51,0.,-1.));
#3140=DIRECTION('',(5.34552942018439E-51,0.,1.));
#3141=DIRECTION('',(0.817175080937348,0.576389527225329,7.99901155347961E-18));
#3142=DIRECTION('center_axis',(-0.73051378255836,0.682897952473338,0.));
#3143=DIRECTION('ref_axis',(-5.34552942018439E-51,0.,-1.));
#3144=DIRECTION('',(5.34552942018439E-51,0.,1.));
#3145=DIRECTION('',(0.682897952473338,0.73051378255836,1.01379152650288E-17));
#3146=DIRECTION('center_axis',(-0.854110232239579,0.520092021841955,0.));
#3147=DIRECTION('ref_axis',(-5.34552942018439E-51,0.,-1.));
#3148=DIRECTION('',(5.34552942018439E-51,0.,1.));
#3149=DIRECTION('',(0.520092021841955,0.854110232239579,1.1853160567504E-17));
#3150=DIRECTION('center_axis',(-0.942023585079351,0.3355466661349,0.));
#3151=DIRECTION('ref_axis',(-5.34552942018439E-51,0.,-1.));
#3152=DIRECTION('',(5.34552942018439E-51,0.,1.));
#3153=DIRECTION('',(0.3355466661349,0.942023585079351,1.30732034236879E-17));
#3154=DIRECTION('center_axis',(-0.990572958326927,0.136986182629639,0.));
#3155=DIRECTION('ref_axis',(-5.34552942018439E-51,0.,-1.));
#3156=DIRECTION('',(5.34552942018439E-51,0.,1.));
#3157=DIRECTION('',(0.136986182629639,0.990572958326927,1.37469613238201E-17));
#3158=DIRECTION('center_axis',(-0.995447637906509,0.0953100214371643,0.));
#3159=DIRECTION('ref_axis',(-5.34552942018439E-51,0.,-1.));
#3160=DIRECTION('',(5.34552942018439E-51,0.,1.));
#3161=DIRECTION('',(0.0953100214371642,0.995447637906509,1.38146110926566E-17));
#3162=DIRECTION('center_axis',(-0.976700384297155,0.214607454003325,0.));
#3163=DIRECTION('ref_axis',(-5.34552942018439E-51,0.,-1.));
#3164=DIRECTION('',(5.34552942018439E-51,0.,1.));
#3165=DIRECTION('',(0.214607454003325,0.976700384297155,1.35544406850868E-17));
#3166=DIRECTION('center_axis',(-0.943708770423552,0.330777503203691,0.));
#3167=DIRECTION('ref_axis',(-5.34552942018439E-51,0.,-1.));
#3168=DIRECTION('',(5.34552942018439E-51,0.,1.));
#3169=DIRECTION('',(0.330777503203691,0.943708770423552,1.30965900683115E-17));
#3170=DIRECTION('center_axis',(0.943708770423552,0.330777503203691,0.));
#3171=DIRECTION('ref_axis',(5.34552942018439E-51,0.,1.));
#3172=DIRECTION('',(-1.0295115178936E-84,-1.38777878078145E-17,1.));
#3173=DIRECTION('',(5.34552942018439E-51,0.,1.));
#3174=DIRECTION('',(0.330777503203691,-0.943708770423552,-1.30965900683115E-17));
#3175=DIRECTION('center_axis',(0.976700384297155,0.214607454003325,0.));
#3176=DIRECTION('ref_axis',(5.34552942018439E-51,0.,1.));
#3177=DIRECTION('',(5.34552942018439E-51,0.,1.));
#3178=DIRECTION('',(0.214607454003325,-0.976700384297155,-1.35544406850868E-17));
#3179=DIRECTION('center_axis',(0.995448012521817,0.0953061087568058,0.));
#3180=DIRECTION('ref_axis',(5.34552942018439E-51,0.,1.));
#3181=DIRECTION('',(0.0953061087568058,-0.995448012521817,-1.38146162914884E-17));
#3182=DIRECTION('center_axis',(-0.952918743097034,0.303225772411201,0.));
#3183=DIRECTION('ref_axis',(-5.34552942018439E-51,0.,-1.));
#3184=DIRECTION('',(5.34552942018439E-51,0.,1.));
#3185=DIRECTION('',(0.303225772411201,0.952918743097034,1.32244041147899E-17));
#3186=DIRECTION('center_axis',(-0.991673919330307,0.128774367480752,0.));
#3187=DIRECTION('ref_axis',(-5.34552942018439E-51,0.,-1.));
#3188=DIRECTION('',(5.34552942018439E-51,0.,1.));
#3189=DIRECTION('',(0.128774367480752,0.991673919330307,1.37622402270097E-17));
#3190=DIRECTION('center_axis',(-0.998759884621446,-0.0497864727707759,0.));
#3191=DIRECTION('ref_axis',(-5.34552942018439E-51,0.,-1.));
#3192=DIRECTION('',(5.34552942018439E-51,0.,1.));
#3193=DIRECTION('',(-0.0497864727707759,0.998759884621446,1.38605777497337E-17));
#3194=DIRECTION('center_axis',(-0.973951600688093,-0.226755991138274,0.));
#3195=DIRECTION('ref_axis',(-5.34552942018439E-51,0.,-1.));
#3196=DIRECTION('',(5.34552942018439E-51,0.,1.));
#3197=DIRECTION('',(-0.226755991138274,0.973951600688093,1.35162936494306E-17));
#3198=DIRECTION('center_axis',(-0.918040394614466,-0.396486864670339,0.));
#3199=DIRECTION('ref_axis',(-5.34552942018439E-51,0.,-1.));
#3200=DIRECTION('',(5.34552942018439E-51,0.,1.));
#3201=DIRECTION('',(-0.396486864670339,0.918040394614466,1.27403697954618E-17));
#3202=DIRECTION('center_axis',(-0.832814740814734,-0.553551811018343,0.));
#3203=DIRECTION('ref_axis',(-5.34552942018439E-51,0.,-1.));
#3204=DIRECTION('',(5.34552942018439E-51,0.,1.));
#3205=DIRECTION('',(-0.553551811018343,0.832814740814734,1.15576262562469E-17));
#3206=DIRECTION('center_axis',(-0.7209901923173,-0.692945266656943,0.));
#3207=DIRECTION('ref_axis',(-5.34552942018439E-51,0.,-1.));
#3208=DIRECTION('',(5.34552942018439E-51,0.,1.));
#3209=DIRECTION('',(-0.692945266656943,0.7209901923173,1.00057489004948E-17));
#3210=DIRECTION('center_axis',(-0.586141334859207,-0.810208822199232,0.));
#3211=DIRECTION('ref_axis',(-5.34552942018439E-51,0.,-1.));
#3212=DIRECTION('',(5.34552942018439E-51,0.,1.));
#3213=DIRECTION('',(-0.810208822199232,0.586141334859207,8.13434507056519E-18));
#3214=DIRECTION('center_axis',(-0.432578967707505,-0.901596049623727,0.));
#3215=DIRECTION('ref_axis',(5.34552942018439E-51,0.,1.));
#3216=DIRECTION('',(5.34552942018439E-51,0.,1.));
#3217=DIRECTION('',(-0.901596049623727,0.432578967707505,6.00323912396818E-18));
#3218=DIRECTION('center_axis',(-0.265198204276022,-0.964193918487756,0.));
#3219=DIRECTION('ref_axis',(5.34552942018439E-51,0.,1.));
#3220=DIRECTION('',(5.34552942018439E-51,0.,1.));
#3221=DIRECTION('',(-0.964193918487756,0.265198204276022,3.68036440595606E-18));
#3222=DIRECTION('center_axis',(-0.0893506752379724,-0.996000229334571,0.));
#3223=DIRECTION('ref_axis',(5.34552942018439E-51,0.,1.));
#3224=DIRECTION('',(5.34552942018439E-51,0.,1.));
#3225=DIRECTION('',(-0.996000229334571,0.0893506752379724,1.23998971143752E-18));
#3226=DIRECTION('center_axis',(0.0893511069939096,-0.996000190601871,0.));
#3227=DIRECTION('ref_axis',(5.34552942018439E-51,0.,1.));
#3228=DIRECTION('',(5.34552942018439E-51,0.,1.));
#3229=DIRECTION('',(-0.996000190601871,-0.0893511069939096,-1.2399957032548E-18));
#3230=DIRECTION('center_axis',(0.265198204276022,-0.964193918487756,0.));
#3231=DIRECTION('ref_axis',(5.34552942018439E-51,0.,1.));
#3232=DIRECTION('',(5.34552942018439E-51,0.,1.));
#3233=DIRECTION('',(-0.964193918487756,-0.265198204276022,-3.68036440595606E-18));
#3234=DIRECTION('center_axis',(0.432577075557631,-0.901596957460487,0.));
#3235=DIRECTION('ref_axis',(5.34552942018439E-51,0.,1.));
#3236=DIRECTION('',(5.34552942018439E-51,0.,1.));
#3237=DIRECTION('',(-0.901596957460487,-0.432577075557631,-6.00321286511372E-18));
#3238=DIRECTION('center_axis',(0.586143638837979,-0.810207155392849,0.));
#3239=DIRECTION('ref_axis',(5.34552942018439E-51,0.,1.));
#3240=DIRECTION('',(5.34552942018439E-51,0.,1.));
#3241=DIRECTION('',(-0.810207155392849,-0.586143638837979,-8.13437704469371E-18));
#3242=DIRECTION('center_axis',(0.7209901923173,-0.692945266656943,0.));
#3243=DIRECTION('ref_axis',(5.34552942018439E-51,0.,1.));
#3244=DIRECTION('',(5.34552942018439E-51,0.,1.));
#3245=DIRECTION('',(-0.692945266656943,-0.7209901923173,-1.00057489004948E-17));
#3246=DIRECTION('center_axis',(0.832812504221137,-0.553555175942668,0.));
#3247=DIRECTION('ref_axis',(5.34552942018439E-51,0.,1.));
#3248=DIRECTION('',(5.34552942018439E-51,0.,1.));
#3249=DIRECTION('',(-0.553555175942668,-0.832812504221137,-1.15575952172755E-17));
#3250=DIRECTION('center_axis',(0.91804216052371,-0.396482775793551,0.));
#3251=DIRECTION('ref_axis',(5.34552942018439E-51,0.,1.));
#3252=DIRECTION('',(5.34552942018439E-51,0.,1.));
#3253=DIRECTION('',(-0.396482775793551,-0.91804216052371,-1.27403943023756E-17));
#3254=DIRECTION('center_axis',(0.973951600688093,-0.226755991138273,0.));
#3255=DIRECTION('ref_axis',(5.34552942018439E-51,0.,1.));
#3256=DIRECTION('',(5.34552942018439E-51,0.,1.));
#3257=DIRECTION('',(-0.226755991138273,-0.973951600688093,-1.35162936494306E-17));
#3258=DIRECTION('center_axis',(0.998759884621446,-0.0497864727707756,0.));
#3259=DIRECTION('ref_axis',(5.34552942018439E-51,0.,1.));
#3260=DIRECTION('',(5.34552942018439E-51,0.,1.));
#3261=DIRECTION('',(-0.0497864727707756,-0.998759884621446,-1.38605777497337E-17));
#3262=DIRECTION('center_axis',(0.991673919330307,0.128774367480752,0.));
#3263=DIRECTION('ref_axis',(5.34552942018439E-51,0.,1.));
#3264=DIRECTION('',(5.34552942018439E-51,0.,1.));
#3265=DIRECTION('',(0.128774367480752,-0.991673919330307,-1.37622402270097E-17));
#3266=DIRECTION('center_axis',(0.952918743097034,0.303225772411201,0.));
#3267=DIRECTION('ref_axis',(5.34552942018439E-51,0.,1.));
#3268=DIRECTION('',(0.303225772411201,-0.952918743097034,-1.32244041147899E-17));
#3269=DIRECTION('center_axis',(-1.02951151789361E-84,-1.38777878078145E-17,
1.));
#3270=DIRECTION('ref_axis',(1.,-7.41841230137484E-68,-2.53794183731565E-115));
#3271=CARTESIAN_POINT('',(0.,0.,0.));
#3272=CARTESIAN_POINT('Origin',(-23.7669385409165,-1.37798270814723,-5.43703377072459));
#3273=CARTESIAN_POINT('',(-22.227,-2.0478672981262,-5.43703377072459));
#3274=CARTESIAN_POINT('Origin',(-23.727,-2.0478672981262,-5.43703377072459));
#3275=CARTESIAN_POINT('Origin',(-33.2066864234933,6.95462845309636,-2.94999957084656));
#3276=CARTESIAN_POINT('',(-21.2169385409165,15.9525172918528,-2.94999957084656));
#3277=CARTESIAN_POINT('',(-26.2169385409165,15.9525172918528,-2.94999957084656));
#3278=CARTESIAN_POINT('',(-27.2118124822049,15.9525172918528,-2.94999957084656));
#3279=CARTESIAN_POINT('',(-21.2169385409165,14.3127131810511,-2.94999957084656));
#3280=CARTESIAN_POINT('',(-21.2169385409165,7.87307287247456,-2.94999957084656));
#3281=CARTESIAN_POINT('',(-6.95770645558979,0.0415172918527684,-2.94999957084656));
#3282=CARTESIAN_POINT('Origin',(-23.7674273393633,-2.49487459617019,-2.94999957084656));
#3283=CARTESIAN_POINT('',(-1.51693854091651,0.0415172918527684,-2.94999957084656));
#3284=CARTESIAN_POINT('',(-17.8618124822049,0.0415172918527684,-2.94999957084656));
#3285=CARTESIAN_POINT('',(-1.51693854091651,-5.05848270814723,-2.94999957084656));
#3286=CARTESIAN_POINT('',(-1.51693854091651,0.998072872474565,-2.94999957084656));
#3287=CARTESIAN_POINT('',(-6.96183560779356,-5.05848270814723,-2.94999957084656));
#3288=CARTESIAN_POINT('',(-22.8618124822049,-5.05848270814723,-2.94999957084656));
#3289=CARTESIAN_POINT('',(-21.2169385409165,-19.3024623733915,-2.94999957084656));
#3290=CARTESIAN_POINT('Origin',(-23.7674273393633,-2.49487459617019,-2.94999957084656));
#3291=CARTESIAN_POINT('',(-21.2169385409165,-24.7084827081472,-2.94999957084656));
#3292=CARTESIAN_POINT('',(-21.2169385409165,-8.37692712752544,-2.94999957084656));
#3293=CARTESIAN_POINT('',(-26.2169385409165,-24.7084827081472,-2.94999957084656));
#3294=CARTESIAN_POINT('',(-29.7118124822049,-24.7084827081472,-2.94999957084656));
#3295=CARTESIAN_POINT('',(-26.2169385409165,-19.3174753128687,-2.94999957084656));
#3296=CARTESIAN_POINT('',(-26.2169385409165,-3.37692712752544,-2.94999957084656));
#3297=CARTESIAN_POINT('',(-40.5730190709331,-5.05848270814723,-2.94999957084656));
#3298=CARTESIAN_POINT('Origin',(-23.7674273393633,-2.49487459617019,-2.94999957084656));
#3299=CARTESIAN_POINT('',(-46.0169385409165,-5.05848270814723,-2.94999957084656));
#3300=CARTESIAN_POINT('',(-39.1118124822049,-5.05848270814723,-2.94999957084656));
#3301=CARTESIAN_POINT('',(-46.0169385409165,0.0415172918527684,-2.94999957084656));
#3302=CARTESIAN_POINT('',(-46.0169385409165,3.49807287247456,-2.94999957084656));
#3303=CARTESIAN_POINT('',(-40.5771482231368,0.0415172918527684,-2.94999957084656));
#3304=CARTESIAN_POINT('',(-34.1118124822049,0.0415172918527684,-2.94999957084656));
#3305=CARTESIAN_POINT('',(-26.2169385409165,14.3277261205283,-2.94999957084656));
#3306=CARTESIAN_POINT('Origin',(-23.7674273393633,-2.49487459617019,-2.94999957084656));
#3307=CARTESIAN_POINT('',(-26.2169385409165,12.8730728724746,-2.94999957084656));
#3308=CARTESIAN_POINT('',(-23.5086775278855,6.00118616956474,-2.94999957084656));
#3309=CARTESIAN_POINT('',(-23.5086775278855,-10.9909353619051,-2.94999957084656));
#3310=CARTESIAN_POINT('Origin',(-23.7674273393633,-2.49487459617019,-2.94999957084656));
#3311=CARTESIAN_POINT('',(-23.5086775278855,1.02453127031151,-2.94999957084656));
#3312=CARTESIAN_POINT('',(-23.5086775278855,6.47790731133055,-2.94999957084656));
#3313=CARTESIAN_POINT('',(-22.9649379745202,0.93819542907162,-2.94999957084656));
#3314=CARTESIAN_POINT('',(-28.6998379719823,1.84879207896236,-2.94999957084656));
#3315=CARTESIAN_POINT('',(-22.4372623458581,0.766291085704995,-2.94999957084656));
#3316=CARTESIAN_POINT('',(-28.4804548085643,2.73502144904126,-2.94999957084656));
#3317=CARTESIAN_POINT('',(-21.9430734649377,0.513764569982722,-2.94999957084656));
#3318=CARTESIAN_POINT('',(-27.9608028272549,3.58877553663039,-2.94999957084656));
#3319=CARTESIAN_POINT('',(-21.4946005836205,0.186865440830424,-2.94999957084656));
#3320=CARTESIAN_POINT('',(-27.1537660666839,4.31192259636873,-2.94999957084656));
#3321=CARTESIAN_POINT('',(-21.1029374137597,-0.206318207755849,-2.94999957084656));
#3322=CARTESIAN_POINT('',(-26.1032052646905,4.8133612230065,-2.94999957084656));
#3323=CARTESIAN_POINT('',(-20.7777781024651,-0.656056304946706,-2.94999957084656));
#3324=CARTESIAN_POINT('',(-24.8804658948503,5.01850055694802,-2.94999957084656));
#3325=CARTESIAN_POINT('',(-20.5271695628838,-1.15122067548351,-2.94999957084656));
#3326=CARTESIAN_POINT('',(-23.5782066771736,4.87716476862709,-2.94999957084656));
#3327=CARTESIAN_POINT('',(-20.3573128715234,-1.67955848343687,-2.94999957084656));
#3328=CARTESIAN_POINT('',(-22.3019766811988,4.36930191871058,-2.94999957084656));
#3329=CARTESIAN_POINT('',(-20.2724090591149,-2.22799606874602,-2.94999957084656));
#3330=CARTESIAN_POINT('',(-21.1603728802486,3.50782097044228,-2.94999957084656));
#3331=CARTESIAN_POINT('',(-20.2745609775262,-2.782962607518,-2.94999957084656));
#3332=CARTESIAN_POINT('',(-20.2547034537323,2.33817079179225,-2.94999957084656));
#3333=CARTESIAN_POINT('',(-20.3637125507073,-3.33072550959902,-2.94999957084656));
#3334=CARTESIAN_POINT('',(-19.6694479024841,0.934958257419386,-2.94999957084656));
#3335=CARTESIAN_POINT('',(-20.5376604572015,-3.85773063518123,-2.94999957084656));
#3336=CARTESIAN_POINT('',(-19.4638976105742,-0.604581257086516,-2.94999957084656));
#3337=CARTESIAN_POINT('',(-20.7001197829919,-4.32122576452808,-2.94999957084656));
#3338=CARTESIAN_POINT('',(-19.5431628316493,-1.02043703354995,-2.94999957084656));
#3339=CARTESIAN_POINT('',(-20.805521728106,-4.80092438973503,-2.94999957084656));
#3340=CARTESIAN_POINT('',(-19.8063771959515,-0.25368137691838,-2.94999957084656));
#3341=CARTESIAN_POINT('',(-20.8523335471825,-5.2898305854948,-2.94999957084656));
#3342=CARTESIAN_POINT('',(-20.3041772394193,0.435155548286163,-2.94999957084656));
#3343=CARTESIAN_POINT('',(-20.9124938026147,-5.78727888681011,-2.94999957084656));
#3344=CARTESIAN_POINT('',(-20.2116428018818,0.00786173028731615,-2.94999957084656));
#3345=CARTESIAN_POINT('',(-21.0562564387994,-6.26728636838512,-2.94999957084656));
#3346=CARTESIAN_POINT('',(-19.6674668797334,-1.63027221521882,-2.94999957084656));
#3347=CARTESIAN_POINT('',(-21.279439117022,-6.71590995408611,-2.94999957084656));
#3348=CARTESIAN_POINT('',(-19.6251517236971,-3.3905965915815,-2.94999957084656));
#3349=CARTESIAN_POINT('',(-21.5755650535302,-7.12011809565143,-2.94999957084656));
#3350=CARTESIAN_POINT('',(-20.1036765574751,-5.11100899633624,-2.94999957084656));
#3351=CARTESIAN_POINT('',(-21.936028911181,-7.46816987015324,-2.94999957084656));
#3352=CARTESIAN_POINT('',(-21.0686660837002,-6.6306735030859,-2.94999957084656));
#3353=CARTESIAN_POINT('',(-22.3503631606774,-7.74995435692387,-2.94999957084656));
#3354=CARTESIAN_POINT('',(-22.4358024988694,-7.80806077726375,-2.94999957084656));
#3355=CARTESIAN_POINT('',(-22.8065301433282,-7.95728795744495,-2.94999957084656));
#3356=CARTESIAN_POINT('',(-24.0795899017662,-8.53590954435089,-2.94999957084656));
#3357=CARTESIAN_POINT('',(-23.2912772193627,-8.08414658524113,-2.94999957084656));
#3358=CARTESIAN_POINT('',(-25.8471364184207,-8.75301661429853,-2.94999957084656));
#3359=CARTESIAN_POINT('',(-23.5086775278855,-8.10274020002177,-2.94999957084656));
#3360=CARTESIAN_POINT('',(-27.574538966175,-8.45048147899564,-2.94999957084656));
#3361=CARTESIAN_POINT('',(-23.5086775278855,6.47790731133055,-2.94999957084656));
#3362=CARTESIAN_POINT('',(-24.0786775278855,-8.10220156722162,-2.94999957084656));
#3363=CARTESIAN_POINT('',(-24.0786775278855,-10.989174056405,-2.94999957084656));
#3364=CARTESIAN_POINT('',(-24.0786775278855,6.47790731133055,-2.94999957084656));
#3365=CARTESIAN_POINT('',(-24.2897790446954,-8.08414658524113,-2.94999957084656));
#3366=CARTESIAN_POINT('',(-29.1046754470442,-7.67234060157945,-2.94999957084656));
#3367=CARTESIAN_POINT('',(-24.774528457232,-7.95728795744495,-2.94999957084656));
#3368=CARTESIAN_POINT('',(-30.3041483522131,-6.51018977853024,-2.94999957084656));
#3369=CARTESIAN_POINT('',(-25.2306931033807,-7.74995435692387,-2.94999957084656));
#3370=CARTESIAN_POINT('',(-31.0773836845209,-5.09254673106977,-2.94999957084656));
#3371=CARTESIAN_POINT('',(-25.6450273528771,-7.46816987015324,-2.94999957084656));
#3372=CARTESIAN_POINT('',(-31.3763881695578,-3.5703299783548,-2.94999957084656));
#3373=CARTESIAN_POINT('',(-26.0054912105279,-7.12011809565143,-2.94999957084656));
#3374=CARTESIAN_POINT('',(-31.205143120181,-2.09950913435066,-2.94999957084656));
#3375=CARTESIAN_POINT('',(-26.3016171470361,-6.71590995408611,-2.94999957084656));
#3376=CARTESIAN_POINT('',(-30.6180112498109,-0.824086836127112,-2.94999957084656));
#3377=CARTESIAN_POINT('',(-26.5248021617608,-6.26728636838512,-2.94999957084656));
#3378=CARTESIAN_POINT('',(-29.7124139485301,0.140123337714243,-2.94999957084656));
#3379=CARTESIAN_POINT('',(-26.6685624614434,-5.78727888681011,-2.94999957084656));
#3380=CARTESIAN_POINT('',(-28.6167860172559,0.717728995305201,-2.94999957084656));
#3381=CARTESIAN_POINT('',(-26.7287250533776,-5.2898305854948,-2.94999957084656));
#3382=CARTESIAN_POINT('',(-27.475100392707,0.881498354240315,-2.94999957084656));
#3383=CARTESIAN_POINT('',(-26.7755345359521,-4.80092438973503,-2.94999957084656));
#3384=CARTESIAN_POINT('',(-27.3389842853345,1.08408134674468,-2.94999957084656));
#3385=CARTESIAN_POINT('',(-26.8809364810662,-4.32122576452808,-2.94999957084656));
#3386=CARTESIAN_POINT('',(-28.1556457934285,1.48015014002994,-2.94999957084656));
#3387=CARTESIAN_POINT('',(-27.0433958068566,-3.85773063518123,-2.94999957084656));
#3388=CARTESIAN_POINT('',(-28.9869273523946,1.68714898749431,-2.94999957084656));
#3389=CARTESIAN_POINT('',(-27.2173437133508,-3.33072550959902,-2.94999957084656));
#3390=CARTESIAN_POINT('',(-28.9552498868109,1.93456040072785,-2.94999957084656));
#3391=CARTESIAN_POINT('',(-27.306497623034,-2.782962607518,-2.94999957084656));
#3392=CARTESIAN_POINT('',(-28.1100488329723,2.15406757198206,-2.94999957084656));
#3393=CARTESIAN_POINT('',(-27.3086472049432,-2.22799606874602,-2.94999957084656));
#3394=CARTESIAN_POINT('',(-27.325400168379,2.09718646672993,-2.94999957084656));
#3395=CARTESIAN_POINT('',(-27.2237433925347,-1.67955848343687,-2.94999957084656));
#3396=CARTESIAN_POINT('',(-26.6835233562557,1.81000180635554,-2.94999957084656));
#3397=CARTESIAN_POINT('',(-27.0538867011742,-1.15122067548351,-2.94999957084656));
#3398=CARTESIAN_POINT('',(-26.2460706031581,1.36148449401457,-2.94999957084656));
#3399=CARTESIAN_POINT('',(-26.8032781615929,-0.656056304946708,-2.94999957084656));
#3400=CARTESIAN_POINT('',(-26.0482611201056,0.835742572766099,-2.94999957084656));
#3401=CARTESIAN_POINT('',(-26.4781188502984,-0.206318207755851,-2.94999957084656));
#3402=CARTESIAN_POINT('',(-26.0955721826523,0.322794151686925,-2.94999957084656));
#3403=CARTESIAN_POINT('',(-26.0864580169396,0.186865440830422,-2.94999957084656));
#3404=CARTESIAN_POINT('',(-26.3635099417766,-0.0912636887051865,-2.94999957084656));
#3405=CARTESIAN_POINT('',(-25.6379827991204,0.51376456998272,-2.94999957084656));
#3406=CARTESIAN_POINT('',(-26.8005909134281,-0.333674853673016,-2.94999957084656));
#3407=CARTESIAN_POINT('',(-25.1437939182,0.766291085704995,-2.94999957084656));
#3408=CARTESIAN_POINT('',(-27.3338955699907,-0.352833120760865,-2.94999957084656));
#3409=CARTESIAN_POINT('',(-24.6161182895379,0.938195429071618,-2.94999957084656));
#3410=CARTESIAN_POINT('',(-27.8771414370356,-0.124169426199955,-2.94999957084656));
#3411=CARTESIAN_POINT('',(-24.0786775278855,1.02353150180384,-2.94999957084656));
#3412=CARTESIAN_POINT('',(-28.339868366286,0.346929879341095,-2.94999957084656));
#3413=CARTESIAN_POINT('',(-24.0786775278855,5.9994248640646,-2.94999957084656));
#3414=CARTESIAN_POINT('',(-24.0786775278855,6.47790731133055,-2.94999957084656));
#3415=CARTESIAN_POINT('Origin',(-23.7674273393633,-2.49487459617019,-2.94999957084656));
#3416=CARTESIAN_POINT('',(-22.227,-2.0478672981262,-2.94999957084656));
#3417=CARTESIAN_POINT('Origin',(-23.727,-2.0478672981262,-2.94999957084656));
#3418=CARTESIAN_POINT('Origin',(-27.0433958068566,-3.85773063518123,-2.21999957084656));
#3419=CARTESIAN_POINT('',(-27.0433958068566,-3.85773063518123,-1.53399999141693));
#3420=CARTESIAN_POINT('',(-27.0433958068566,-3.85773063518123,-2.21999957084656));
#3421=CARTESIAN_POINT('',(-27.2173437133508,-3.33072550959902,-1.53399999141693));
#3422=CARTESIAN_POINT('',(-26.4550815007838,-5.64013009604598,-1.53399999141693));
#3423=CARTESIAN_POINT('',(-27.2173437133508,-3.33072550959902,-2.21999957084656));
#3424=CARTESIAN_POINT('Origin',(-26.8809364810662,-4.32122576452808,-2.21999957084656));
#3425=CARTESIAN_POINT('',(-26.8809364810662,-4.32122576452808,-1.53399999141693));
#3426=CARTESIAN_POINT('',(-26.8809364810662,-4.32122576452808,-2.21999957084656));
#3427=CARTESIAN_POINT('',(-26.3255991558445,-5.90559861682486,-1.53399999141693));
#3428=CARTESIAN_POINT('Origin',(-26.7755345359521,-4.80092438973503,-2.21999957084656));
#3429=CARTESIAN_POINT('',(-26.7755345359521,-4.80092438973503,-1.53399999141693));
#3430=CARTESIAN_POINT('',(-26.7755345359521,-4.80092438973503,-2.21999957084656));
#3431=CARTESIAN_POINT('',(-26.5371485509009,-5.88585151488266,-1.53399999141693));
#3432=CARTESIAN_POINT('Origin',(-26.7287250533776,-5.2898305854948,-2.21999957084656));
#3433=CARTESIAN_POINT('',(-26.7287250533776,-5.2898305854948,-1.53399999141693));
#3434=CARTESIAN_POINT('',(-26.7287250533776,-5.2898305854948,-2.21999957084656));
#3435=CARTESIAN_POINT('',(-26.6787118044237,-5.81219883096191,-1.53399999141693));
#3436=CARTESIAN_POINT('Origin',(-26.6685624614434,-5.78727888681011,-2.21999957084656));
#3437=CARTESIAN_POINT('',(-26.6685624614434,-5.78727888681011,-1.53399999141693));
#3438=CARTESIAN_POINT('',(-26.6685624614434,-5.78727888681011,-2.21999957084656));
#3439=CARTESIAN_POINT('',(-26.6270721495406,-6.13033733082877,-1.53399999141693));
#3440=CARTESIAN_POINT('Origin',(-26.5248021617608,-6.26728636838512,-2.21999957084656));
#3441=CARTESIAN_POINT('',(-26.5248021617608,-6.26728636838512,-1.53399999141693));
#3442=CARTESIAN_POINT('',(-26.5248021617608,-6.26728636838512,-2.21999957084656));
#3443=CARTESIAN_POINT('',(-26.3597786296263,-6.81829057632971,-1.53399999141693));
#3444=CARTESIAN_POINT('Origin',(-26.3016171470361,-6.71590995408611,-2.21999957084656));
#3445=CARTESIAN_POINT('',(-26.3016171470361,-6.71590995408611,-1.53399999141693));
#3446=CARTESIAN_POINT('',(-26.3016171470361,-6.71590995408611,-2.21999957084656));
#3447=CARTESIAN_POINT('',(-25.9521983504499,-7.41827571833401,-1.53399999141693));
#3448=CARTESIAN_POINT('Origin',(-26.0054912105279,-7.12011809565143,-2.21999957084656));
#3449=CARTESIAN_POINT('',(-26.0054912105279,-7.12011809565143,-1.53399999141693));
#3450=CARTESIAN_POINT('',(-26.0054912105279,-7.12011809565143,-2.21999957084656));
#3451=CARTESIAN_POINT('',(-25.4338057036066,-7.90046155032243,-1.53399999141693));
#3452=CARTESIAN_POINT('Origin',(-25.6450273528771,-7.46816987015324,-2.21999957084656));
#3453=CARTESIAN_POINT('',(-25.6450273528771,-7.46816987015324,-1.53399999141693));
#3454=CARTESIAN_POINT('',(-25.6450273528771,-7.46816987015324,-2.21999957084656));
#3455=CARTESIAN_POINT('',(-24.8404182949381,-8.24507330846471,-1.53399999141693));
#3456=CARTESIAN_POINT('Origin',(-25.2306931033807,-7.74995435692387,-2.21999957084656));
#3457=CARTESIAN_POINT('',(-25.2306931033807,-7.74995435692387,-1.53399999141693));
#3458=CARTESIAN_POINT('',(-25.2306931033807,-7.74995435692387,-2.21999957084656));
#3459=CARTESIAN_POINT('',(-24.2107414134977,-8.44361307283692,-1.53399999141693));
#3460=CARTESIAN_POINT('Origin',(-24.774528457232,-7.95728795744495,-2.21999957084656));
#3461=CARTESIAN_POINT('',(-24.774528457232,-7.95728795744495,-1.53399999141693));
#3462=CARTESIAN_POINT('',(-24.774528457232,-7.95728795744495,-2.21999957084656));
#3463=CARTESIAN_POINT('',(-23.5828443493154,-8.49892606742153,-1.53399999141693));
#3464=CARTESIAN_POINT('Origin',(-24.2897790446954,-8.08414658524113,-2.21999957084656));
#3465=CARTESIAN_POINT('',(-24.2897790446954,-8.08414658524113,-1.53399999141693));
#3466=CARTESIAN_POINT('',(-24.2897790446954,-8.08414658524113,-2.21999957084656));
#3467=CARTESIAN_POINT('',(-22.9906535218719,-8.42412694808049,-1.53399999141693));
#3468=CARTESIAN_POINT('Origin',(-23.7905293002801,-8.12684616066532,-2.21999957084656));
#3469=CARTESIAN_POINT('',(-24.0786775278855,-8.10220156722162,-1.53399999141693));
#3470=CARTESIAN_POINT('',(-24.0786775278855,-8.10220156722162,-1.85999978542328));
#3471=CARTESIAN_POINT('',(-22.4612835719782,-8.24053320581221,-1.53399999141693));
#3472=CARTESIAN_POINT('Origin',(-24.0786775278855,6.00118616956474,-1.5));
#3473=CARTESIAN_POINT('',(-24.0786775278855,-10.989174056405,-1.534));
#3474=CARTESIAN_POINT('',(-24.0786775278855,-10.989174056405,-3.99999957084656));
#3475=CARTESIAN_POINT('',(-24.0786775278855,6.00118616956473,-1.534));
#3476=CARTESIAN_POINT('Origin',(-20.2745609775262,-2.782962607518,-2.21999957084656));
#3477=CARTESIAN_POINT('',(-20.2745609775262,-2.782962607518,-1.53399999141693));
#3478=CARTESIAN_POINT('',(-20.2745609775262,-2.782962607518,-2.21999957084656));
#3479=CARTESIAN_POINT('',(-20.3637125507073,-3.33072550959902,-1.53399999141693));
#3480=CARTESIAN_POINT('',(-20.5209679421637,-4.29693021601538,-1.53399999141693));
#3481=CARTESIAN_POINT('',(-20.3637125507073,-3.33072550959902,-2.21999957084656));
#3482=CARTESIAN_POINT('Origin',(-20.2724090591149,-2.22799606874602,-2.21999957084656));
#3483=CARTESIAN_POINT('',(-20.2724090591149,-2.22799606874602,-1.53399999141693));
#3484=CARTESIAN_POINT('',(-20.2724090591149,-2.22799606874602,-2.21999957084656));
#3485=CARTESIAN_POINT('',(-20.2793144411948,-4.00885168657488,-1.53399999141693));
#3486=CARTESIAN_POINT('Origin',(-20.3573128715234,-1.67955848343687,-2.21999957084656));
#3487=CARTESIAN_POINT('',(-20.3573128715234,-1.67955848343687,-1.53399999141693));
#3488=CARTESIAN_POINT('',(-20.3573128715234,-1.67955848343687,-2.21999957084656));
#3489=CARTESIAN_POINT('',(-20.0532930758199,-3.64337939927096,-1.53399999141693));
#3490=CARTESIAN_POINT('Origin',(-20.5271695628838,-1.15122067548351,-2.21999957084656));
#3491=CARTESIAN_POINT('',(-20.5271695628838,-1.15122067548351,-1.53399999141693));
#3492=CARTESIAN_POINT('',(-20.5271695628838,-1.15122067548351,-2.21999957084656));
#3493=CARTESIAN_POINT('',(-19.8697977483507,-3.19597016824087,-1.53399999141693));
#3494=CARTESIAN_POINT('Origin',(-20.7777781024651,-0.656056304946707,-2.21999957084656));
#3495=CARTESIAN_POINT('',(-20.7777781024651,-0.656056304946707,-1.53399999141693));
#3496=CARTESIAN_POINT('',(-20.7777781024651,-0.656056304946707,-2.21999957084656));
#3497=CARTESIAN_POINT('',(-19.7578096426429,-2.67135890085618,-1.53399999141693));
#3498=CARTESIAN_POINT('Origin',(-21.1029374137597,-0.20631820775585,-2.21999957084656));
#3499=CARTESIAN_POINT('',(-21.1029374137597,-0.20631820775585,-1.53399999141693));
#3500=CARTESIAN_POINT('',(-21.1029374137597,-0.20631820775585,-2.21999957084656));
#3501=CARTESIAN_POINT('',(-19.7453159168495,-2.08408731206018,-1.53399999141693));
#3502=CARTESIAN_POINT('Origin',(-21.4946005836205,0.186865440830423,-2.21999957084656));
#3503=CARTESIAN_POINT('',(-21.4946005836205,0.186865440830424,-1.53399999141693));
#3504=CARTESIAN_POINT('',(-21.4946005836205,0.186865440830423,-2.21999957084656));
#3505=CARTESIAN_POINT('',(-19.856112870974,-1.457983058075,-1.53399999141693));
#3506=CARTESIAN_POINT('Origin',(-21.9430734649377,0.513764569982721,-2.21999957084656));
#3507=CARTESIAN_POINT('',(-21.9430734649377,0.513764569982721,-1.53399999141693));
#3508=CARTESIAN_POINT('',(-21.9430734649377,0.513764569982721,-2.21999957084656));
#3509=CARTESIAN_POINT('',(-20.1069070911086,-0.824646766775471,-1.53399999141693));
#3510=CARTESIAN_POINT('Origin',(-22.4372623458581,0.766291085704996,-2.21999957084656));
#3511=CARTESIAN_POINT('',(-22.4372623458581,0.766291085704996,-1.53399999141693));
#3512=CARTESIAN_POINT('',(-22.4372623458581,0.766291085704996,-2.21999957084656));
#3513=CARTESIAN_POINT('',(-20.5050045732472,-0.221076986773518,-1.53399999141693));
#3514=CARTESIAN_POINT('Origin',(-22.9649379745202,0.938195429071619,-2.21999957084656));
#3515=CARTESIAN_POINT('',(-22.9649379745202,0.938195429071619,-1.53399999141693));
#3516=CARTESIAN_POINT('',(-22.9649379745202,0.938195429071619,-2.21999957084656));
#3517=CARTESIAN_POINT('',(-21.0467888469937,0.313307432855578,-1.53399999141693));
#3518=CARTESIAN_POINT('Origin',(-23.5130439773278,1.02522458218022,-2.21999957084656));
#3519=CARTESIAN_POINT('',(-23.5086775278855,1.02453127031151,-1.53399999141693));
#3520=CARTESIAN_POINT('',(-23.5086775278855,1.02453127031151,-2.70999957084656));
#3521=CARTESIAN_POINT('',(-21.7171949838231,0.74007678920759,-1.53399999141693));
#3522=CARTESIAN_POINT('Origin',(-23.5086775278855,6.00118616956474,-3.19999957084656));
#3523=CARTESIAN_POINT('',(-23.5086775278855,6.00118616956474,-1.53399957084656));
#3524=CARTESIAN_POINT('',(-23.5086775278855,6.00118616956474,-3.99999957084656));
#3525=CARTESIAN_POINT('',(-23.5086775278855,4.03403970009039,-1.53399957084656));
#3526=CARTESIAN_POINT('Origin',(-23.7674273393633,-2.49487459617019,-3.99999957084656));
#3527=CARTESIAN_POINT('',(-23.5086775278855,-10.9909353619051,-1.53399957084656));
#3528=CARTESIAN_POINT('',(-23.5086775278855,-10.9909353619051,-3.99999957084656));
#3529=CARTESIAN_POINT('Origin',(-23.7674273393633,-2.49487459617019,-1.53399957084656));
#3530=CARTESIAN_POINT('Origin',(-23.5086775278855,6.00118616956474,-3.19999957084656));
#3531=CARTESIAN_POINT('',(-23.5086775278855,-8.10274020002177,-1.53399999141693));
#3532=CARTESIAN_POINT('',(-23.5086775278855,-8.10274020002177,-2.70999957084656));
#3533=CARTESIAN_POINT('',(-23.5086775278855,4.03403970009039,-1.53399957084656));
#3534=CARTESIAN_POINT('Origin',(-26.2169385409165,-13.7084827081472,-3.49999957084656));
#3535=CARTESIAN_POINT('',(-26.2169385409165,-24.7084827081472,-2.53399957084656));
#3536=CARTESIAN_POINT('',(-26.2169385409165,-24.7084827081472,-2.99999957084656));
#3537=CARTESIAN_POINT('',(-26.2169385409165,-23.7084827081472,-1.53399957084656));
#3538=CARTESIAN_POINT('',(-26.2169385409165,-21.9499827081472,0.224500429153439));
#3539=CARTESIAN_POINT('',(-26.2169385409165,-19.3174753128687,-1.53399957084656));
#3540=CARTESIAN_POINT('',(-26.2169385409165,-3.27230982394153,-1.53399957084656));
#3541=CARTESIAN_POINT('',(-26.2169385409165,-19.3174753128687,-2.99999957084656));
#3542=CARTESIAN_POINT('Origin',(-26.2169385409165,-24.7084827081472,-3.49999957084656));
#3543=CARTESIAN_POINT('',(-21.2169385409165,-24.7084827081472,-2.53399957084656));
#3544=CARTESIAN_POINT('',(-21.2169385409165,-24.7084827081472,-3.49999957084656));
#3545=CARTESIAN_POINT('',(-29.7118124822049,-24.7084827081472,-2.53399957084656));
#3546=CARTESIAN_POINT('Origin',(-21.2169385409165,-23.7084827081472,-3.49999957084656));
#3547=CARTESIAN_POINT('',(-21.2169385409165,-19.3024623733914,-1.53399957084656));
#3548=CARTESIAN_POINT('',(-21.2169385409165,-19.3024623733915,-2.99999957084656));
#3549=CARTESIAN_POINT('',(-21.2169385409165,-23.7084827081472,-1.53399957084656));
#3550=CARTESIAN_POINT('',(-21.2169385409165,-8.27230982394153,-1.53399957084656));
#3551=CARTESIAN_POINT('',(-21.2169385409165,-24.4499827081472,-2.27549957084656));
#3552=CARTESIAN_POINT('Origin',(-23.7674273393633,-2.49487459617019,-1.49999957084656));
#3553=CARTESIAN_POINT('',(-6.96183560779356,-5.05848270814723,-1.53399957084656));
#3554=CARTESIAN_POINT('',(-6.96183560779356,-5.05848270814723,-1.49999957084656));
#3555=CARTESIAN_POINT('Origin',(-23.7674273393633,-2.49487459617019,-1.53399957084656));
#3556=CARTESIAN_POINT('Origin',(-12.5169385409165,-5.05848270814723,-3.49999957084656));
#3557=CARTESIAN_POINT('',(-1.51693854091652,-5.05848270814723,-2.53399957084656));
#3558=CARTESIAN_POINT('',(-1.51693854091652,-5.05848270814723,-2.99999957084656));
#3559=CARTESIAN_POINT('',(-2.51693854091652,-5.05848270814723,-1.53399957084656));
#3560=CARTESIAN_POINT('',(-4.27543854091651,-5.05848270814723,0.224500429153438));
#3561=CARTESIAN_POINT('',(-22.9585439763222,-5.05848270814723,-1.53399957084656));
#3562=CARTESIAN_POINT('Origin',(-1.51693854091652,-4.95848270814723,-3.49999957084656));
#3563=CARTESIAN_POINT('',(-1.51693854091652,0.0415172918527683,-2.53399957084656));
#3564=CARTESIAN_POINT('',(-1.51693854091652,0.0415172918527683,-3.49999957084656));
#3565=CARTESIAN_POINT('',(-1.51693854091652,0.998072872474565,-2.53399957084656));
#3566=CARTESIAN_POINT('Origin',(-2.51693854091652,0.0415172918527683,-3.49999957084656));
#3567=CARTESIAN_POINT('',(-6.95770645558979,0.0415172918527684,-1.53399957084656));
#3568=CARTESIAN_POINT('',(-6.95770645558979,0.0415172918527686,-1.49999957084656));
#3569=CARTESIAN_POINT('',(-2.51693854091652,0.0415172918527684,-1.53399957084656));
#3570=CARTESIAN_POINT('',(-17.9585439763222,0.0415172918527684,-1.53399957084656));
#3571=CARTESIAN_POINT('',(-1.77543854091652,0.0415172918527684,-2.27549957084656));
#3572=CARTESIAN_POINT('Origin',(-23.7674273393633,-2.49487459617019,-1.49999957084656));
#3573=CARTESIAN_POINT('',(-21.2169385409165,14.3127131810511,-1.53399957084656));
#3574=CARTESIAN_POINT('',(-21.2169385409165,14.3127131810511,-1.49999957084656));
#3575=CARTESIAN_POINT('Origin',(-23.7674273393633,-2.49487459617019,-1.53399957084656));
#3576=CARTESIAN_POINT('Origin',(-27.2118124822049,15.7025172918528,-1.78399957084656));
#3577=CARTESIAN_POINT('',(-21.2169385409165,15.4525172918528,-1.53399957084656));
#3578=CARTESIAN_POINT('',(-21.2169385409165,15.9525172918528,-2.03399957084656));
#3579=CARTESIAN_POINT('',(-21.2169385409165,14.4037672918528,-0.485249570846559));
#3580=CARTESIAN_POINT('',(-26.2169385409165,15.9525172918528,-2.03399957084656));
#3581=CARTESIAN_POINT('',(-27.2118124822049,15.9525172918528,-2.03399957084656));
#3582=CARTESIAN_POINT('',(-26.2169385409165,15.4525172918528,-1.53399957084656));
#3583=CARTESIAN_POINT('',(-26.2169385409165,16.9037672918528,-2.98524957084656));
#3584=CARTESIAN_POINT('',(-27.2118124822049,15.4525172918528,-1.53399957084656));
#3585=CARTESIAN_POINT('Origin',(-21.2169385409165,8.79151729185277,-3.49999957084656));
#3586=CARTESIAN_POINT('',(-21.2169385409165,15.9525172918528,-3.49999957084656));
#3587=CARTESIAN_POINT('',(-21.2169385409165,7.97769017605847,-1.53399957084656));
#3588=CARTESIAN_POINT('Origin',(-33.2066864234933,6.95462845309636,-1.53399957084656));
#3589=CARTESIAN_POINT('',(-26.2169385409165,14.3277261205283,-1.53399957084656));
#3590=CARTESIAN_POINT('',(-26.2169385409165,12.9776901760585,-1.53399957084656));
#3591=CARTESIAN_POINT('',(-40.5771482231368,0.0415172918527684,-1.53399957084656));
#3592=CARTESIAN_POINT('Origin',(-23.7674273393633,-2.49487459617019,-1.53399957084656));
#3593=CARTESIAN_POINT('',(-45.0169385409165,0.0415172918527684,-1.53399957084656));
#3594=CARTESIAN_POINT('',(-34.2085439763222,0.0415172918527684,-1.53399957084656));
#3595=CARTESIAN_POINT('',(-45.0169385409165,-5.05848270814723,-1.53399957084656));
#3596=CARTESIAN_POINT('',(-45.0169385409165,3.49807287247456,-1.53399957084656));
#3597=CARTESIAN_POINT('',(-40.5730190709331,-5.05848270814723,-1.53399957084656));
#3598=CARTESIAN_POINT('',(-39.2085439763222,-5.05848270814723,-1.53399957084656));
#3599=CARTESIAN_POINT('Origin',(-23.7674273393633,-2.49487459617019,-1.53399957084656));
#3600=CARTESIAN_POINT('',(-29.7118124822049,-23.7084827081472,-1.53399957084656));
#3601=CARTESIAN_POINT('',(-2.51693854091652,0.998072872474565,-1.53399957084656));
#3602=CARTESIAN_POINT('',(-24.0058753505425,-7.28281253196316,-1.53399957084656));
#3603=CARTESIAN_POINT('',(-24.4275695815758,-7.19523576118068,-1.53399999141693));
#3604=CARTESIAN_POINT('',(-24.0058753505425,-7.28281253196316,-1.53399999141693));
#3605=CARTESIAN_POINT('',(-24.8226463809685,-7.02374059773998,-1.53399999141693));
#3606=CARTESIAN_POINT('',(-24.4275695815758,-7.19523576118068,-1.53399999141693));
#3607=CARTESIAN_POINT('',(-25.1745983615594,-6.77549338556843,-1.53399999141693));
#3608=CARTESIAN_POINT('',(-24.8226463809685,-7.02374059773998,-1.53399999141693));
#3609=CARTESIAN_POINT('',(-25.468717242785,-6.46086673356609,-1.53399999141693));
#3610=CARTESIAN_POINT('',(-25.1745983615594,-6.77549338556843,-1.53399999141693));
#3611=CARTESIAN_POINT('',(-25.6927176967339,-6.0930066785963,-1.53399999141693));
#3612=CARTESIAN_POINT('',(-25.468717242785,-6.46086673356609,-1.53399999141693));
#3613=CARTESIAN_POINT('',(-25.8372350230889,-5.68728448368625,-1.53399999141693));
#3614=CARTESIAN_POINT('',(-25.6927176967339,-6.0930066785963,-1.53399999141693));
#3615=CARTESIAN_POINT('',(-25.8962363734917,-5.26065147139149,-1.53399999141693));
#3616=CARTESIAN_POINT('',(-25.8372350230889,-5.68728448368625,-1.53399999141693));
#3617=CARTESIAN_POINT('',(-25.9526325240807,-4.67160805381851,-1.53399999141693));
#3618=CARTESIAN_POINT('',(-25.8962363734917,-5.26065147139149,-1.53399999141693));
#3619=CARTESIAN_POINT('',(-26.0796237483697,-4.0936580560358,-1.53399999141693));
#3620=CARTESIAN_POINT('',(-25.9526325240807,-4.67160805381851,-1.53399999141693));
#3621=CARTESIAN_POINT('',(-26.2753572002129,-3.53523019023256,-1.53399999141693));
#3622=CARTESIAN_POINT('',(-26.0796237483697,-4.0936580560358,-1.53399999141693));
#3623=CARTESIAN_POINT('',(-26.4213909164147,-3.07630394466238,-1.53399999141693));
#3624=CARTESIAN_POINT('',(-26.2753572002129,-3.53523019023256,-1.53399999141693));
#3625=CARTESIAN_POINT('',(-26.4834086909966,-2.59871348321454,-1.53399999141693));
#3626=CARTESIAN_POINT('',(-26.4213909164147,-3.07630394466238,-1.53399999141693));
#3627=CARTESIAN_POINT('',(-26.459431506701,-2.11771034143882,-1.53399999141693));
#3628=CARTESIAN_POINT('',(-26.459431506701,-2.11771034143882,-1.53399999141693));
#3629=CARTESIAN_POINT('',(-26.3502257362084,-1.64865488477068,-1.53399999141693));
#3630=CARTESIAN_POINT('',(-26.3502257362084,-1.64865488477068,-1.53399999141693));
#3631=CARTESIAN_POINT('',(-26.1592797771172,-1.20652611769752,-1.53399999141693));
#3632=CARTESIAN_POINT('',(-26.1592797771172,-1.20652611769752,-1.53399999141693));
#3633=CARTESIAN_POINT('',(-25.8926872268395,-0.805443047657774,-1.53399999141693));
#3634=CARTESIAN_POINT('',(-25.8926872268395,-0.805443047657774,-1.53399999141693));
#3635=CARTESIAN_POINT('',(-25.5589646354394,-0.458214013949202,-1.53399999141693));
#3636=CARTESIAN_POINT('',(-25.5589646354394,-0.458214013949202,-1.53399999141693));
#3637=CARTESIAN_POINT('',(-25.1687687888818,-0.175927179232405,-1.53399999141693));
#3638=CARTESIAN_POINT('',(-25.1687687888818,-0.175927179232405,-1.53399999141693));
#3639=CARTESIAN_POINT('',(-24.7345579162316,0.0324027933923736,-1.53399999141693));
#3640=CARTESIAN_POINT('',(-24.7345579162316,0.0324027933923736,-1.53399999141693));
#3641=CARTESIAN_POINT('',(-24.2702014938073,0.160122422203256,-1.53399999141693));
#3642=CARTESIAN_POINT('',(-24.2702014938073,0.160122422203256,-1.53399999141693));
#3643=CARTESIAN_POINT('',(-23.7905293002801,0.203153780922128,-1.53399957084656));
#3644=CARTESIAN_POINT('',(-23.7905293002801,0.203153780922129,-1.53399999141693));
#3645=CARTESIAN_POINT('',(-23.3108547702508,0.160122422203257,-1.53399999141693));
#3646=CARTESIAN_POINT('',(-23.3108547702508,0.160122422203257,-1.53399999141693));
#3647=CARTESIAN_POINT('',(-22.8464983478265,0.0324027933923742,-1.53399999141693));
#3648=CARTESIAN_POINT('',(-22.8464983478265,0.0324027933923742,-1.53399999141693));
#3649=CARTESIAN_POINT('',(-22.4122898116784,-0.175927179232405,-1.53399999141693));
#3650=CARTESIAN_POINT('',(-22.4122898116784,-0.175927179232405,-1.53399999141693));
#3651=CARTESIAN_POINT('',(-22.0220916286187,-0.458214013949201,-1.53399999141693));
#3652=CARTESIAN_POINT('',(-22.0220916286187,-0.458214013949201,-1.53399999141693));
#3653=CARTESIAN_POINT('',(-21.6883690372185,-0.805443047657774,-1.53399999141693));
#3654=CARTESIAN_POINT('',(-21.6883690372185,-0.805443047657774,-1.53399999141693));
#3655=CARTESIAN_POINT('',(-21.4217788234429,-1.20652611769752,-1.53399999141693));
#3656=CARTESIAN_POINT('',(-21.4217788234429,-1.20652611769752,-1.53399999141693));
#3657=CARTESIAN_POINT('',(-21.2308305278497,-1.64865488477068,-1.53399999141693));
#3658=CARTESIAN_POINT('',(-21.2308305278497,-1.64865488477068,-1.53399999141693));
#3659=CARTESIAN_POINT('',(-21.1216247573571,-2.11771034143882,-1.53399999141693));
#3660=CARTESIAN_POINT('',(-21.1216247573571,-2.11771034143882,-1.53399999141693));
#3661=CARTESIAN_POINT('',(-21.0976475730614,-2.59871348321454,-1.53399999141693));
#3662=CARTESIAN_POINT('',(-21.0976475730614,-2.59871348321454,-1.53399999141693));
#3663=CARTESIAN_POINT('',(-21.1596653476434,-3.07630394466238,-1.53399999141693));
#3664=CARTESIAN_POINT('',(-21.0976475730614,-2.59871348321454,-1.53399999141693));
#3665=CARTESIAN_POINT('',(-21.3056990638451,-3.53523019023256,-1.53399999141693));
#3666=CARTESIAN_POINT('',(-21.1596653476434,-3.07630394466238,-1.53399999141693));
#3667=CARTESIAN_POINT('',(-21.5014325156884,-4.0936580560358,-1.53399999141693));
#3668=CARTESIAN_POINT('',(-21.3056990638451,-3.53523019023256,-1.53399999141693));
#3669=CARTESIAN_POINT('',(-21.6284237399773,-4.67160805381851,-1.53399999141693));
#3670=CARTESIAN_POINT('',(-21.5014325156884,-4.0936580560358,-1.53399999141693));
#3671=CARTESIAN_POINT('',(-21.6848222270684,-5.26065147139148,-1.53399999141693));
#3672=CARTESIAN_POINT('',(-21.6284237399773,-4.67160805381851,-1.53399999141693));
#3673=CARTESIAN_POINT('',(-21.7438212409692,-5.68728448368625,-1.53399999141693));
#3674=CARTESIAN_POINT('',(-21.6848222270684,-5.26065147139148,-1.53399999141693));
#3675=CARTESIAN_POINT('',(-21.8883385673241,-6.0930066785963,-1.53399999141693));
#3676=CARTESIAN_POINT('',(-21.7438212409692,-5.68728448368625,-1.53399999141693));
#3677=CARTESIAN_POINT('',(-22.1123390212731,-6.46086673356609,-1.53399999141693));
#3678=CARTESIAN_POINT('',(-21.8883385673241,-6.0930066785963,-1.53399999141693));
#3679=CARTESIAN_POINT('',(-22.4064579024987,-6.77549338556843,-1.53399999141693));
#3680=CARTESIAN_POINT('',(-22.1123390212731,-6.46086673356609,-1.53399999141693));
#3681=CARTESIAN_POINT('',(-22.7584098830895,-7.02374059773998,-1.53399999141693));
#3682=CARTESIAN_POINT('',(-22.4064579024987,-6.77549338556843,-1.53399999141693));
#3683=CARTESIAN_POINT('',(-23.1534866824822,-7.19523576118068,-1.53399999141693));
#3684=CARTESIAN_POINT('',(-22.7584098830895,-7.02374059773998,-1.53399999141693));
#3685=CARTESIAN_POINT('',(-23.5751809135155,-7.28281253196316,-1.53399957084656));
#3686=CARTESIAN_POINT('',(-22.0100913915034,-6.95777729022548,-1.53399957084656));
#3687=CARTESIAN_POINT('',(-23.5419292207005,-7.28281253196316,-1.53399957084656));
#3688=CARTESIAN_POINT('',(-23.2912772193627,-8.08414658524113,-1.53399999141693));
#3689=CARTESIAN_POINT('',(-22.0130136585157,-7.97482042834641,-1.53399999141693));
#3690=CARTESIAN_POINT('',(-22.8065301433282,-7.95728795744495,-1.53399999141693));
#3691=CARTESIAN_POINT('',(-21.6544671793602,-7.65579232401207,-1.53399999141693));
#3692=CARTESIAN_POINT('',(-22.3503631606774,-7.74995435692387,-1.53399999141693));
#3693=CARTESIAN_POINT('',(-21.3848545409439,-7.31111861019742,-1.53399999141693));
#3694=CARTESIAN_POINT('',(-21.936028911181,-7.46816987015324,-1.53399999141693));
#3695=CARTESIAN_POINT('',(-21.1952907452516,-6.96440141709517,-1.53399999141693));
#3696=CARTESIAN_POINT('',(-21.5755650535302,-7.12011809565143,-1.53399999141693));
#3697=CARTESIAN_POINT('',(-21.0709856944832,-6.63291324122347,-1.53399999141693));
#3698=CARTESIAN_POINT('',(-21.279439117022,-6.71590995408611,-1.53399999141693));
#3699=CARTESIAN_POINT('',(-20.9940031624091,-6.32629350201003,-1.53399999141693));
#3700=CARTESIAN_POINT('',(-21.0562564387994,-6.26728636838512,-1.53399999141693));
#3701=CARTESIAN_POINT('',(-20.9462854204594,-6.04623161196873,-1.53399999141693));
#3702=CARTESIAN_POINT('',(-20.9124938026147,-5.78727888681011,-1.53399999141693));
#3703=CARTESIAN_POINT('',(-20.9124938026147,-5.78727888681011,-1.53399999141693));
#3704=CARTESIAN_POINT('',(-20.8523335471825,-5.2898305854948,-1.53399999141693));
#3705=CARTESIAN_POINT('',(-20.8824136748986,-5.53855473615246,-1.53399999141693));
#3706=CARTESIAN_POINT('',(-20.805521728106,-4.80092438973503,-1.53399999141693));
#3707=CARTESIAN_POINT('',(-20.8527994084898,-5.29469607638995,-1.53399999141693));
#3708=CARTESIAN_POINT('',(-20.7001197829919,-4.32122576452808,-1.53399999141693));
#3709=CARTESIAN_POINT('',(-20.8586568743574,-5.04274968602675,-1.53399999141693));
#3710=CARTESIAN_POINT('',(-20.5376604572015,-3.85773063518123,-1.53399999141693));
#3711=CARTESIAN_POINT('',(-20.8593289625087,-4.77544825310708,-1.53399999141693));
#3712=CARTESIAN_POINT('',(-20.7562560555853,-4.52000362885967,-1.53399999141693));
#3713=CARTESIAN_POINT('',(-24.0786775278855,5.9994248640646,-1.53399957084656));
#3714=CARTESIAN_POINT('Origin',(-23.7674273393633,-2.49487459617019,-1.53399957084656));
#3715=CARTESIAN_POINT('',(-24.0786775278855,1.02353150180384,-1.53399999141693));
#3716=CARTESIAN_POINT('',(-24.0786775278855,6.58252461491445,-1.53399957084656));
#3717=CARTESIAN_POINT('',(-24.6161182895379,0.938195429071619,-1.53399999141693));
#3718=CARTESIAN_POINT('',(-23.3306579272877,1.14230376396997,-1.53399999141693));
#3719=CARTESIAN_POINT('',(-25.1437939182,0.766291085704996,-1.53399999141693));
#3720=CARTESIAN_POINT('',(-24.1962108796913,1.07499141441488,-1.53399999141693));
#3721=CARTESIAN_POINT('',(-25.6379827991204,0.513764569982721,-1.53399999141693));
#3722=CARTESIAN_POINT('',(-25.0410072890047,0.818814220756489,-1.53399999141693));
#3723=CARTESIAN_POINT('',(-26.0864580169396,0.186865440830423,-1.53399999141693));
#3724=CARTESIAN_POINT('',(-25.8189305894134,0.381869489232326,-1.53399999141693));
#3725=CARTESIAN_POINT('',(-26.4781188502984,-0.20631820775585,-1.53399999141693));
#3726=CARTESIAN_POINT('',(-26.48734165808,-0.215576874706724,-1.53399999141693));
#3727=CARTESIAN_POINT('',(-26.8032781615929,-0.656056304946707,-1.53399999141693));
#3728=CARTESIAN_POINT('',(-27.0103412445711,-0.942451784646498,-1.53399999141693));
#3729=CARTESIAN_POINT('',(-27.0538867011742,-1.15122067548351,-1.53399999141693));
#3730=CARTESIAN_POINT('',(-27.3616730532111,-1.75935970985469,-1.53399999141693));
#3731=CARTESIAN_POINT('',(-27.2237433925347,-1.67955848343687,-1.53399999141693));
#3732=CARTESIAN_POINT('',(-27.5265857587226,-2.62154711294311,-1.53399999141693));
#3733=CARTESIAN_POINT('',(-27.3086472049432,-2.22799606874602,-1.53399999141693));
#3734=CARTESIAN_POINT('',(-27.5028538202577,-3.48247692340747,-1.53399999141693));
#3735=CARTESIAN_POINT('',(-27.306497623034,-2.782962607518,-1.53399999141693));
#3736=CARTESIAN_POINT('',(-27.3006313564705,-4.2974811454405,-1.53399999141693));
#3737=CARTESIAN_POINT('',(-26.9412333950935,-5.02715127219862,-1.53399999141693));
#3738=CARTESIAN_POINT('Origin',(-23.7674273393633,-2.49487459617019,-3.99999957084656));
#3739=CARTESIAN_POINT('',(-24.0786775278855,5.9994248640646,-3.99999957084656));
#3740=CARTESIAN_POINT('Origin',(-45.5169385409165,3.49807287247456,-2.03399957084656));
#3741=CARTESIAN_POINT('',(-46.0169385409165,0.0415172918527683,-2.53399957084656));
#3742=CARTESIAN_POINT('',(-43.2584385409165,0.0415172918527684,0.224500429153437));
#3743=CARTESIAN_POINT('',(-46.0169385409165,-5.05848270814723,-2.53399957084656));
#3744=CARTESIAN_POINT('',(-46.0169385409165,3.49807287247456,-2.53399957084656));
#3745=CARTESIAN_POINT('',(-45.7584385409165,-5.05848270814723,-2.27549957084656));
#3746=CARTESIAN_POINT('Origin',(-45.0169385409165,-5.05848270814723,-3.49999957084656));
#3747=CARTESIAN_POINT('',(-40.5730190709331,-5.05848270814723,-2.99999957084656));
#3748=CARTESIAN_POINT('',(-46.0169385409165,-5.05848270814723,-3.49999957084656));
#3749=CARTESIAN_POINT('Origin',(-29.7118124822049,-24.2084827081472,-2.03399957084656));
#3750=CARTESIAN_POINT('Origin',(-2.01693854091652,0.998072872474565,-2.03399957084656));
#3751=CARTESIAN_POINT('Origin',(-24.0786775278855,6.00118616956474,-1.5));
#3752=CARTESIAN_POINT('',(-24.0786775278855,1.02353150180384,-1.85999978542328));
#3753=CARTESIAN_POINT('Origin',(-23.7674273393633,-2.49487459617019,-1.49999957084656));
#3754=CARTESIAN_POINT('Origin',(-46.0169385409165,0.0415172918527683,-3.49999957084656));
#3755=CARTESIAN_POINT('',(-46.0169385409165,0.0415172918527683,-3.49999957084656));
#3756=CARTESIAN_POINT('Origin',(-35.0169385409165,0.0415172918527683,-3.49999957084656));
#3757=CARTESIAN_POINT('',(-40.5771482231368,0.0415172918527686,-1.49999957084656));
#3758=CARTESIAN_POINT('Origin',(-23.7674273393633,-2.49487459617019,-1.49999957084656));
#3759=CARTESIAN_POINT('',(-26.2169385409165,14.3277261205283,-1.49999957084656));
#3760=CARTESIAN_POINT('Origin',(-26.2169385409165,18.7915172918528,-3.49999957084656));
#3761=CARTESIAN_POINT('',(-26.2169385409165,15.9525172918528,-3.49999957084656));
#3762=CARTESIAN_POINT('Origin',(-21.2169385409165,15.9525172918528,-3.49999957084656));
#3763=CARTESIAN_POINT('Origin',(-24.6161182895379,0.938195429071619,-2.21999957084656));
#3764=CARTESIAN_POINT('',(-24.6161182895379,0.938195429071619,-2.21999957084656));
#3765=CARTESIAN_POINT('Origin',(-24.0058753505425,-7.28281253196316,-1.53399999141693));
#3766=CARTESIAN_POINT('',(-24.0058753505425,-7.28281253196316,-0.749999570846563));
#3767=CARTESIAN_POINT('',(-24.0058753505425,-7.28281253196316,-1.53399999141693));
#3768=CARTESIAN_POINT('',(-24.4275695815758,-7.19523576118068,-0.749999570846563));
#3769=CARTESIAN_POINT('',(-24.2741586222467,-7.22709589924273,-0.749999570846563));
#3770=CARTESIAN_POINT('',(-24.4275695815758,-7.19523576118068,-1.53399999141693));
#3771=CARTESIAN_POINT('Origin',(-23.5751809135155,-7.28281253196316,-1.53399999141693));
#3772=CARTESIAN_POINT('',(-23.5751809135155,-7.28281253196316,-0.749999570846563));
#3773=CARTESIAN_POINT('',(-23.5751809135155,-7.28281253196316,-1.53399999141693));
#3774=CARTESIAN_POINT('',(-23.6828545227723,-7.28281253196316,-0.749999570846563));
#3775=CARTESIAN_POINT('Origin',(-23.1534866824822,-7.19523576118068,-1.53399999141693));
#3776=CARTESIAN_POINT('',(-23.1534866824822,-7.19523576118068,-0.749999570846563));
#3777=CARTESIAN_POINT('',(-23.1534866824822,-7.19523576118068,-1.53399999141693));
#3778=CARTESIAN_POINT('',(-23.0960505262947,-7.1833075138515,-0.749999570846563));
#3779=CARTESIAN_POINT('Origin',(-23.727,-2.0478672981262,-5.66851682873788));
#3780=CARTESIAN_POINT('',(-22.227,-2.0478672981262,-5.66851682873788));
#3781=CARTESIAN_POINT('Origin',(-20.5376604572015,-3.85773063518123,-2.21999957084656));
#3782=CARTESIAN_POINT('',(-20.5376604572015,-3.85773063518123,-2.21999957084656));
#3783=CARTESIAN_POINT('',(-20.7001197829919,-4.32122576452808,-2.21999957084656));
#3784=CARTESIAN_POINT('Origin',(-20.3637125507073,-3.33072550959902,-2.21999957084656));
#3785=CARTESIAN_POINT('Origin',(-20.7001197829919,-4.32122576452808,-2.21999957084656));
#3786=CARTESIAN_POINT('',(-20.805521728106,-4.80092438973503,-2.21999957084656));
#3787=CARTESIAN_POINT('Origin',(-20.805521728106,-4.80092438973503,-2.21999957084656));
#3788=CARTESIAN_POINT('',(-20.8523335471825,-5.2898305854948,-2.21999957084656));
#3789=CARTESIAN_POINT('Origin',(-20.8523335471825,-5.2898305854948,-2.21999957084656));
#3790=CARTESIAN_POINT('',(-20.9124938026147,-5.78727888681011,-2.21999957084656));
#3791=CARTESIAN_POINT('Origin',(-20.9124938026147,-5.78727888681011,-2.21999957084656));
#3792=CARTESIAN_POINT('',(-21.0562564387994,-6.26728636838512,-2.21999957084656));
#3793=CARTESIAN_POINT('Origin',(-21.0562564387994,-6.26728636838512,-2.21999957084656));
#3794=CARTESIAN_POINT('',(-21.279439117022,-6.71590995408611,-2.21999957084656));
#3795=CARTESIAN_POINT('Origin',(-21.279439117022,-6.71590995408611,-2.21999957084656));
#3796=CARTESIAN_POINT('',(-21.5755650535302,-7.12011809565143,-2.21999957084656));
#3797=CARTESIAN_POINT('Origin',(-21.5755650535302,-7.12011809565143,-2.21999957084656));
#3798=CARTESIAN_POINT('',(-21.936028911181,-7.46816987015324,-2.21999957084656));
#3799=CARTESIAN_POINT('Origin',(-21.936028911181,-7.46816987015324,-2.21999957084656));
#3800=CARTESIAN_POINT('',(-22.3503631606774,-7.74995435692387,-2.21999957084656));
#3801=CARTESIAN_POINT('Origin',(-22.3503631606774,-7.74995435692387,-2.21999957084656));
#3802=CARTESIAN_POINT('',(-22.8065301433282,-7.95728795744495,-2.21999957084656));
#3803=CARTESIAN_POINT('Origin',(-22.8065301433282,-7.95728795744495,-2.21999957084656));
#3804=CARTESIAN_POINT('',(-23.2912772193627,-8.08414658524113,-2.21999957084656));
#3805=CARTESIAN_POINT('Origin',(-23.2912772193627,-8.08414658524113,-2.21999957084656));
#3806=CARTESIAN_POINT('Origin',(-25.1437939182,0.766291085704995,-2.21999957084656));
#3807=CARTESIAN_POINT('',(-25.1437939182,0.766291085704995,-2.21999957084656));
#3808=CARTESIAN_POINT('Origin',(-25.6379827991204,0.513764569982721,-2.21999957084656));
#3809=CARTESIAN_POINT('',(-25.6379827991204,0.513764569982721,-2.21999957084656));
#3810=CARTESIAN_POINT('Origin',(-26.0864580169396,0.186865440830423,-2.21999957084656));
#3811=CARTESIAN_POINT('',(-26.0864580169396,0.186865440830423,-2.21999957084656));
#3812=CARTESIAN_POINT('Origin',(-26.4781188502984,-0.20631820775585,-2.21999957084656));
#3813=CARTESIAN_POINT('',(-26.4781188502984,-0.20631820775585,-2.21999957084656));
#3814=CARTESIAN_POINT('Origin',(-26.8032781615929,-0.656056304946707,-2.21999957084656));
#3815=CARTESIAN_POINT('',(-26.8032781615929,-0.656056304946707,-2.21999957084656));
#3816=CARTESIAN_POINT('Origin',(-27.0538867011742,-1.15122067548351,-2.21999957084656));
#3817=CARTESIAN_POINT('',(-27.0538867011742,-1.15122067548351,-2.21999957084656));
#3818=CARTESIAN_POINT('Origin',(-27.2237433925347,-1.67955848343687,-2.21999957084656));
#3819=CARTESIAN_POINT('',(-27.2237433925347,-1.67955848343687,-2.21999957084656));
#3820=CARTESIAN_POINT('Origin',(-27.3086472049432,-2.22799606874602,-2.21999957084656));
#3821=CARTESIAN_POINT('',(-27.3086472049432,-2.22799606874602,-2.21999957084656));
#3822=CARTESIAN_POINT('Origin',(-27.306497623034,-2.782962607518,-2.21999957084656));
#3823=CARTESIAN_POINT('',(-27.306497623034,-2.782962607518,-2.21999957084656));
#3824=CARTESIAN_POINT('Origin',(-27.2173437133508,-3.33072550959902,-2.21999957084656));
#3825=CARTESIAN_POINT('Origin',(-25.8372350230889,-5.68728448368625,-1.53399999141693));
#3826=CARTESIAN_POINT('',(-25.8962363734917,-5.26065147139149,-0.749999570846563));
#3827=CARTESIAN_POINT('',(-25.8962363734917,-5.26065147139149,-1.53399999141693));
#3828=CARTESIAN_POINT('',(-25.8372350230889,-5.68728448368625,-0.749999570846563));
#3829=CARTESIAN_POINT('',(-25.8372350230889,-5.68728448368625,-1.53399999141693));
#3830=CARTESIAN_POINT('',(-25.9629898031063,-4.77796393012302,-0.749999570846563));
#3831=CARTESIAN_POINT('Origin',(-25.6927176967339,-6.0930066785963,-1.53399999141693));
#3832=CARTESIAN_POINT('',(-25.6927176967339,-6.0930066785963,-0.749999570846563));
#3833=CARTESIAN_POINT('',(-25.6927176967339,-6.0930066785963,-1.53399999141693));
#3834=CARTESIAN_POINT('',(-25.9874174482767,-5.2656579235986,-0.749999570846563));
#3835=CARTESIAN_POINT('Origin',(-25.468717242785,-6.46086673356609,-1.53399999141693));
#3836=CARTESIAN_POINT('',(-25.468717242785,-6.46086673356609,-0.749999570846563));
#3837=CARTESIAN_POINT('',(-25.468717242785,-6.46086673356609,-1.53399999141693));
#3838=CARTESIAN_POINT('',(-25.888092350009,-5.77215674536431,-0.749999570846563));
#3839=CARTESIAN_POINT('Origin',(-25.1745983615594,-6.77549338556843,-1.53399999141693));
#3840=CARTESIAN_POINT('',(-25.1745983615594,-6.77549338556843,-0.749999570846563));
#3841=CARTESIAN_POINT('',(-25.1745983615594,-6.77549338556843,-1.53399999141693));
#3842=CARTESIAN_POINT('',(-25.6562108980165,-6.26029987171968,-0.749999570846563));
#3843=CARTESIAN_POINT('Origin',(-24.8226463809685,-7.02374059773998,-1.53399999141693));
#3844=CARTESIAN_POINT('',(-24.8226463809685,-7.02374059773998,-0.749999570846563));
#3845=CARTESIAN_POINT('',(-24.8226463809685,-7.02374059773998,-1.53399999141693));
#3846=CARTESIAN_POINT('',(-25.2959292872122,-6.68991334708434,-0.749999570846563));
#3847=CARTESIAN_POINT('Origin',(-24.4275695815758,-7.19523576118068,-1.53399999141693));
#3848=CARTESIAN_POINT('',(-24.8251259607819,-7.02266426031391,-0.749999570846563));
#3849=CARTESIAN_POINT('Origin',(-22.7584098830895,-7.02374059773998,-1.53399999141693));
#3850=CARTESIAN_POINT('',(-22.7584098830895,-7.02374059773998,-0.749999570846563));
#3851=CARTESIAN_POINT('',(-22.7584098830895,-7.02374059773998,-1.53399999141693));
#3852=CARTESIAN_POINT('',(-22.5583919035798,-6.93691667859356,-0.749999570846563));
#3853=CARTESIAN_POINT('Origin',(-22.4064579024987,-6.77549338556843,-1.53399999141693));
#3854=CARTESIAN_POINT('',(-22.4064579024987,-6.77549338556843,-0.749999570846563));
#3855=CARTESIAN_POINT('',(-22.4064579024987,-6.77549338556843,-1.53399999141693));
#3856=CARTESIAN_POINT('',(-22.1091509865504,-6.56578974099856,-0.749999570846563));
#3857=CARTESIAN_POINT('Origin',(-22.1123390212731,-6.46086673356609,-1.53399999141693));
#3858=CARTESIAN_POINT('',(-22.1123390212731,-6.46086673356609,-0.749999570846563));
#3859=CARTESIAN_POINT('',(-22.1123390212731,-6.46086673356609,-1.53399999141693));
#3860=CARTESIAN_POINT('',(-21.7777859254287,-6.10298654571851,-0.749999570846563));
#3861=CARTESIAN_POINT('Origin',(-21.8883385673241,-6.0930066785963,-1.53399999141693));
#3862=CARTESIAN_POINT('',(-21.8883385673241,-6.0930066785963,-0.749999570846563));
#3863=CARTESIAN_POINT('',(-21.8883385673241,-6.0930066785963,-1.53399999141693));
#3864=CARTESIAN_POINT('',(-21.5809636870746,-5.58822671787942,-0.749999570846563));
#3865=CARTESIAN_POINT('Origin',(-21.7438212409692,-5.68728448368625,-1.53399999141693));
#3866=CARTESIAN_POINT('',(-21.7438212409692,-5.68728448368625,-0.749999570846563));
#3867=CARTESIAN_POINT('',(-21.7438212409692,-5.68728448368625,-1.53399999141693));
#3868=CARTESIAN_POINT('',(-21.5213801526039,-5.06279682614358,-0.749999570846563));
#3869=CARTESIAN_POINT('Origin',(-21.6848222270684,-5.26065147139148,-1.53399999141693));
#3870=CARTESIAN_POINT('',(-21.6848222270684,-5.26065147139148,-0.749999570846563));
#3871=CARTESIAN_POINT('',(-21.6848222270684,-5.26065147139148,-1.53399999141693));
#3872=CARTESIAN_POINT('',(-21.5885709865869,-4.56464057309387,-0.749999570846563));
#3873=CARTESIAN_POINT('Origin',(-21.6284237399773,-4.67160805381851,-1.53399999141693));
#3874=CARTESIAN_POINT('',(-21.6284237399773,-4.67160805381851,-0.749999570846563));
#3875=CARTESIAN_POINT('',(-21.6284237399773,-4.67160805381851,-1.53399999141693));
#3876=CARTESIAN_POINT('',(-21.5850755616397,-4.21886613766873,-0.749999570846563));
#3877=CARTESIAN_POINT('Origin',(-21.5014325156884,-4.0936580560358,-1.53399999141693));
#3878=CARTESIAN_POINT('',(-21.5014325156884,-4.0936580560358,-0.749999570846563));
#3879=CARTESIAN_POINT('',(-21.5014325156884,-4.0936580560358,-1.53399999141693));
#3880=CARTESIAN_POINT('',(-21.4972538776522,-4.07464064867345,-0.749999570846563));
#3881=CARTESIAN_POINT('Origin',(-21.3056990638451,-3.53523019023256,-1.53399999141693));
#3882=CARTESIAN_POINT('',(-21.3056990638451,-3.53523019023256,-0.749999570846563));
#3883=CARTESIAN_POINT('',(-21.3056990638451,-3.53523019023256,-1.53399999141693));
#3884=CARTESIAN_POINT('',(-21.4440681067434,-3.92999730127702,-0.749999570846563));
#3885=CARTESIAN_POINT('Origin',(-26.0796237483697,-4.0936580560358,-1.53399999141693));
#3886=CARTESIAN_POINT('',(-26.2753572002129,-3.53523019023256,-0.749999570846563));
#3887=CARTESIAN_POINT('',(-26.2753572002129,-3.53523019023256,-1.53399999141693));
#3888=CARTESIAN_POINT('',(-26.0796237483697,-4.0936580560358,-0.749999570846563));
#3889=CARTESIAN_POINT('',(-26.0796237483697,-4.0936580560358,-1.53399999141693));
#3890=CARTESIAN_POINT('',(-26.039121431393,-4.20921123417864,-0.749999570846563));
#3891=CARTESIAN_POINT('Origin',(-25.9526325240807,-4.67160805381851,-1.53399999141693));
#3892=CARTESIAN_POINT('',(-25.9526325240807,-4.67160805381851,-0.749999570846563));
#3893=CARTESIAN_POINT('',(-25.9526325240807,-4.67160805381851,-1.53399999141693));
#3894=CARTESIAN_POINT('',(-26.0203067742614,-4.3636156475648,-0.749999570846563));
#3895=CARTESIAN_POINT('Origin',(-25.8962363734917,-5.26065147139149,-1.53399999141693));
#3896=CARTESIAN_POINT('',(-25.9677812707232,-4.5133832565396,-0.749999570846563));
#3897=CARTESIAN_POINT('Origin',(-21.1596653476434,-3.07630394466238,-1.53399999141693));
#3898=CARTESIAN_POINT('',(-21.1596653476434,-3.07630394466238,-0.749999570846563));
#3899=CARTESIAN_POINT('',(-21.1596653476434,-3.07630394466238,-1.53399999141693));
#3900=CARTESIAN_POINT('',(-21.3491680931247,-3.67183616674749,-0.749999570846563));
#3901=CARTESIAN_POINT('Origin',(-21.0976475730614,-2.59871348321454,-1.53399999141693));
#3902=CARTESIAN_POINT('',(-21.0976475730614,-2.59871348321454,-0.749999570846563));
#3903=CARTESIAN_POINT('',(-21.0976475730614,-2.59871348321454,-1.53399999141693));
#3904=CARTESIAN_POINT('',(-21.1807678253054,-3.23881125989961,-0.749999570846563));
#3905=CARTESIAN_POINT('Origin',(-21.1216247573571,-2.11771034143882,-1.53399999141693));
#3906=CARTESIAN_POINT('',(-21.1216247573571,-2.11771034143882,-0.749999570846563));
#3907=CARTESIAN_POINT('',(-21.1216247573571,-2.11771034143882,-1.53399999141693));
#3908=CARTESIAN_POINT('',(-21.0893021855362,-2.76612920515585,-0.749999570846563));
#3909=CARTESIAN_POINT('Origin',(-21.2308305278497,-1.64865488477068,-1.53399999141693));
#3910=CARTESIAN_POINT('',(-21.2308305278497,-1.64865488477068,-0.749999570846563));
#3911=CARTESIAN_POINT('',(-21.2308305278497,-1.64865488477068,-1.53399999141693));
#3912=CARTESIAN_POINT('',(-21.0865931937251,-2.26817625549334,-0.749999570846563));
#3913=CARTESIAN_POINT('Origin',(-21.4217788234429,-1.20652611769752,-1.53399999141693));
#3914=CARTESIAN_POINT('',(-21.4217788234429,-1.20652611769752,-0.749999570846563));
#3915=CARTESIAN_POINT('',(-21.4217788234429,-1.20652611769752,-1.53399999141693));
#3916=CARTESIAN_POINT('',(-21.1813154797103,-1.7633038640528,-0.749999570846563));
#3917=CARTESIAN_POINT('Origin',(-21.6883690372185,-0.805443047657774,-1.53399999141693));
#3918=CARTESIAN_POINT('',(-21.6883690372185,-0.805443047657774,-0.749999570846563));
#3919=CARTESIAN_POINT('',(-21.6883690372185,-0.805443047657774,-1.53399999141693));
#3920=CARTESIAN_POINT('',(-21.3776247707496,-1.272955574196,-0.749999570846563));
#3921=CARTESIAN_POINT('Origin',(-22.0220916286187,-0.458214013949201,-1.53399999141693));
#3922=CARTESIAN_POINT('',(-22.0220916286187,-0.458214013949201,-0.749999570846563));
#3923=CARTESIAN_POINT('',(-22.0220916286187,-0.458214013949201,-1.53399999141693));
#3924=CARTESIAN_POINT('',(-21.674128387091,-0.820260046298574,-0.749999570846563));
#3925=CARTESIAN_POINT('Origin',(-22.4122898116784,-0.175927179232405,-1.53399999141693));
#3926=CARTESIAN_POINT('',(-22.4122898116784,-0.175927179232405,-0.749999570846563));
#3927=CARTESIAN_POINT('',(-22.4122898116784,-0.175927179232405,-1.53399999141693));
#3928=CARTESIAN_POINT('',(-22.0632931968719,-0.428406954889212,-0.749999570846563));
#3929=CARTESIAN_POINT('Origin',(-22.8464983478265,0.0324027933923742,-1.53399999141693));
#3930=CARTESIAN_POINT('',(-22.8464983478265,0.0324027933923741,-0.749999570846563));
#3931=CARTESIAN_POINT('',(-22.8464983478265,0.0324027933923742,-1.53399999141693));
#3932=CARTESIAN_POINT('',(-22.5314404279981,-0.118759614411303,-0.749999570846563));
#3933=CARTESIAN_POINT('Origin',(-23.3108547702508,0.160122422203257,-1.53399999141693));
#3934=CARTESIAN_POINT('',(-23.3108547702508,0.160122422203257,-0.749999570846563));
#3935=CARTESIAN_POINT('',(-23.3108547702508,0.160122422203257,-1.53399999141693));
#3936=CARTESIAN_POINT('',(-23.0593762744982,0.0909541312517691,-0.749999570846563));
#3937=CARTESIAN_POINT('Origin',(-23.7905293002801,0.203153780922129,-1.53399999141693));
#3938=CARTESIAN_POINT('',(-23.7905293002801,0.203153780922129,-0.749999570846563));
#3939=CARTESIAN_POINT('',(-23.7905293002801,0.203153780922129,-1.53399999141693));
#3940=CARTESIAN_POINT('',(-23.6234898863128,0.188168759845076,-0.749999570846563));
#3941=CARTESIAN_POINT('Origin',(-24.2702014938073,0.160122422203256,-1.53399999141693));
#3942=CARTESIAN_POINT('',(-24.2702014938073,0.160122422203256,-0.749999570846563));
#3943=CARTESIAN_POINT('',(-24.2702014938073,0.160122422203256,-1.53399999141693));
#3944=CARTESIAN_POINT('',(-24.1974044527477,0.166653039632786,-0.749999570846563));
#3945=CARTESIAN_POINT('Origin',(-24.7345579162316,0.0324027933923736,-1.53399999141693));
#3946=CARTESIAN_POINT('',(-24.7345579162316,0.0324027933923736,-0.749999570846563));
#3947=CARTESIAN_POINT('',(-24.7345579162316,0.0324027933923736,-1.53399999141693));
#3948=CARTESIAN_POINT('',(-24.753858200772,0.0270943168463272,-0.749999570846563));
#3949=CARTESIAN_POINT('Origin',(-25.1687687888818,-0.175927179232405,-1.53399999141693));
#3950=CARTESIAN_POINT('',(-25.1687687888818,-0.175927179232405,-0.749999570846563));
#3951=CARTESIAN_POINT('',(-25.1687687888818,-0.175927179232405,-1.53399999141693));
#3952=CARTESIAN_POINT('',(-25.2667181468748,-0.222922287726023,-0.749999570846563));
#3953=CARTESIAN_POINT('Origin',(-25.5589646354394,-0.458214013949202,-1.53399999141693));
#3954=CARTESIAN_POINT('',(-25.5589646354394,-0.458214013949202,-0.749999570846563));
#3955=CARTESIAN_POINT('',(-25.5589646354394,-0.458214013949202,-1.53399999141693));
#3956=CARTESIAN_POINT('',(-25.7128659226849,-0.569553761972281,-0.749999570846563));
#3957=CARTESIAN_POINT('Origin',(-25.8926872268395,-0.805443047657774,-1.53399999141693));
#3958=CARTESIAN_POINT('',(-25.8926872268395,-0.805443047657774,-0.749999570846563));
#3959=CARTESIAN_POINT('',(-25.8926872268395,-0.805443047657774,-1.53399999141693));
#3960=CARTESIAN_POINT('',(-26.0737891726672,-0.993874563152861,-0.749999570846563));
#3961=CARTESIAN_POINT('Origin',(-26.1592797771172,-1.20652611769752,-1.53399999141693));
#3962=CARTESIAN_POINT('',(-26.1592797771172,-1.20652611769752,-0.749999570846563));
#3963=CARTESIAN_POINT('',(-26.1592797771172,-1.20652611769752,-1.53399999141693));
#3964=CARTESIAN_POINT('',(-26.3367260000906,-1.47349035133041,-0.749999570846563));
#3965=CARTESIAN_POINT('Origin',(-26.3502257362084,-1.64865488477068,-1.53399999141693));
#3966=CARTESIAN_POINT('',(-26.3502257362084,-1.64865488477068,-0.749999570846563));
#3967=CARTESIAN_POINT('',(-26.3502257362084,-1.64865488477068,-1.53399999141693));
#3968=CARTESIAN_POINT('',(-26.4952161776558,-1.98437523947005,-0.749999570846563));
#3969=CARTESIAN_POINT('Origin',(-26.459431506701,-2.11771034143882,-1.53399999141693));
#3970=CARTESIAN_POINT('',(-26.459431506701,-2.11771034143882,-0.749999570846563));
#3971=CARTESIAN_POINT('',(-26.459431506701,-2.11771034143882,-1.53399999141693));
#3972=CARTESIAN_POINT('',(-26.5490659555792,-2.50270398382741,-0.749999570846563));
#3973=CARTESIAN_POINT('Origin',(-26.4834086909966,-2.59871348321454,-1.53399999141693));
#3974=CARTESIAN_POINT('',(-26.4834086909966,-2.59871348321454,-0.749999570846563));
#3975=CARTESIAN_POINT('',(-26.4834086909966,-2.59871348321454,-1.53399999141693));
#3976=CARTESIAN_POINT('',(-26.5037426706697,-3.00663077604371,-0.749999570846563));
#3977=CARTESIAN_POINT('Origin',(-26.4213909164147,-3.07630394466238,-1.53399999141693));
#3978=CARTESIAN_POINT('',(-26.4213909164147,-3.07630394466238,-0.749999570846563));
#3979=CARTESIAN_POINT('',(-26.4213909164147,-3.07630394466238,-1.53399999141693));
#3980=CARTESIAN_POINT('',(-26.3692795514617,-3.47760649062352,-0.749999570846563));
#3981=CARTESIAN_POINT('Origin',(-26.2753572002129,-3.53523019023256,-1.53399999141693));
#3982=CARTESIAN_POINT('',(-26.1588713128325,-3.90129928953258,-0.749999570846563));
#3983=CARTESIAN_POINT('Origin',(-23.790528132029,-3.55081078924255,-0.749999570846563));
#3984=UNCERTAINTY_MEASURE_WITH_UNIT(LENGTH_MEASURE(0.01),#3988,
'DISTANCE_ACCURACY_VALUE',
'Maximum model space distance between geometric entities at asserted c
onnectivities');
#3985=UNCERTAINTY_MEASURE_WITH_UNIT(LENGTH_MEASURE(0.01),#3988,
'DISTANCE_ACCURACY_VALUE',
'Maximum model space distance between geometric entities at asserted c
onnectivities');
#3986=(
GEOMETRIC_REPRESENTATION_CONTEXT(3)
GLOBAL_UNCERTAINTY_ASSIGNED_CONTEXT((#3984))
GLOBAL_UNIT_ASSIGNED_CONTEXT((#3988,#3990,#3991))
REPRESENTATION_CONTEXT('','3D')
);
#3987=(
GEOMETRIC_REPRESENTATION_CONTEXT(3)
GLOBAL_UNCERTAINTY_ASSIGNED_CONTEXT((#3985))
GLOBAL_UNIT_ASSIGNED_CONTEXT((#3988,#3990,#3991))
REPRESENTATION_CONTEXT('','3D')
);
#3988=(
LENGTH_UNIT()
NAMED_UNIT(*)
SI_UNIT(.MILLI.,.METRE.)
);
#3989=(
LENGTH_UNIT()
NAMED_UNIT(*)
SI_UNIT($,.METRE.)
);
#3990=(
NAMED_UNIT(*)
PLANE_ANGLE_UNIT()
SI_UNIT($,.RADIAN.)
);
#3991=(
NAMED_UNIT(*)
SI_UNIT($,.STERADIAN.)
SOLID_ANGLE_UNIT()
);
#3992=SHAPE_DEFINITION_REPRESENTATION(#3993,#3994);
#3993=PRODUCT_DEFINITION_SHAPE('',$,#3996);
#3994=SHAPE_REPRESENTATION('',(#2520),#3986);
#3995=PRODUCT_DEFINITION_CONTEXT('part definition',#4000,'design');
#3996=PRODUCT_DEFINITION('LEDs_&_Button','LEDs_&_Button',#3997,#3995);
#3997=PRODUCT_DEFINITION_FORMATION('',$,#4002);
#3998=PRODUCT_RELATED_PRODUCT_CATEGORY('LEDs_&_Button','LEDs_&_Button',
(#4002));
#3999=APPLICATION_PROTOCOL_DEFINITION('international standard',
'automotive_design',2009,#4000);
#4000=APPLICATION_CONTEXT(
'Core Data for Automotive Mechanical Design Process');
#4001=PRODUCT_CONTEXT('part definition',#4000,'mechanical');
#4002=PRODUCT('LEDs_&_Button','LEDs_&_Button',$,(#4001));
#4003=PRESENTATION_STYLE_ASSIGNMENT((#4005));
#4004=PRESENTATION_STYLE_ASSIGNMENT((#4006));
#4005=SURFACE_STYLE_USAGE(.BOTH.,#4007);
#4006=SURFACE_STYLE_USAGE(.BOTH.,#4008);
#4007=SURFACE_SIDE_STYLE('',(#4009));
#4008=SURFACE_SIDE_STYLE('',(#4010));
#4009=SURFACE_STYLE_FILL_AREA(#4011);
#4010=SURFACE_STYLE_FILL_AREA(#4012);
#4011=FILL_AREA_STYLE('ABS (White)',(#4013));
#4012=FILL_AREA_STYLE('Acrylic (Clear)',(#4014));
#4013=FILL_AREA_STYLE_COLOUR('ABS (White)',#4015);
#4014=FILL_AREA_STYLE_COLOUR('Acrylic (Clear)',#4016);
#4015=COLOUR_RGB('ABS (White)',0.964705882352941,0.964705882352941,0.952941176470588);
#4016=COLOUR_RGB('Acrylic (Clear)',0.964705882352941,0.964705882352941,
0.952941176470588);
ENDSEC;
END-ISO-10303-21;
